pid,label
27085,0.0020121468823143993
30747,0.0010129521675217071
32932,0.004987676313928621
33635,0.03229149707607406
33955,0.08736178903787714
33978,0.0011254628443411034
35307,0.007864902844016837
35623,0.009993874668332224
36023,0.0015885277547255958
36331,0.0005657498941980131
37217,0.006419961205257509
37832,0.009253737570339315
38303,0.0015089799203587136
38546,0.001762159379768521
38682,0.004294288495279638
38683,0.0010431404140400305
38713,0.02083337758146586
38754,0.004268666682751051
38755,0.004230038275064929
38767,0.001122662027712878
38781,0.013978063221527294
38791,0.0002855806367438099
38828,0.000899360785667782
38829,0.0007809739604159887
38904,0.028695174297604296
38914,0.0034185526348314644
38945,0.005518635496686758
38948,0.0008493934460813967
39002,0.003193412693550201
39010,0.12042119629116096
39011,0.04129846488360292
39014,0.0019672632446871437
39015,0.0035979205127954134
39038,0.005358672583129622
39085,0.0014845249318701495
39106,0.011287533644867138
39110,0.008662027989577976
39113,0.04180491081288102
39116,0.029399979969355106
39147,0.1726812660185391
39148,0.01018741462431122
39158,0.030483666063824997
39205,0.001413831262510142
39234,0.0007582153241343109
39268,0.00035928351972349634
39272,0.048035201512002995
39275,0.0038880021557235298
39283,0.021114800777839265
39296,0.0012122416176667656
39306,0.0007883526679626285
39316,0.0038425959506191857
39327,0.000546902763576393
39341,0.00742891474411358
39345,0.0019811601901261826
39346,0.0005083772028894862
39363,0.0003126637265251689
39364,0.0055273781892140016
39366,0.0033876925525448444
39435,0.001111521205350041
39475,0.008196197186944669
39476,0.0020585273962980917
39479,0.010680191009617899
39482,0.0021395521324287575
39483,0.003141306227331753
39511,0.005594745304532088
39513,0.01791396802037004
39644,0.0010646773269174744
39649,0.0334868205984997
39651,0.013925603481702097
39674,0.022445721123236992
39685,0.015331196405720664
39718,0.013711528256759739
39730,0.01739627305721171
39731,0.0021285108562014592
39734,0.0011310175268992228
39769,0.022662042922268574
39770,0.014929869474992488
39778,0.0019878434251783938
39779,0.015137176285697947
39780,0.0003370168951531329
39798,0.08721988167785664
39819,0.001884882378085309
39898,0.0014766252664528614
40004,0.004407794357465189
40009,0.0005600602446429236
40044,0.0030985695304824924
40055,0.0009254661664048124
40082,0.008939885619156525
40083,0.005091204795081989
40100,0.007066548495146567
40101,0.0009336975850312852
40103,0.000559916463367066
40142,0.016542516642497396
40147,0.0035438798972518043
40148,0.0002565370516780135
40150,0.001042299748250799
40153,0.035208434074516855
40154,0.003875882448854436
40178,0.0027285974365946855
40190,0.019103712704890977
40193,0.0016480650601160694
40194,0.010038943258491655
40195,0.048592005023381596
40204,0.015926251490877126
40221,0.006073286894981668
40253,0.0016556040845429607
40317,0.0057489213115835235
40350,0.0024841063038925646
40407,0.07998058473578194
40467,0.000897547876804158
40472,0.007765936577118676
40473,0.002065226838924738
40476,0.0019507295452243472
40490,0.0005807105993736368
40497,0.008658895527836372
40579,0.005053623681932984
40580,0.0013956898382012244
40583,0.06719670905640072
40601,0.001178288475183229
40634,0.04472927344238783
40697,0.0007268579930547445
40718,0.00397374595978111
40722,0.005294179807207747
40731,0.051202602150949426
40736,0.0003383180335116382
40776,0.0012318539425987013
40809,0.000629291484813203
40843,0.07439813051185856
40845,0.033596653835831096
40856,0.013699556130431827
40857,0.019808988337907823
40869,0.002720345032685274
40947,0.0025225271684963394
40953,0.0020351705769792146
41007,0.02570909748450566
41088,0.09875570364336357
41105,4.863279157249182e-05
41148,0.0017254060723591758
41156,0.0006595438808108591
41174,0.002634975497181503
41223,0.0039512875114189995
41238,0.000359110433002366
41246,0.012852310866816355
41254,0.007414255944999292
41257,0.01781850012608114
41264,0.006222788933407669
41310,0.1059805856761546
41473,0.012142701710968656
41474,0.015044190887598827
41476,0.03853957071152816
41498,0.005352269245175363
41514,0.00465168020598284
41520,0.0025273697311672606
41522,0.0021645637994338117
41524,0.032026814920252875
41532,0.002240262706943358
41548,0.005351397678142
41558,0.0023177871918271436
41570,0.004906183733357206
41582,0.0017147189742629737
41634,0.0003271463546096064
41636,0.004968327613330098
41645,0.002354674655380069
41663,0.005619256586319054
41697,0.008758234351663475
41728,0.0038188047172503683
41742,0.0017362521856687475
41781,0.0005372726571009139
41829,0.03203064156286246
41854,0.012815579234891869
41924,0.0005663972527235533
41936,0.007458781369885727
41943,0.1303584391647601
41974,0.013139638585098652
41975,0.01161076546471717
41998,0.00843175833432265
42008,0.015080970734162603
42030,0.002433744868403581
42031,0.0019306798938794147
42053,0.011372995892489662
42066,0.0026703523153401034
42124,0.001221256509883688
42128,0.0012065606889394656
42129,0.001998374901994581
42142,0.0027902860119367306
42146,0.006259919371307157
42179,0.006810054417533545
42192,0.0015842631623157243
42231,0.0008319529103846704
42289,0.0040916453368296185
42314,0.00891376614903937
42323,0.0006143445800374617
42359,0.007107699837774204
42360,0.0005807118350303817
42362,0.16645654270380267
42369,0.019772349879405533
42378,0.001713539877297427
42403,0.004461092267406003
42413,0.0035547676612679834
42424,0.0009591597850468273
42437,0.0040963986730024205
42438,0.014037178301962501
42443,0.001119084809343461
42446,0.06348438917631212
42448,0.006069749188339201
42499,0.0010963404195962845
42509,0.011702945360176815
42556,0.007011516589667911
42613,0.005482073436050022
42631,0.0037766313961307084
42660,0.004758347231015729
42665,0.007790984449388926
42670,0.005859691565877108
42696,0.0046740826538294155
42721,0.0018673916730796163
42735,0.0012755299686482212
42747,0.015889248934659747
42749,0.0020820518892316724
42750,0.0012573289310599234
42759,0.029183866359892133
42793,0.007022339010014519
42798,0.00356249676939195
42799,0.21425046553095345
42806,0.002271223818290773
42812,0.0038412605982468596
42837,0.0005975885825127319
42876,0.02970814806838353
42953,0.007951412282748484
42955,0.0319582749732145
42956,0.0046980648717625416
42957,0.002722643253323188
42968,0.021385083597084804
43014,0.0010463595266198584
43052,0.001707021995554455
43061,0.0054834615440723135
43065,0.012011765411458725
43103,0.0010589736443533514
43109,0.0033435832231247836
43122,0.0003155292623387879
43138,0.06986159253473447
43146,0.004154997097546486
43149,0.0003567041230297803
43151,0.00022770724761532137
43153,0.00563992359781616
43158,0.011797208912183233
43188,0.0027531867662634124
43199,0.001496149891618831
43201,0.007224423728667829
43213,0.0008759627533574028
43240,0.0018421502956415515
43248,0.0029149763223830917
43276,0.019449351298466932
43284,0.002476522191698877
43315,0.0036437246911413604
43384,0.0032415954712502527
43388,0.005410146226217933
43396,0.01136384167716358
43413,0.0034367819886643564
43463,0.0010595508866715598
43501,0.2735836588916962
43539,0.027829635906196196
43556,0.007438843820948465
43559,0.001986310918326128
43562,0.004616016754634136
43563,0.004592110824155836
43569,0.005050392087094211
43570,0.0006645468725815868
43571,0.0007354704501953634
43575,0.004559704662687831
43580,0.005685978682673585
43587,0.0008268766159123438
43593,0.007233500564037103
43602,0.01872957784947979
43605,0.010942988294459813
43612,0.0075616254191398155
43622,0.0028792169007837566
43629,0.00040721552454244024
43652,0.0005236565928325429
43661,0.0224686663006965
43664,0.003484800274546674
43715,0.015840746338778047
43736,0.015998791611112142
43746,0.014859637576683037
43771,0.07170664358081372
43774,0.011658760940204687
43818,0.0010008966156115516
43822,0.011398614364491789
43837,0.007972195887400649
43851,0.0017289085975456446
43871,0.005920794718217558
43872,0.02429671791569869
43874,0.026637347143754313
43986,0.0006071720629444343
43991,0.002028025944436131
44022,0.010882802763144706
44024,0.0178285332485005
44032,0.0020852921479409805
44033,0.010392415992899834
44043,0.0024190249739954087
44059,0.0027699551583588405
44156,0.001326834903385458
44195,0.002303011201171097
44197,0.001998951185824
44198,0.00013478545135625367
44202,0.002605619127384158
44203,0.0005170209262847968
44211,0.0029918336573322144
44212,0.11399370429346811
44214,0.004196102739106168
44215,6.702661746405911e-05
44216,0.0762924686682923
44218,0.004100115649385737
44219,0.010506472387390896
44222,0.009816545471441101
44288,0.027652858863308354
44294,0.0029651437154265903
44306,0.008694607063702361
44310,0.0015353035285622927
44311,0.06690747462830231
44312,0.005309722087406302
44314,0.0005663090360588749
44324,0.07482934956673316
44325,0.010096800811153366
44326,0.0014590647510126574
44327,0.005153145827626061
44330,0.005675766208326518
44332,0.0013507807185118954
44338,0.021413893917786232
44344,0.00916028086489633
44345,0.009038059628507839
44347,0.000659106185266483
44348,0.002210720815795899
44350,0.005990847815107809
44412,0.0495518086026872
44417,0.016968688586311155
44418,0.03147123777913458
44419,0.009771315201901117
44420,0.0718485338302143
44421,0.0005327352744851272
44423,0.003330316214382091
44510,0.005423115403289521
44511,0.003666386257934987
44513,0.0059376615862380125
44517,0.007809984276285701
44541,0.13770670637864715
44542,0.02440160377411146
44545,0.09042645351004312
44546,0.005429489447392868
44613,0.004868499599209276
44624,0.021587399370223623
44628,0.005163702971039144
44658,0.001056223291008519
44685,0.0015803827275165337
44693,0.03210575868727337
44694,0.0014291294791732836
44696,0.006822427527329979
44701,0.028339691998413262
44703,0.015252999875755754
44704,0.0029899985765320623
44705,0.0007153813704512153
44706,0.0021298413292744353
44708,0.0013904432955328613
44709,0.005677451430064081
44710,0.028041376645681737
44711,0.004891134686056037
44716,0.03710423577751617
44717,0.005475733778994472
44719,0.015740930410122252
44721,0.0005959278482428236
44722,0.2620779015195339
44747,0.0002757826117027925
44749,0.04939782955963449
44751,0.00105638403815191
44754,0.013055533894358349
44755,0.025007893406701866
44756,0.025380773947171472
44757,0.009737367388061469
44784,0.0026578681381207686
44786,0.0038582577586111044
44791,0.029099011962937682
44792,0.012242397633638236
44794,0.0010874312265236258
44796,0.06619585653118028
44797,0.002845829639831376
44799,0.44094664953280815
44819,0.00048509457276093735
44827,0.01279246863725914
44828,0.0007222466018773175
44845,0.1394423094310201
44846,0.07640770298391246
44848,0.002165596693999686
44849,0.04418515348401685
44859,0.16447773298256396
44861,0.04350505440650562
44862,0.02704008218401078
44864,0.011295050713257931
44865,0.45341405798398443
44913,0.005435923663786604
44920,0.0006692671103232179
44922,0.002694800415778731
44937,0.020820979889738713
44940,0.0037460779320732124
44941,0.001262230494859495
44943,0.012163597757280853
44944,0.003755979195030495
44947,0.0008363216344876463
44948,0.0026483373940761707
44957,0.0065329223992046225
45017,0.00863925769066148
45021,0.0024369248663787856
45028,0.04492865330160247
45032,0.002850460973482558
45034,0.002233480292325574
45062,0.005651498832079728
45063,0.02190786223078347
45066,0.026299529350450226
45067,0.007021333522807189
45068,0.009980804857520047
45080,0.023762283721951535
45081,0.01737098269654005
45082,0.0037245938789422814
45084,0.0033287708882350346
45086,0.006793623187379864
45089,0.08832156452121809
45090,0.004744167478666738
45105,0.00424833553575366
45146,0.0028338709996288346
45147,0.001691718904281191
45181,0.04149812104702043
45184,0.004655666596787653
45187,0.3600186369717112
45190,0.9618269908816224
45227,0.0005075146031344489
45232,0.0010276007535429772
45240,0.0038256660979769765
45251,0.00023542322403063713
45252,0.02367909420045524
45253,0.0049000296688120485
45254,0.007196037432386904
45262,0.01937333725046494
45264,0.03848815907154894
45266,0.0032990968740194736
45267,0.0011901180127291161
45268,0.007268341946603859
45272,0.005305802627351696
45279,0.0006001451353384003
45286,0.008141124750576064
45289,0.001101463550265133
45304,0.004261371958175148
45305,0.004301259737398449
45309,0.048441366964677754
45310,0.007778044815351829
45311,0.04393407923157919
45312,0.006991996878088571
45314,0.019802540327603327
45343,0.005049482062528308
45345,0.0015524988535831018
45347,0.0014093288292662287
45352,0.05805014104834271
45354,0.001315044939419687
45359,0.0011160043004895277
45389,0.0015115363909443307
45394,0.3697908735490394
45452,0.002381211530022115
45455,0.011742678867871557
45459,0.0012121036009142092
45461,0.0053163002222974985
45463,0.001049461559321871
45472,0.008914290666156503
45475,0.0034699349105368114
45476,0.0009803985720106872
45477,0.010698316827836873
45478,0.0004588602971332133
45479,0.0030252753682846263
45480,0.0013685659149370749
45481,0.0015153980305966533
45482,0.0010173161004599324
45492,0.0012637771228890143
45520,0.0016048460430972543
45524,0.0021456215978013556
45526,0.0010048095566112037
45528,0.0018097676175088601
45530,0.002643410761238474
45531,0.0022303511279170418
45532,0.0007106457806336858
45533,0.003446512989542225
45534,0.0014580171387434306
45535,0.016062481542809773
45538,0.0001853641363983439
45539,0.001088659783952219
45542,0.07991888497206295
45562,0.007046768961461911
45566,0.002244319542291203
45568,0.0046814086630481465
45571,0.0025271749356104564
45572,0.18401012910671175
45589,0.0036649651602890425
45619,0.10198342610360547
45629,0.006982755223377391
45642,0.01745212354582083
45644,0.00013914963430611204
45645,0.00599395322820695
45646,0.0008204365177236788
45647,0.01327865252001182
45648,0.0015424617707273539
45692,0.00215054421758278
45693,0.4540795126984799
45695,0.008053310725846977
45696,0.0007650222695824765
45699,0.007592251212676702
45700,0.001654254391308354
45705,0.006331171663166945
45731,0.10797360045856909
45734,0.03329763733949263
45736,0.021042419144875084
45744,0.006144934436036698
45745,0.014998196414601562
45746,0.002470148224443054
45811,0.0015361955914929928
45814,0.0011960850454651208
45815,0.004687694788955025
45817,0.0013639423072785144
45818,0.00820425088474376
45825,0.013241682070716495
45828,0.005935342417950483
45830,0.0024937960416516725
45833,0.016490261128294742
45834,0.0013233386639762328
45835,0.006763476593003294
45838,0.002630470854821861
45841,0.0007102570958757062
45843,0.0008245416373987584
45850,0.0002531080974617917
45853,0.005646144713314301
45854,0.002670151723730563
45864,0.024661884543117227
45896,0.02418068406699792
45906,0.0036674597596764464
45909,0.008395247477858324
45911,0.07668857009485401
45912,0.003125741715934479
45914,0.01868425815485059
45915,0.009752632516622114
45916,0.005773172438004499
45925,0.007765410559861133
45930,0.006564789279588678
45934,0.0028974620858618952
45936,0.014887679772676575
45937,0.0006311168092942432
45951,0.004344953763733481
45994,0.0030236882268460906
46004,0.03454300758640555
46006,0.0009136430696356885
46010,0.007382223089709618
46023,0.004543330861650259
46050,0.011029772929125149
46052,0.006780296909199455
46055,0.0042644824555635305
46089,0.10977244964754061
46092,0.016280111132841574
46138,0.008478617907235248
46142,0.005774010293672159
46146,0.002240458495647711
46150,0.19177906563959504
46151,0.003483672704410069
46153,0.013774764702053674
46154,0.0028667716060298714
46158,0.028793731205343787
46159,0.0040443931521214095
46161,0.004628430198200354
46163,0.0023918116402307263
46166,0.0012047841850704605
46168,0.004676878697255054
46170,0.0025760924213053286
46172,0.005336231155008293
46178,0.004321007596417504
46179,0.010830327214682647
46261,0.030673803093149273
46263,0.016373412333368215
46265,0.003933454402428972
46267,0.006849770935243784
46268,0.012229652135282994
46269,0.004445962427671728
46270,0.06706031551872124
46272,0.08839900017746004
46273,0.004619728865277065
46276,0.029628542448719854
46289,0.0024376348744901423
46292,0.011107207938726216
46294,0.009761238808689312
46309,0.042279908538266374
46316,0.021850140214115424
46348,0.007226507436373734
46349,0.0034638089964399497
46352,0.017262374668943307
46354,0.012738014945963903
46356,0.041382137864911454
46357,0.02373879077667336
46358,0.0300048775539002
46362,0.03313347412831822
46374,0.001664223082432633
46376,0.003122332438651419
46382,0.0023779477814493332
46400,0.043601963190460974
46403,0.004729008039460535
46423,0.001734720743523295
46427,0.07297528423483843
46431,0.013848370339337012
46500,0.0027883905479758006
46504,0.09598292910490312
46507,0.0018491029467748877
46509,0.03057462382217084
46552,0.011795177590678023
46558,0.017223706607934892
46564,0.0010296924958073158
46567,0.046832325607389536
46568,0.0035711536405119786
46569,0.020208270140470615
46573,0.005145178587435451
46583,0.004928995994995464
46593,0.07730521155164467
46595,0.2800153930947833
46596,0.0037676004859108626
46598,0.002261789853800147
46599,0.023205522887444954
46600,0.09339373925831534
46645,0.0005892094124750696
46648,0.0042485631318039604
46651,0.007047055712748805
46652,0.007374871227941233
46654,0.0031242121690040277
46655,0.004688725032083249
46713,0.0027294636506313887
46714,0.010864745041979052
46718,0.023920833915295384
46769,0.0046269739850107365
46770,0.0024003703981178215
46772,0.0005962205272918704
46787,0.09415986984786599
46789,0.0002579873460978807
46793,0.0097606141560846
46810,0.0014142262792024127
46814,0.0012893333298721983
46815,0.001080017021555241
46816,0.002555468965344784
46832,0.0163999133265847
46843,0.0025225320874493347
46844,0.01030311147944573
46888,0.0013202649741623374
46912,0.009493046958181463
46913,0.001772639570065641
46914,0.003802435312113767
46916,0.018458444163715698
46918,0.005794146327656883
46923,0.007318251059040166
46973,0.0005417847764848779
46975,0.003969151788454994
46982,0.006554145719031553
46985,0.02329078556434188
46987,0.007664941121146597
46995,0.005098270214059424
46998,0.0053004065149802075
47006,0.0038256413496010567
47010,0.0034507488346171055
47011,0.012878161162779513
47012,0.33098278658651537
47013,0.0032298221829410896
47026,0.0012198282062490593
47052,0.1760246169020472
47057,0.015429791399873057
47058,0.2517508741341452
47060,0.005417470308582577
47061,0.0009128907331035812
47099,0.02480895282819894
47100,0.1226223321093478
47101,0.0005292941305321736
47102,0.0018260118766633502
47104,0.13024960456006224
47106,0.10065402324711946
47176,0.0024546259006509295
47187,0.003044927699461551
47188,0.0007592655763325985
47189,0.00043007524481016946
47191,0.016538234327018654
47192,0.06765241705847505
47194,0.20216887508688394
47195,0.004511683687845084
47196,0.046265657538941615
47198,0.0012120520277952482
47201,0.003432966391260786
47202,0.001067924640905177
47204,0.10605782949433203
47205,0.0009000429414910135
47207,0.00150253367655294
47210,0.001988739606865821
47212,0.005783076183801986
47219,0.004474047495600771
47220,0.005671581465470803
47223,0.0010098686703769514
47224,0.006733783064336625
47228,0.0018625771840847015
47235,0.007712348769456308
47237,0.07365385006896348
47238,0.00020621212676906884
47239,0.011620676377156327
47294,0.01646295525492469
47299,0.01123658608494526
47324,0.0002245686170947912
47326,0.023869624817821525
47329,0.11230574462319724
47330,0.008622646192181947
47331,0.0017311915987295145
47357,0.4433379445239586
47404,0.00030213366294666
47405,0.009557686453709689
47407,0.00953688118977444
47408,0.001522513588166397
47421,0.02502760209462445
47422,0.024382774609719896
47424,0.0035446909957092473
47425,0.029253597049328013
47427,0.005582245910317234
47428,0.00521953479898414
47430,0.07554880320889006
47484,0.002131587283155421
47485,0.004034787600627
47491,0.0047908897886582555
47494,0.0034102800502900303
47506,0.5454306175580521
47507,0.008344855602759512
47508,0.00427325990549445
47510,0.053693733058198974
47515,0.012867431046899268
47549,0.007014966448027533
47550,0.0017014097741109525
47566,0.040057819686946994
47568,0.00043943294043417077
47578,0.004768057128232656
47580,0.16618928612442552
47581,0.04093534666424907
47585,0.0012674637555273693
47590,0.0022344929448685187
47592,0.0004237950720336582
47593,0.0002474962921574118
47600,0.0034402617329544823
47601,0.011289140308017047
47609,0.0023777727505149815
47637,0.017200165865332198
47639,0.28586311748373794
47640,0.016287532983095453
47641,0.1061710275220866
47671,0.015189565586502285
47672,0.1463192839414612
47674,0.07846983238803917
47675,0.0025278231279303744
47676,0.008049355606054727
47678,0.0009389775852919407
47679,0.004474713193061072
47689,0.021060110851688844
47690,0.003865987845852486
47751,0.005566272948010039
47769,0.0018961518416374928
47771,0.004163159737801341
47772,0.002196173528397136
47773,0.006363041670673349
47774,0.04420060061478786
47778,0.002490232870082987
47780,0.0003517922349608209
47781,0.005856865019554218
47782,0.02286473966072022
47827,0.0026740198138608755
47843,0.012110097335516991
47889,0.00880446385031929
47891,0.01945929662559337
47892,0.018112926121153408
47898,0.025208298563975797
47899,0.005619610203929307
47901,0.0035870019917234645
47902,0.09010105056210091
47904,0.03038502580438208
47905,0.002743746865254807
47909,0.17394435822425647
47911,0.0010942985872802295
47913,0.0012425884850828727
47914,0.013909223006404339
47918,0.17199484136918947
47972,0.005191160968358368
47974,0.003185020616090264
47976,0.0011449505169937337
47979,0.011880506880594716
47980,0.014991162792504734
47984,0.006307588470273205
47996,0.3218723418165103
47997,0.16314312757125007
47998,0.0417603735898963
47999,0.026807321761293402
48002,0.002970742181713592
48003,0.0028525501155331513
48004,0.0032602947812704333
48032,0.009449104130275254
48036,0.0038447225257186583
48044,0.007757329812346941
48051,0.0020570275308442617
48075,0.05311909744553352
48080,0.018301965591404325
48083,0.013526019335383251
48087,0.010061235148806094
48088,0.002587258334450417
48091,0.003743025644161607
48097,0.03210960163932546
48098,0.0051112612786395895
48099,0.0021470467913270834
48114,0.029327286049277104
48120,0.040870677319041426
48123,0.08623418954222302
48125,0.00401442566167608
48145,0.019424237506057356
48147,0.004894517242211295
48150,0.0008536616936784033
48153,0.0002676371804750077
48159,0.003047236178173456
48164,0.003059430172918398
48168,0.0029263058996859908
48170,0.007301845293833224
48171,0.0024802295922285943
48176,0.0019252105789683974
48177,0.1718862013142863
48178,0.0018609042127256336
48179,0.00488545914130767
48182,0.010745636302450404
48183,0.04312681404255766
48184,0.07308413131572315
48186,0.012742699972522477
48187,0.07492139287086538
48212,0.04619063756087567
48215,0.4615729998895238
48217,0.009813910064777102
48218,0.06082993499407986
48219,0.27129705703791
48260,0.00649909509260754
48263,0.002339720634475702
48280,0.0005459017554334017
48285,0.007060993523028684
48287,0.0026972534559947716
48289,0.001597729317802758
48295,0.018812044105037777
48297,0.0007700193551388921
48298,0.003456596092339584
48318,0.024732760792871754
48368,0.27532953578672953
48372,0.04390823657364229
48376,0.003150463924546714
48377,0.005070577495633829
48379,0.005224606735592234
48402,0.001288603277112038
48427,0.0509797868656374
48432,0.03814966021713903
48433,0.29081557190816776
48434,0.02767323157926069
48446,0.0014490831193465562
48454,0.008548768103512728
48475,0.003214624264427547
48486,0.0051933677516862444
48489,0.036488673573983256
48492,0.004653207190592595
48494,0.003483859293073556
48495,0.007110228362792733
48510,0.007885847239253512
48515,0.037343168426300304
48517,0.008170715455465175
48524,0.08532041708874556
48538,0.029042508764745827
48571,0.00040024829777769337
48575,0.0017869501453204157
48576,0.0029382427864794833
48580,0.0017133813584138966
48597,0.0008011071011263555
48612,0.0020325652163886883
48616,0.00158483803936258
48618,0.017061538510781026
48619,0.0017262052529943889
48621,0.0017823638519247407
48658,0.0009810822022102757
48685,0.003922834901064327
48728,0.259807309759295
48732,0.10392207228885157
48738,0.0011861605787942017
48741,0.002291745318469202
48742,0.0007250304085812538
48743,0.019566796036569065
48748,0.0011545647684852568
48762,0.0018710002511038806
48763,0.14315808762423868
48778,0.013690918705202974
48780,0.001146272577065475
48787,0.012997893510627818
48809,0.0019629179908097682
48812,0.01070415505476584
48815,0.006067413037604769
48816,0.018246044094061734
48817,0.022517351710832963
48819,0.19314314801725857
48821,0.014822949585026965
48824,0.01948010871661791
48832,0.0009472109688807352
48838,0.029558273547641505
48839,0.003553798831884211
48845,0.003138860266633706
48846,0.001065499273842964
48904,0.014998151977284317
48911,0.0008119558992614499
48912,0.0014322037333612658
48914,0.002642053839923245
48917,0.028094094118036803
48918,0.002433560989331168
48923,0.17064169106834504
48924,0.011720072889489628
48926,0.012809693708299987
48927,0.04015067295642754
48929,0.000923240333504131
48952,0.003127109577815077
48953,0.009730180159931852
48954,0.012255710886605434
48955,0.0752906940187573
48956,0.005608680472517954
48957,0.00567488389020141
48967,0.0017607573043828463
49007,0.0019255013802909316
49010,0.011169575755523808
49012,0.007129387151932767
49014,0.013247623422355196
49015,0.0037450461062436126
49016,0.0015104966447770443
49019,0.06008678550982885
49024,0.002181391426574376
49025,0.0029486780741299606
49028,0.004236160669819158
49036,0.001615259745223469
49037,0.008497548524458163
49039,0.004613383227962837
49040,0.008157437882818206
49044,0.005453481909141
49147,0.020117822629114924
49178,0.0075683275789992415
49181,0.0550171589334066
49182,0.018249119485854094
49183,0.0001449366187769215
49184,0.139700859378983
49186,0.05189010079809232
49188,0.013957827315476507
49192,0.005454193398301175
49193,0.004550009211239478
49194,0.010205035472115556
49216,0.06469966106081512
49218,0.001187821998416203
49236,0.003616199094169809
49244,8.314194333229992e-05
49245,0.014162596605401796
49246,0.008001059289605683
49250,0.004181003630516841
49262,0.0039868057485075905
49265,0.002032528713840402
49267,0.002976423464134984
49268,0.041268824588518264
49270,0.003663520764503554
49271,0.0016213577304519508
49273,0.049252218790319456
49276,0.010784240112731228
49277,0.04559277570865997
49278,0.0008977543328428324
49279,0.03782247919928641
49281,0.054919116895288424
49287,0.001080438700292988
49373,0.040762536911280886
49374,0.013744308575320923
49375,0.002624664276427374
49376,0.009826951130573944
49378,0.002327267608668291
49379,0.11554146991751649
49404,0.01824226008565832
49405,0.0074719753940074
49446,0.00048182523807803636
49449,0.03591101164155599
49450,0.0024282363400516525
49451,0.0037257666240507747
49452,0.007029477580305348
49454,0.0018219358971690571
49455,0.0015382629680803527
49466,0.0005166453994025348
49469,0.01372881070647834
49473,0.0005503634320159782
49474,0.0013707553281551892
49475,0.0031645274919903546
49476,0.01155539160681323
49477,0.0023659948800162155
49478,0.030993399215230814
49480,0.025910443321109474
49481,0.005993875808378124
49482,0.030476710044125586
49484,0.006570178266678635
49511,0.0017323757935534872
49529,0.008358432421659612
49540,0.017324888571223038
49544,0.03157710365531004
49545,0.01687152433373597
49546,0.0028109091971612946
49547,0.0021787879323136006
49548,0.001872823376849554
49558,0.01752713419767417
49587,0.0008304632715181198
49588,0.001128301800315661
49591,0.2413680349670196
49641,0.003716453793269811
49644,0.0011564916036408347
49654,0.0036659717778603253
49670,0.0025638879383061038
49674,0.0007260648030970205
49675,0.00029634321287761535
49676,0.0026761619585923403
49679,0.008450508289131292
49686,0.030281798798184597
50173,0.008660684817835423
50178,0.0025458336266622637
50179,0.006929002538466544
50182,0.06138387306347544
50187,0.040094053829705704
50189,0.013481970512543805
50190,0.0071293462052159
50191,0.005924797868446319
50192,0.03488765253083039
50194,0.018476197748055076
50195,0.0012639915526864438
50199,0.004336512336900355
50200,0.010956423369171644
50201,0.00926908526711852
50205,0.0031678717191492125
50206,0.005359434257915347
50207,0.0043673254383388115
50208,0.006732115966574607
50211,0.006636540507380943
50212,0.0026517084297655244
50217,0.014678482364221208
50220,0.0120953978674467
50225,0.0440955891345052
50226,0.014341934297175854
50227,0.03983779871166833
50228,0.0019585506949045144
50229,0.00443258014961749
50230,0.01719945767703782
50232,0.0031733536017041247
50233,0.0015898287820524804
50234,0.09750740877255916
50235,0.024373352223143137
50237,0.24273172489575043
50239,0.046243428111996276
50242,0.00462255894509951
50244,0.004036052162772948
50245,0.008966815397462783
50247,0.00034694559586529914
50248,0.006097377855514883
50249,0.002254524876864433
50250,0.016070011218902756
50252,0.0021347294772490863
50253,0.29572828681680263
50254,0.042642911983241
50259,0.024982873855891603
50264,0.012421816935915993
50266,0.0036870108589227373
50267,0.002131725282157464
50270,0.00511779379209033
50274,0.008709485912924727
50276,0.1707287742001668
50277,0.020889524400232697
50286,0.002246954084489192
50288,0.0024492409518347778
50290,0.02015140008888929
50296,0.002205148419002957
50303,0.0017127326909505925
50307,0.0009134960954773649
50312,0.002754451328704524
50313,0.0006378380012855429
50316,0.00818915104458695
50318,0.0010480174050291925
50319,0.0035156421177834655
50320,0.00148965249281107
50324,0.015985637258263515
50325,0.0017349916192851687
50326,0.00494484540912706
50327,0.004836574292069018
50334,0.0020128025815029744
50339,0.00535637875161271
50342,0.001243452366406168
50343,0.08730619018737801
50344,0.05627133608587126
50352,0.021170466634382407
50353,0.0028924744352518262
50355,0.03015625547194417
50358,0.2647092124482802
50366,0.10776824407745131
50367,0.0051290317548725
50368,0.0007267694025688404
50371,0.0024800077026654373
50372,0.008799201205263141
50373,0.07889779607021376
50374,0.2939963438268242
50375,0.005210152427506737
50377,0.13635225454359723
50379,0.026617093098478845
50382,0.003647453721997016
50388,0.013903531715248548
50390,0.014070273918315387
50396,0.12131206402424768
50399,0.020672855431780754
50400,0.005937579983385339
50402,0.003812125201478187
50409,0.04772568197605733
50412,0.019979439115817097
50413,0.013996913490211486
50414,0.0013475611664470746
50416,0.009120989133565193
50417,0.005291039275749408
50422,0.1203777149735692
50423,0.00781103817683782
50425,0.005037285406945319
50427,0.005597304124409005
50428,0.0036753499836132005
50433,0.0010487883882923203
50434,0.005889672939144016
50436,0.0013748898156449832
50437,0.005560222210643783
50440,0.005693786663776948
50442,0.006357941263911408
50445,0.003980706926347905
50446,0.011750912620215447
50447,0.0018087528716592526
50448,0.005754162084216603
50451,0.0063486570085457585
50452,0.00248599351959459
50453,0.007951714463177509
50455,0.03204349691033619
50459,0.44579915574642187
50462,0.008935197553824163
50465,0.013638756746965259
50466,0.010747026501626743
50468,0.01027534621744176
50470,0.46503221648087234
50473,0.0034609202621299845
50474,0.08977592908010894
50475,0.007987578208490496
50476,0.05529346402583613
50479,0.001495488920375447
50481,0.017378227545037345
50483,0.012898727306788978
50484,0.16252705192734337
50485,0.006041617778771698
50487,0.0024883569651439723
50489,0.01135072543320954
50494,0.00816944201098701
50495,0.02346486506714502
50497,0.001324080007948074
50498,0.3239453856891183
50500,0.0078308300730586
50501,0.0014904861639418604
50505,0.002980936879236023
50507,0.006111353532378588
50509,0.0007550370267819655
50510,0.010142244914775765
50511,0.03744073172150128
50512,0.12485132615397444
50513,0.002461152355842068
50515,0.024422985127276947
50518,0.0037781724224716477
50520,0.08259896301214381
50521,0.03171444738833946
50522,0.004815123639261026
50526,0.01896265975218124
50529,0.0018503677845900426
50530,0.030567137661785565
50534,0.011103847653430175
50538,0.02009416270966322
50540,0.0034320454369999084
50543,0.002550154779108479
50550,0.02604475256904198
50552,0.004006483914975363
50553,0.05362344510434986
50557,0.2010538111627606
50560,0.01835152519488438
50566,0.07444751651743428
50567,0.03060547657848863
50571,0.035596983393167365
50572,0.044757542912858064
50573,0.0034386445795829587
50576,0.00973130314183149
50577,0.1040953228434133
50580,0.026328042839330285
50581,0.007215988501632116
50584,0.016206358678529462
50585,0.004182296925636336
50586,0.18534628473272557
50587,0.03440307978876905
50588,0.008270440669669992
50589,0.10893492510987272
50590,0.027442038781009755
50593,0.048608459802235444
50595,0.0019314157554333087
50596,0.06621009951463153
50597,0.037831109761302995
50598,0.0023287534131965376
50600,0.0023958057557611386
50605,0.5880128512387129
50609,0.0937421879255513
50611,0.005290980750888818
50613,0.001637865273272966
50614,0.04694185105491167
50616,0.021162651724313353
50617,0.010586538048079294
50619,0.08322850587092678
50621,0.011124004763802263
50623,0.006237215270066333
50624,0.02322114386005337
50626,0.0008010243877316066
50631,0.09496957778629402
50632,0.0017490207385251364
50633,0.0042035200886717285
50639,0.06926662268446435
50642,0.0015617784423719407
50646,0.007999801327311786
50648,0.033303977107797464
50655,0.005683120738657506
50656,0.0015418659897904685
50657,0.018615641849405562
50660,0.0017760527246998383
50661,0.003156095598193587
50663,0.03362408317960521
50664,0.0032311753768971426
50671,0.006529941739816506
50673,0.0008765598736296411
50677,0.0070738684450033385
50679,0.010236562810002297
50680,0.0012994719917516315
50682,0.0371240209985983
50683,0.01081081883690217
50684,0.007531595948368439
50685,0.04981468188211697
50686,0.025473435851984378
50689,0.04932720236076353
50692,0.0021094637326785023
50700,0.002635605025785506
50702,0.004038781131238882
50704,0.40544753219009116
50705,0.011708914956018645
50709,0.007894310545459077
50718,0.0007218323812889131
50719,0.007471154113416765
50722,0.001414916328403789
50723,0.0048025116060008465
50724,0.005140202062746862
50727,0.3250492401563381
50728,0.010778983814753333
50729,0.15259095196123218
50733,0.019818123347510354
50748,0.00406221716087162
50749,0.005178279210753
50753,0.0027469440110446143
50754,0.024479377885543312
50763,0.0008105423390852793
50765,0.04505557965202256
50768,0.08355179939538633
50770,0.0025828825007690884
50773,0.005135923878674404
50779,0.005093832561774166
50780,0.0018976956559124075
50781,0.0005810769786896089
50783,0.005899730889055707
50784,0.0015081185860065856
50786,0.00048027127801109076
50788,0.00030378441350819647
50794,0.19469495876191004
50795,0.015947297888599284
50796,0.024648761563222155
50798,0.04966355235091557
50799,0.016630927712337394
50801,0.024714098285135763
50803,0.010511684909415831
50804,0.0018522623800984667
50808,0.0021197878509389705
50812,0.0010555850066725043
50813,0.005489216984224809
50815,0.0006912710542300875
50816,0.007191374512977914
50817,0.030878707899910984
50818,0.6602717072737588
50821,0.028248933583913255
50823,0.0060495284338738875
50825,0.007826654890150036
50827,0.028255637047017758
50829,0.0011279019639873025
50830,0.018954345732621312
50831,0.014994677726134484
50833,0.004917004523066971
50834,0.009588631542183363
50836,0.019881496196599933
50838,0.0018720473681892876
50839,0.0023290632771255006
50843,0.02245830952586241
50852,0.009679025102892144
50855,0.01991635048054812
50860,0.21063379364490775
50866,0.0031824545722077564
50869,0.2506054642155201
50871,0.0026502938556009375
50873,0.25442989253804216
50875,0.012891743822699238
50879,0.012311396044152384
50880,0.0032361483794834875
50885,0.015742445688961736
50886,0.4256886079222419
50888,0.0037130839058093
50890,0.003916147979288736
50891,0.0007585683649340034
50893,0.010394886892958538
50897,0.009941331589432159
50899,0.010634765452009028
50900,0.004674467840876474
50901,0.007418114648806544
50902,0.017164662948463368
50904,0.0024427939516878366
50905,0.0017468364039700467
50906,0.059438571463878535
50907,0.050330193426216176
50908,0.042051438792444606
50911,0.01410379572291442
50913,0.041084048703260226
50917,0.0020184184760632137
50918,0.05475739130737111
50923,0.0005405404065081668
50924,0.05101550694493532
50925,0.026232801833358476
50928,0.0039061083687801953
50933,0.08962407316149605
50934,0.04572006918911035
50935,0.004872713752032506
50937,0.22120495563456677
50938,0.03503228834957387
50940,0.00587004833585308
50943,0.02677841318199997
50944,0.004582748523947066
50945,0.0054212212923169635
50946,0.027729147633225447
50948,0.23136650104120937
50956,0.0031656408465791457
50957,0.012832247105514737
50960,0.005194219250063215
50966,0.003417997003184971
50970,0.044958020142014436
50980,0.01724261205989928
50987,0.02739306121038773
50988,0.002859144338104933
50989,0.0249087218614612
50990,0.00042943032209091087
50991,0.006381754434534367
50992,0.0030063536915709527
50993,0.008251150708353146
50994,0.008884664010357875
51000,0.0034331419474187205
51002,0.016984497048378164
51003,0.011325549159638659
51012,0.005873285114797705
51021,0.006143024473896006
51022,0.08664913983332877
51023,0.00390421597123772
51024,0.005586820874060227
51031,0.0008055992003974909
51033,0.015024517919030514
51035,0.007436323753491608
51036,0.0016749532376379933
51039,0.06335901642081875
51041,0.041408981882504275
51042,0.043312026690402204
51043,0.004159389753934017
51044,0.004708083440270709
51047,0.007687722010638688
51048,0.01655193903907046
51050,0.17714557508503626
51053,0.007419770958589629
51054,0.22638503010671596
51056,0.0048207105731178194
51058,0.005525330540637048
51061,0.007080766046519302
51063,0.002208902577185931
51065,0.0010178673828764803
51067,0.03995248268088697
51069,0.15576013103351588
51070,0.0021254004564472146
51072,0.008871772198014374
51075,0.1098281770923489
51076,0.04839959763110274
51078,0.07689441857202066
51081,0.004917179433546911
51091,0.0024689005484421446
51093,0.05921998351922736
51094,0.003497983603573826
51096,0.07569898349851441
51102,0.0030258883489372016
51103,0.02184338440696888
51106,0.0007258876509675474
51107,0.03599973280987297
51111,0.0280063723170369
51114,0.002275211901753486
51115,0.2704664323517363
51116,0.023702288813325843
51118,0.014872899723808909
51123,0.004362030503070705
51125,0.012295845054302628
51127,0.004929102738110919
51132,0.0022373072515323536
51135,0.0010396288901789086
51138,0.003854116163289451
51144,0.03436842990726597
51149,0.005688959253400162
51152,0.003751248979636192
51154,0.24228499285610236
51155,0.08682050387585463
51157,0.0006921958075852987
51158,0.005593333645347951
51161,0.002294704700831949
51165,0.024738504524011738
51170,0.009255351244936403
51179,0.006631995728508674
51180,0.033032851550094805
51183,0.0013462865139145241
51187,0.058610586378847335
51190,0.005903738672151719
51192,0.00214643278874286
51193,0.11557723467732402
51198,0.00218812618348713
51201,0.006085673847207746
51202,0.0009182930194662389
51205,0.0037606798307235055
51211,0.020531866731668885
51212,0.023695761633782775
51217,0.004714237859010782
51219,0.0032919428237423794
51220,0.00789761166384166
51221,0.0006813754899302057
51225,0.004933884726572268
51227,0.010610314562290885
51230,0.03094387019092989
51231,0.0099898244254679
51234,0.03224970028857098
51237,0.1820212410166398
51238,0.014248058926397201
51239,0.01886683644980277
51242,0.01905138977989192
51244,0.014514356759373355
51247,0.001373945290800182
51248,0.0009621471683768877
51253,0.002488952867258758
51254,0.002868914453908771
51255,0.0024014278202797515
51256,0.0002828154833500731
51262,0.009241011862743615
51265,0.01220686939682385
51272,0.11730485048934838
51273,0.0033563311723327654
51275,0.002170773977503141
51278,0.00385440317869671
51279,0.004123326945780759
51282,0.004220425607087863
51285,0.01569538257245619
51288,0.004401454839054734
51291,0.0046408534488297576
51293,0.0035491488459286668
51296,0.026229020384808
51298,0.17794399031148636
51301,0.2947452451516405
51303,0.0008883485634736014
51304,0.018560319617178578
51306,0.00247696580677076
51307,0.0012418683848182922
51314,0.006701000072629324
51315,0.0007894673017577186
51319,0.006360026310981218
51323,0.0019374741913825396
51327,0.010496853110196042
51329,0.0033007627615782315
51331,0.0012143738516657639
51333,0.004883981116490574
51336,0.002498402481059001
51342,0.012848198766900744
51344,0.005262626888252858
51348,0.37386542372222226
51350,0.16587625500717434
51352,0.020033063097472527
51354,0.004938660351055912
51355,0.10050262288539874
51357,0.008534192066593114
51360,0.04445891653791883
51361,0.010871778399728856
51362,0.08013102754407052
51363,0.24121913131308587
51364,0.012257389790893256
51366,0.015097945890779941
51367,0.1422868864670758
51372,0.003685635034838295
51373,0.08477875137703228
51378,0.04702934310117989
51380,0.003651510167672309
51385,0.004905107545549031
51387,0.024073572228662674
51389,0.013350050621602154
51390,0.0855697031751579
51391,0.018316907016179884
51394,0.002704712559179054
51400,0.04392927888513285
51402,0.005780627600032765
51405,0.010994912063060903
51411,0.013209781647299154
51413,0.0004938803388888879
51425,0.009989025424704015
51427,0.0017539093150705368
51433,0.005917490036149737
51434,0.00100247082165431
51437,0.0005289792770420945
51438,0.013463784333062367
51440,0.006715961865374678
51443,0.0184691766730573
51446,0.05749297063566551
51448,0.0010286558875252723
51449,0.008912279417950713
51450,0.005326546233175961
51451,0.16026586045624144
51453,0.00351111289664638
51459,0.012425486123183003
51460,0.002137646335541475
51461,0.014683666434737942
51462,0.3659237835645549
51463,0.003228994872159085
51465,0.0005469192957313742
51466,0.014183367656623362
51474,0.005553525123115528
51475,0.008920149773833775
51477,0.0016032749306359685
51478,0.003587813061686691
51481,0.05213619901546683
51482,0.005151680654399988
51483,0.0017313770985878695
51488,0.0026865791790805773
51493,0.002392727652265614
51496,0.08425875276192667
51497,0.009748821633201742
51500,0.004736935989566927
51503,0.009579138621293806
51504,0.012187951852086262
51506,0.040813317148828
51508,0.009706344109653299
51519,0.004700104836227561
51524,0.003358414813671061
51529,0.012108699558590518
51532,0.28127604376567417
51533,0.006924950739210189
51534,0.0060166005738364736
51537,0.005277592913913183
51540,0.002875519422285255
51543,0.0003169695180597169
51545,0.002229708545651923
51547,0.003593023197888309
51549,0.0018797593916929699
51550,0.07676953643440573
51556,0.0014232227956690452
51562,0.002859822922657707
51591,0.026808980046081825
51592,0.08555332007165212
51593,0.00787783131223913
51594,0.0020316725369682394
51595,0.5568361486195892
51618,0.008721889887858573
51619,0.006148405611369157
51620,0.0035859288451323577
51621,0.0026461497353110243
51625,0.006229289210604946
51626,0.0019315852704274124
51630,0.0013030103590102313
51635,0.27499012690283375
51639,0.14570767715847727
51671,0.002296289952983603
51672,0.10210859649375686
51673,0.022870854618223024
51674,0.03361432373885601
51679,0.0012588686706327696
51687,0.008624699433277686
51708,0.06387442409146861
51728,0.3596348538353768
51734,0.0018520416299469707
51738,0.0018831992667118211
51748,0.006112760148127223
51753,0.7127589956282068
51755,0.008583169317477903
51761,0.009453173312006574
51766,0.25991926883854793
51777,0.004044487952714076
51784,0.0014159317394804986
51786,0.04540910981312773
51787,0.10454459128910631
51792,0.00584102134539031
51802,0.015286105269105324
51809,0.010938674884042958
51811,0.0011234127407351217
51818,0.0007603786925599298
51819,0.0013944635574915135
51830,0.0008678342146219315
51835,0.02624792088362983
51843,0.0014028907793707396
51845,0.008043583045857615
51846,0.0015730401251313466
51855,0.016976670860264418
51858,0.000996425066489452
51863,0.004422299641218909
51866,0.0019705480895585385
51867,0.014016458741447461
51869,0.004608665946311468
51876,0.02104983423696218
51883,0.06595444888059095
51888,0.008699115006672736
51889,0.02667184022777675
51891,0.002921042933917776
51892,0.0019216912587346098
51894,0.025937837597715428
51895,0.002519125018614197
51896,0.003314496029948538
51899,0.014165796640367713
51925,0.007836367628510687
51929,0.01240361675424506
51930,0.002456806606341674
51931,0.03751207957855211
51932,0.009695698945977096
51933,0.3235138897244663
51934,0.0009774330629500243
51938,0.005913827008040883
51950,0.013997571190142123
51953,0.00039627132349078084
51954,0.013233773042104652
51956,0.0647635788331714
51959,0.0009346671572425649
51990,0.0789345267097833
51991,0.029482726322894403
51999,0.012409298046657793
52003,0.015491744395757153
52006,0.0003070660196209652
52013,0.0021324899590025957
52022,0.0013879852520499697
52023,0.1236659138930523
52025,0.00606903586610174
52028,0.03702367978885914
52030,0.0636588615218136
52038,0.0007260883257771418
52058,0.0020770758300858454
52059,0.0063716548950130385
52063,0.4300294670011116
52082,0.17604730932759113
52084,0.271060319931912
52087,0.03357960524922855
52088,0.03223213411153628
52089,0.004870637951330796
52090,0.0013182778874081874
52096,0.0037176505381891624
52099,0.000911647676793678
52110,0.009550934430543763
52115,0.0006496642965226784
52116,0.001673777317775772
52117,0.03965039251148674
52120,0.001986853277368209
52141,0.03157459714359747
52145,0.0363927719187364
52146,0.06852752460961535
52149,0.0003947570069592389
52160,0.009352858724571207
52167,0.009079613803185746
52170,0.0026827326806451585
52185,0.0009156559530727136
52188,0.007385154168017433
52195,0.024774572496285865
52202,0.008402403871118565
52208,0.005095824198507084
52209,0.007679056095981246
52213,0.009486871084480411
52215,0.003967917101608369
52216,0.0009305679614554028
52218,0.00154574159907793
52220,0.012049291840740774
52230,0.004905820025234734
52239,0.0002204509514571059
52240,0.005986664981474244
52247,0.0042481549960307055
52248,0.007310612134188011
52252,0.005462031865107657
52255,0.05391658702869084
52257,0.00939192701831912
52258,0.053418828406175844
52259,0.02557070083291608
52261,0.012849129204735752
52265,0.001279005841804228
52266,0.007599410902941207
52268,0.01694069474505674
52269,0.004713341663187109
52273,0.0009930038898335854
52275,0.007410753254450095
52276,0.020639115484759874
52279,0.05606822407031735
52281,0.015344298191928955
52282,0.02816658960920238
52286,0.35854373477250173
52288,0.009452882225103676
52289,0.016534368323865598
52290,0.15800719660942966
52293,0.0014480101137402102
52294,0.009141279145527812
52298,0.0001766784352406659
52307,0.0067248468518533
52308,0.0031733428708072236
52312,0.0030377470467597024
52315,0.0018959825673025455
52318,0.0008273163988951367
52319,0.010365414139874603
52321,0.0012377930926909082
52325,0.03154675634798186
52328,0.014714281497268973
52330,0.013618226643730013
52333,0.005757574088343703
52335,0.021925261698605026
52336,0.001241422150747018
52341,0.006071228134837961
52343,0.008854667781345265
52353,0.004189674003231089
52356,0.011512650614431302
52357,0.005373128084141979
52359,0.011041730036672737
52371,0.052728509109660385
52374,0.005617636366166514
52376,0.016386220550187385
52382,0.006090881124621098
52384,0.003052748350379014
52386,0.00046959068424185467
52389,0.00947676484653892
52391,0.00012404912531780444
52394,0.010371966322646536
52406,0.00017874417898238785
52407,3.658964897916608e-05
52412,0.000764155320082098
52423,0.0004554364549362899
52436,0.0008683993925348208
52444,0.08417792448236545
52458,0.003531551943057741
52461,0.0004080919583287491
52462,0.0006835340305290554
65428,0.026273205717473675
65429,0.012802687100840078
65431,0.0010464591845861862
65432,0.004431190600521694
65433,0.013204150963293648
65435,0.012101708270778975
65436,0.05522874312893841
65437,0.0014172829383478365
65438,0.02088162205762907
65439,0.005734893919615768
65440,0.0046063454776702146
65441,0.02857295309742551
65442,0.20909365587932077
65444,0.005227916095863674
65448,0.00841767451296819
65450,0.1142750885508515
65451,0.12732166275337772
65453,0.004052023580101608
65454,0.06544495988988859
65455,0.011208992632660208
65456,0.012489580535910648
65457,0.0917715814376796
65459,0.1298183011432514
65461,0.006341005107692564
65462,0.003884580704094219
65463,0.01625146320699125
65464,0.004525578582438765
65465,0.0036720686625072592
65466,0.013897092245697946
65468,0.0032101871600539018
65471,0.0021458844226111833
65472,0.0016917255644393712
65474,0.010251288725327356
65475,0.010269257832816377
65476,0.008087349309143082
65478,0.00024767328928231984
65479,0.1392658386828373
65480,0.04003693512392294
65481,0.05370512011189103
65483,0.08430816279998699
65484,0.8476719759850408
65486,0.00298010800632804
65487,0.024724072857262584
65488,0.011868803916657848
65492,0.043199623894651415
65493,0.05324004582855535
65494,0.0380821972038525
65496,0.033045274672186535
65497,0.19746709968325904
65500,0.38460076969790513
65501,0.22996111290427335
65502,0.06289202171273156
65504,0.009698121708562064
65505,0.0037060719578419915
65506,0.044888080884061515
65507,0.0707591742968233
65508,0.0029154757116235668
65509,0.027192577168692788
65510,0.021603554921924156
65511,0.0020067789207217543
65512,0.009012880033511167
65513,0.038241219223900266
65514,0.0042952326850008125
65517,0.07214065542840122
65518,0.0055939117634110505
65519,0.09232346248442455
65520,0.007607188802392912
65521,0.0019863704932260966
65528,0.007554982829298582
65529,0.0367058655538078
65531,0.7118766349792455
65532,0.00179698041584472
65533,0.0026680081953217786
65534,0.009780891108702066
65535,0.005927869262682233
65536,0.011414363618472567
65538,0.0058105855487521904
65539,0.007348172475426131
65540,0.0030636039033038404
65541,0.022602386767959382
65542,0.003645852709955929
65543,0.11829139495951599
65546,0.008732700443442905
65547,0.03284912851143212
65551,0.013296727893016795
65552,0.0037604247576948427
65557,0.007747581979241809
65558,0.009556205028898732
65559,0.002850285101798026
65560,0.008113605804514179
65563,0.20387837315767177
65564,0.025635207977422712
65565,0.070994707182204
65567,0.006269330199603325
65568,0.0021798952431010083
65570,0.019400813109837434
65571,0.007664359643178399
65573,0.0003070005507109334
65577,0.03513048419845918
65578,0.2972215845538575
65579,0.6328219567269977
65580,0.3428621582994504
65581,0.0053362468071893
65583,0.12841633067559977
65584,0.07436437472566611
65586,0.2677217302220696
65588,0.003993197424349221
65589,0.19417700356567474
65590,0.008353180396562411
65591,0.009616661348754092
65592,0.0006070655133250824
65593,0.008718803812972981
65595,0.006063181996466607
65596,0.10020319832679302
65597,0.004810936037857271
65600,0.025926656445313133
65601,0.012147401101174918
65602,0.010506874858421536
65603,0.019332227993060003
65604,0.009376589414561579
65605,0.01237110410145714
65607,0.017839368796969235
65609,0.0022366069520522373
65610,0.009645917748670345
65612,0.04334362645691553
65613,0.004867775308765868
65614,0.0022990070167881087
65615,0.0010678508811192457
65621,0.0001648404031926179
65622,0.002128223950672076
65623,0.007171532771583956
65625,0.008462795468299039
65626,0.011309657613779063
65628,0.010307657514804263
65629,0.006434025089383187
65632,0.009067239058121018
65633,0.08100312481987129
65635,0.030516255008568742
65636,0.04754493503996179
65637,0.003115492830401486
65638,0.014610196153559457
65640,0.04040204263799002
65642,0.000795520004752471
65645,0.005628531782810703
65646,0.00758331680296564
65649,0.02136913615227882
65650,0.010557962473055451
65652,0.0030855574301422587
65653,0.029152570274188532
65654,0.07046087316644772
65655,0.2499851892244089
65656,0.018501882081492053
65657,0.009866125155750536
65658,0.22201752315266893
65659,0.06750739296040269
65662,0.20022458821425734
65663,0.7961176148730925
65664,0.017587105458735538
65667,0.013295672053265853
65668,0.0887114729354887
65669,0.04382548886075374
65670,0.044474742346684346
65671,0.005888800950906374
65672,0.00810006274163
65674,0.02652987578865837
65675,0.03735394175435102
65677,0.0026596249327606515
65679,0.02520339941307908
65681,0.015757958854632218
65682,0.0026212127583879726
65683,0.0017556639782995663
65685,0.011006890779723128
65687,0.013988411105766917
65691,0.0034364433155280546
65692,0.26322399907378535
65693,0.0055670434522215855
65694,0.0012237510849007372
65695,0.00239131403353075
65696,0.0027766412380735906
65697,0.001976919599828415
65698,0.0021084786801674666
65699,0.0025081976065712596
65700,0.027223774667071654
65701,0.10319090009539575
65702,0.0021473763791588435
65703,0.009785393323271153
65705,0.0019333921554884597
65706,0.013958616021992021
65707,0.0025859035606310226
65708,0.012270698290260297
65710,0.0062582199308817595
65711,0.00575322515557198
65712,0.0022148832964127485
65713,0.0033408916602793645
65714,0.4084587944552872
65716,0.10009470466409633
65718,0.018191061704928416
65719,0.007306447659982703
65720,0.13347353530395917
65721,0.00301822088706351
65724,0.009830913018950659
65726,0.057130464845545625
65727,0.24702042887444772
65728,0.18052725252726087
65730,0.005143850588383705
65732,0.012763105153526548
65733,0.04473684549363964
65734,0.011364816724160221
65736,0.030819137682229335
65737,0.005312961058110821
65739,0.01031373658945245
65740,0.013162548872378721
65741,0.0038949906658624707
65742,0.0005173694745235719
65743,0.22737155596789646
65744,0.030232051693025917
65745,0.06522643827207836
65746,0.015406018998885437
65747,0.004714812839642065
65748,0.017717056577254482
65750,0.002310000586374794
65751,0.011576554883514606
65752,0.006942218067703806
65753,0.08880160509337527
65754,0.04982017688834033
65755,0.04395955730257479
65756,0.005901610661084299
65757,0.007345780450442295
65759,0.07133257358837189
65760,0.001746642171033332
65761,0.002166085882777643
65763,0.00660904511199394
65767,0.11188533307679291
65769,0.008664818212067181
65771,0.0050854801414270045
65772,0.0006744678172225407
65773,0.006608827487883995
65774,0.04799858773737181
65775,0.0009233781662083712
65776,0.0037181015733359375
65777,0.037704706008029984
65778,0.10310729334151743
65779,0.016940209693559534
65781,0.011557588337103745
65784,0.013583160819262101
65785,0.18784443603647133
65786,0.012228072225226814
65787,0.0019098511058183493
65788,0.006578140332683566
65791,0.001157895406618753
65792,0.005460045799533309
65797,0.19032384525283552
65798,0.021588383084528876
65799,0.016383405388271488
65800,0.24210100219684597
65802,0.029510526759834683
65804,0.0009844049587698859
65806,0.004504718569205894
65807,0.0012221399857730334
65809,0.003635470089632046
65810,0.06606539396316612
65811,0.015208722480892509
65812,0.0023790150594766002
65813,0.005597012995335279
65814,0.009027375128512911
65815,0.09908707174619792
65817,0.007670311349116482
65818,0.0028635820909851503
65819,0.01014604179807714
65820,0.004807443615097962
65821,0.0025018448437480285
65823,0.008338201834470241
65825,0.010995349704410361
65826,0.0025973027815189413
65828,0.026552448581612636
65829,0.02531164915792109
65834,0.015527478121634164
65836,0.0065297946155417575
65838,0.007758477539980925
65840,0.0016783879462328145
65841,0.05341503965278173
65843,0.1152934771882457
65844,0.0022004057674956164
65848,0.03565904110900404
65850,0.010776632707722078
65851,0.004137836950033282
65853,0.007278513614540334
65855,0.779221296881788
65856,0.06505965911491562
65859,0.010647767214727292
65861,0.010213867812829524
65864,0.022786560847885377
65865,0.014940691354308115
65866,0.05003576483815171
65867,0.11832611159823478
65868,0.002373807455403216
65869,0.017000512193426884
65870,0.0339468170854881
65871,0.0040266428242585256
65872,0.004358108835558987
65874,0.04184163438883894
65876,0.004266739922822282
65879,0.14835281670411327
65880,0.0027233273453942295
65881,0.0061848816805033435
65883,0.04472148431616844
65885,0.00029898745036460543
65886,0.0003749540816700825
65888,0.06405422012972214
65889,0.41961691618502894
65890,0.020448330011546417
65893,0.051157998611308396
65894,0.010796835610366822
65895,0.018928998657408064
65900,0.0018877775836071613
65901,0.002660444072492532
65902,0.004835698014036526
65903,0.005313412058235599
65904,0.0034000604207630736
65905,0.005574596501423651
65906,0.3010793122001616
65907,0.11075726816296563
65908,0.02469388376438535
65909,0.0020199576622376607
65910,0.003459248276539938
65911,0.017313508737565046
65913,0.0030445257863804583
65915,0.7579782270982331
65916,0.06138605820379938
65920,0.000664487406948738
65922,0.025657420780360558
65924,0.12017414878944466
65927,0.011172235186346772
65928,0.015845832001063268
65929,0.024850443367500825
65930,0.025768055575993726
65932,0.04537339021209972
65933,0.03538627692567949
65934,0.1544915664170282
65937,0.17794666512162288
65940,0.0201272782361547
65942,0.0014949807165780473
65946,0.02387269162176456
65948,0.01070465529322647
65949,0.008334431797977515
65952,0.028196310546312157
65953,0.1012707071923054
65954,0.0014864848068586963
65955,0.015540876849108362
65957,0.0086555775939284
65958,0.0009236899661340938
65959,0.0026438749949843866
65961,0.016838621928546658
65963,0.3477792677564807
65964,0.017340100033190753
65966,0.004097253633938981
65967,0.006697951011094156
65968,0.01089669941404844
65969,0.02263820056715385
65971,0.02036687586768026
65972,0.0038895411779574724
65973,0.009352931290251913
65974,0.013808916014796436
65975,0.007069184440566243
65976,0.022944556746422613
65978,0.1467265864210269
65979,0.025504908527191384
65981,0.16940774561089042
65982,0.03651192246459123
65983,0.09310155357674013
65984,0.002194915230306912
65985,0.009420902671058473
65986,0.002781767363821234
65987,0.002021108928586948
65989,0.0021093323762356527
65991,0.038474389041766345
65992,0.0026787103802626616
65993,0.0022695688126235336
65994,0.03623445369388954
65997,0.029502290765567683
65999,0.0015014665225058662
66000,0.0024904307243154384
66002,0.0017478011438971364
66005,0.009462599048287534
66006,0.05114891271624913
66007,0.41074433144146
66008,0.10752780087195758
66011,0.186716967053319
66013,0.005447575518351025
66014,0.00808316352790824
66015,0.05955506085229333
66017,0.0213617960877491
66018,0.0018241061551692835
66019,0.01619915341432547
66021,0.02238935312089496
66022,0.0023058661568692205
66023,0.012682661417233733
66026,0.012777927304191672
66027,0.007579937500074674
66029,0.014818451191327856
66031,0.18194731609995035
66032,0.1060257615433877
66033,0.012753014135072635
66035,0.4010046807468773
66036,0.011706419741479606
66037,0.07557198433950589
66038,0.02766371110736876
66039,0.00793092544036095
66040,0.31192023128753
66041,0.0015416711447571226
66044,0.005759539031628509
66046,0.009183305482300851
66048,0.004094338225645606
66050,0.010701182489708217
66051,0.1737330005081995
66052,0.0018581749662813
66054,0.01661873372222765
66055,0.011653945295626484
66057,0.05159895020590694
66058,0.06629801622109985
66060,0.011279224836864077
66061,0.008698916797753205
66062,0.012519002324341428
66063,0.06316132872537406
66064,0.06735292506944295
66065,0.021366566184343218
66067,0.0029172292851117423
66068,0.34108130168502226
66069,0.17074108403455274
66070,0.05726820776690247
66072,0.19026671157072164
66076,0.0016776661144198557
66077,0.00643679563094028
66080,0.014587170233627128
66081,0.010252575845218588
66082,0.004302403092827259
66083,0.0022892218968553844
66087,0.009116038378781638
66088,0.006030974814387102
66089,0.008665977684982923
66091,0.3381776221679697
66095,0.032759949001266095
66096,0.07955263417779415
66097,0.62466628746539
66098,0.3686235976547695
66099,0.07083115499938929
66102,0.0006717551643571919
66103,0.0296283581074483
66105,0.011674258971672725
66106,0.03648358015642354
66107,0.06464891986771341
66108,0.11022485845511813
66109,0.005266163320352054
66110,0.7736008527679145
66111,0.03500289133464264
66112,0.030040708224624364
66113,0.5850255865081773
66114,0.06638386080360131
66115,0.0451585084956185
66116,0.012124596607218912
66119,0.010601212450710693
66120,0.055879891980443734
66122,0.008109298075561556
66123,0.004341464274507642
66127,0.017877431061496255
66130,0.0014456671816317906
66132,0.008180302307336703
66133,0.00779447779788275
66135,0.0013180880633788653
66137,0.009536852603682281
66138,0.039713787998323584
66139,0.015828010656178563
66140,0.017457747360388423
66141,0.0017349593179491157
66143,0.03432545089485677
66144,0.02461920700486395
66145,0.01372305013831452
66147,0.002404933177240582
66149,0.013016417997220414
66150,0.011591649382305613
66151,0.001954501780136946
66152,0.04857452201581142
66153,0.0037694429892165503
66155,0.00989112967185486
66156,0.009491854664282262
66157,0.007524377816394627
66158,0.00016585125373778893
66159,0.020158561852662217
66161,0.005527819457159866
66163,0.18566548047076642
66164,0.000798745542903709
66166,0.020884756027043653
66167,0.008802661338199626
66168,0.012551006791048536
66169,0.005236581284742573
66170,0.002232113932235879
66171,0.0017274975026635858
66172,0.17231350916294091
66174,0.20797502416044095
66177,0.0026865263152503036
66178,0.002279716523343066
66180,0.01942772365909753
66182,0.024725959754980813
66183,0.0583611285766172
66184,0.005633893907786294
66186,0.03834915105798601
66188,0.05898326197086683
66189,0.009610207097786037
66191,0.008606030756089473
66192,0.008000105697403751
66193,0.009862541983477077
66194,0.006444206303705511
66196,0.004467326602347864
66200,0.35789875640038626
66201,0.011027022709601875
66202,0.1798560404623456
66203,0.8057831190937395
66204,0.0040518348010242155
66206,0.009971001519488558
66208,0.111886976571927
66210,0.033724661481302626
66211,0.052261887718265634
66212,0.10254297935494808
66213,0.015477402487947855
66214,0.12564997109833417
66215,0.16199018608498417
66217,0.009381237626347828
66218,0.020153688831327534
66219,0.08518826197736368
66221,0.03511764641712771
66224,0.0011874266165919896
66225,0.02718328804385531
66226,0.08728612505642
66228,0.036783121466745644
66229,0.1511316924333391
66231,0.00744830441693995
66232,0.0049563807908947185
66234,0.1321031894634343
66237,0.005305276285971755
66238,0.011871050218040698
66240,0.05058601429816147
66242,0.044401042376601224
66243,0.004732430725935162
66244,0.004871243281717517
66245,0.14440718156956903
66246,0.0049807621978976025
66247,0.0011671377988026709
66249,0.002723732733786695
66250,0.009705052304042061
66253,0.011302944752571617
66254,0.020392936364636058
66255,0.057228297029514735
66259,0.004514659725692542
66260,0.008802921260232289
66261,0.00789816070450351
66262,0.009350450829006915
66263,0.01828323933170692
66264,0.015060512109034507
66265,0.0264584200019045
66267,0.008310017354530623
66272,0.0014320238378245774
66273,0.20880067106299677
66274,0.010965721362414624
66278,0.0012334721813487624
66279,0.005901948916977921
66280,0.008964004087258724
66281,0.028135030537143956
66282,0.004123759292862517
66283,0.017781550643158166
66287,0.01705081276863696
66288,0.005262051854840994
66289,0.0785308397927922
66291,0.003607499713543929
66292,0.047886084317328846
66293,0.012033374201216496
66294,0.006871176205017133
66295,0.027732795971930898
66296,0.002763967918304785
66299,0.009789994066683374
66300,0.00639823656440926
66301,0.004059573668338374
66304,0.02092245722099312
66305,0.011272632305652477
66309,0.008382639978626217
66311,0.011972514693717134
66312,0.009448659424183348
66314,0.00783950625711626
66315,0.09973160529245599
66316,0.010799370859923557
66317,0.02961613956553433
66318,0.029858689995666148
66319,0.001022482613561191
66320,0.021933044132666675
66325,0.0022881843759103545
66326,0.002752625226563025
66328,0.003338666997975505
66329,0.0022958551318858367
66331,0.00304225602753038
66332,0.00980058627344831
66333,0.006445579397807213
66334,0.013711806394763123
66335,0.006075732741664909
66338,0.0018658524268613656
66342,0.009163576947560799
66343,0.019602250890920735
66344,0.012081708254539669
66345,0.06860758522821095
66346,0.04039460420099931
66347,0.022838923010257098
66348,0.019826397139030172
66349,0.016631987623400808
66351,0.07609841159495652
66352,0.051139203846659334
66353,0.0061192039074619235
66354,0.0055899970190056575
66355,0.0016529345137887184
66356,0.03649642283654107
66359,0.0006821758363638308
66360,0.005057397073035589
66361,0.008358219573506465
66362,0.014370476615370921
66363,0.14517734680870198
66364,0.022370349983483674
66367,0.019774570895951245
66370,0.011048986726971372
66372,0.010867432776438115
66375,0.09771715528832704
66376,0.005419822979602984
66377,0.0003746451526205028
66378,0.03842426621290761
66379,0.005278126064907851
66381,0.004061812608019976
66383,0.0012018427928975923
66384,0.01943535410687525
66386,0.0009103178378828301
66387,0.017172762967204987
66388,0.0631779263698151
66389,0.0026605433315100443
66390,0.0043308188984791446
66391,0.003055564019961249
66392,0.004023916820497862
66393,0.013822022598343963
66394,0.05698658273652158
66395,0.010415602217855414
66396,0.00026251049154833397
66398,0.0019312719493661818
66399,0.009473401690415379
66402,0.03334845528365588
66403,0.003268464738098571
66404,0.006112355883860594
66405,0.0004606731950822509
66410,0.23395441085409147
66414,0.07669520680935946
66417,0.01064529868934431
66418,0.00864637554130904
66419,0.01226603597486978
66420,0.34754532974668073
66421,0.006277338885176107
66424,0.001531100238620999
66425,0.0009732485074890688
66426,0.0023637676619124967
66429,0.006182186008062964
66430,0.0022910659007630125
66431,0.0008738431409289262
66432,0.005086116444721548
66433,0.0009504157400940346
66437,0.0012281336158438535
66440,0.0016208001299995087
66442,0.01223429689145248
66444,0.009865914265197152
66445,0.007825151198187795
66446,0.003953892943604687
66447,0.0036533732078984685
66449,0.003028414390694108
66450,0.0062617655587921305
66451,0.03670177460480092
66452,0.0029305479653734517
66453,0.0031125697838761943
66454,0.004883516943303603
66455,0.008068097344075797
66456,0.005555121399204517
66457,0.009844123920801265
66460,0.03374319288089281
66462,0.004290062782210504
66466,0.006436771953600775
66468,0.002984127398897901
66470,0.0004098122092262262
66471,0.128127478189289
66472,0.0022257592208128063
66473,0.02183903625478174
66475,0.0004949745630637261
66476,0.013538222489992497
66477,0.0733813875635352
66478,0.014144490973826453
66479,0.017561291633879907
66480,0.2740245277595292
66481,0.00927500509691532
66482,0.015843709009224074
66483,0.1437545879677533
66485,0.05048845714420671
66486,0.02449142228938069
66488,0.013176662393771967
66490,0.005701831077508544
66491,0.020321325366406694
66492,0.1717975032905538
66495,0.0055534145720960645
66499,0.0021990189995034215
66500,0.009232540516931684
66501,0.38576199764445923
66502,0.00743694676712017
66504,0.004763614089791018
66506,0.005887685501851048
66507,0.00499421023958113
66508,0.01500051876044476
66509,0.0077017569434431185
66511,0.00112691312906474
66513,0.03932353241971948
66514,0.0033300198131056263
66515,0.020640284838451744
66516,0.0056056194156659965
66517,0.008627956277758381
66519,0.01947674713691157
66525,0.0010613487575998892
66527,0.14056437705176955
66529,0.0041140460236019204
66530,0.021543299587783928
66531,0.004579645182821643
66532,0.38130615461730094
66533,0.010667014146071546
66535,0.003948653371721866
66537,0.00342931197707978
66540,0.00564843355623029
66542,0.3718182687969787
66544,0.002362095937445232
66546,0.003614539370829817
66547,0.011466431632760664
66549,0.01263667311173957
66551,0.011216609903192544
66553,0.00444351928987836
66555,0.005205510413939689
66556,0.02805893226891317
66557,0.006263409395701815
66558,0.0049281835982684236
66560,0.004733658067084756
66561,0.1786023619701323
66562,0.07512656506991784
66563,0.19765690139874076
66564,0.005677089498909785
66565,0.29051970647940967
66567,0.001703914791950851
66568,0.001524744384621416
66569,0.0034012792948852812
66572,0.004918260145927747
66573,0.0023161942226189443
66574,0.0016342145315672491
66575,0.02812145707834783
66576,0.01059206555943886
66577,0.0034829241854100676
66578,0.029221922320127245
66580,0.02286214708845943
66582,0.016163343573896174
66583,0.015672252224075405
66584,0.0022728282228877466
66587,0.0030544712392485958
66589,0.006872664685825329
66592,0.01117857104580912
66593,0.04609263576454716
66594,0.19445029144379036
66597,0.022375788413513977
66600,0.002137883955772222
66602,0.0017074774049196247
66604,0.0011826662235791632
66606,0.00564160957627587
66607,0.018590928765151827
66608,0.5496701797616739
66609,0.24493961050640056
66610,0.029812299542906758
66612,0.026884148251955155
66613,0.048591530587168905
66614,0.02965932520401685
66615,0.0055130537953955805
66616,0.02244507317015046
66617,0.12932581494458106
66620,0.038830745728552316
66622,0.0919706034424643
66624,0.022575546717272854
66626,0.04155128019766661
66627,0.0030943484842165443
66628,0.0007841648142439487
66629,0.0031555991617396306
66630,0.20043212300753907
66631,0.008627463407492507
66633,0.004656570270560043
66635,0.001662712858386032
66636,0.013646542665267616
66639,0.0022681594159295955
66641,0.010866317355145323
66642,0.013666254141521606
66643,0.08942954808618384
66645,0.019107890616095153
66646,0.002545092381163583
66647,0.007544399973317526
66648,0.010064584744141191
66650,0.05821685982028867
66654,0.01386729158905838
66655,0.007399574154882323
66656,0.059783166745534216
66658,0.0022419322852540997
66659,0.005583390834798402
66660,0.0007556111009080003
66662,0.0006963467611436657
66663,0.008695297537204189
66667,0.011071557708822437
66670,0.0054734562336501875
66671,0.0009968932518311473
66672,0.008972112041941526
66673,0.01182632105001784
66675,0.006714672323621344
66676,0.011336207300143727
66679,0.0015134357759444886
66680,0.05864934203500614
66681,0.015173561882089426
66682,0.0015584529012343863
66684,0.00840031116066798
66693,0.011394976255954755
66694,0.012243643718514363
66695,0.13686615710033145
66698,0.007363390610061859
66699,0.0018474888784273582
66703,0.002089194292758414
66707,0.00813942633938778
66708,0.2755233325184299
66709,0.03787912616175937
66711,0.006923991746243733
66712,0.0017199396956423729
66713,0.0068689501260209024
66715,0.0037800850153239247
66718,0.0004490620476675745
67476,0.0017811850880822555
67477,0.004559008391437258
67479,0.0034487318636727327
67480,0.0041375219669893435
67483,0.01570975335499596
67487,0.0050694163147368835
67489,0.002562997692415046
67490,0.0049788716233462975
67493,0.003344755190846078
67494,0.0021647776545650407
67495,0.022327897592056844
67496,0.00042130102505799215
67497,0.006172551902022816
67499,0.003174043860333166
67501,0.0021002582183829895
67503,0.0013258103840193144
67505,0.0022170606415815863
67506,0.0002886103512511715
67507,0.0014466588264501876
67509,0.001282380959033027
67510,0.006781881431442016
67511,0.006620327200457622
67512,0.009495926686717643
67513,0.006249235211920962
67515,0.005421997214475701
67516,0.002050608443644592
67520,0.03686608110369222
67521,0.007481695274869924
67523,0.002559829704896249
67524,0.009981214948930676
67528,0.009522231403911455
67529,0.004027306926093744
67530,0.007893244521093579
67531,0.001354308850384077
67533,0.001275839460525798
67534,0.002406087509599984
67538,0.0048078420959751945
67540,0.0018891797977521963
67542,0.0005498435529622284
67546,0.0033536191840687307
67548,0.002961191825417595
67549,0.00022700248713754901
67551,0.026565776203230165
67553,0.026742550524097627
67554,0.0074041197716169585
67555,0.006203394086080721
67557,0.007197064041163666
67560,0.01756451487752707
67561,0.0012844030468291065
67563,0.002302662309061767
67564,0.002000284117174565
67565,0.03502979322584926
67566,0.011044953219720937
67569,0.00700562807419704
67570,0.002971488526758178
67573,0.003805829196308928
67575,0.006161252967514599
67576,0.00038343608220761904
67578,0.004472106084641489
67580,0.00047524922837863487
67581,0.0008596081986984356
67582,0.010143026096418992
67583,0.003980666878940205
67588,0.005974642067631937
67590,0.0010954538761089637
67595,0.0004906222493341109
67597,0.00231385731040263
67599,0.00024399078962245664
67602,0.01197491893714873
67603,0.0020985337677129345
67608,0.0018238260917642155
67610,0.011458497776144655
67613,0.0014144121197024898
67615,0.015698238776223544
67616,0.006498043980167659
67618,0.0028916661569801903
67619,0.05915635028044006
67621,0.04773446587420235
67623,0.006770446014995856
67624,0.004854476443812155
67626,0.00295974448201298
67627,0.0002724666701405283
67628,0.022831331086339165
67632,0.011870623364236433
67633,0.008923284065020064
67635,0.007027859750883279
67637,0.28318176777922105
67638,0.0024970902903981886
67639,0.0015058525342146012
67640,0.01207999816019429
67641,0.012644936006487863
67642,0.010873734885912287
67643,0.0003257874456235858
67645,0.005968323855860629
67647,0.0046602904229447245
67651,0.006551261643012991
67652,0.015075557445059597
67656,0.0003704996056283006
67658,0.011073681223701849
67661,0.005875082863217238
67665,0.0023234921623147926
67666,0.00030032253272544216
67668,0.02187309637257781
67669,0.02614410541241877
67670,0.01400697946446534
67674,0.020838813702461653
67675,0.002676345887439803
67677,0.0015278051527736548
67678,0.020014910077605873
67680,0.014703603483270433
67684,0.002148491009899666
67685,0.005183832076473036
67692,0.004529988840342348
67694,0.011117967219804065
67695,0.013842754481482264
67699,0.014323031999307963
67702,0.0005690190781907986
67704,0.0009955142469959758
67705,0.0016560218181981999
67706,0.011030656167222014
67707,0.009606838583371519
67708,0.0026923848272460507
67711,0.0076883833995017165
67713,0.004558003349817679
67714,0.0007201987511142678
67716,0.0034233715158981815
67718,0.007738966620118386
67723,0.0009364768985958426
67724,0.003149613759186623
67725,0.0013290931447975008
67727,0.00565435117689036
67728,0.0024650715039843257
67729,0.011246105496636983
67732,0.006999519114709878
67734,0.0012440317419964374
67735,0.007342649217275105
67736,0.0007152407191040192
67737,0.0009975554196468802
67738,0.0072012454775779045
67739,0.00930009781571106
67740,0.001135513766312871
67743,0.003684327676881882
67744,0.00490538476844606
67746,0.001644228140274421
67747,0.0006159116151442837
67748,0.0013900979795548447
67753,0.0006797731185185715
67754,0.0011156397695739634
67755,0.0005882446496097204
67757,0.01702561488161653
67759,0.0014495440664172277
67762,0.0032442131591431758
67763,0.005280158119044628
67764,0.012793915064572156
67765,0.001659875663848245
67767,0.0054977742863672125
67771,0.0020157247571323637
67772,0.0010728189820806585
67773,0.002796688885643103
67775,0.0009201096280163714
67776,0.0035533001071834645
67778,0.029224300619082606
67779,0.0027857317665315345
67780,0.002752808813259887
67782,0.008889581379717452
67783,0.011579371043886956
67786,0.0072104818605554
67787,0.016983631015163453
67788,0.005051339826273071
67789,0.005234502586888272
67790,0.02062700307102913
67791,0.00380126490839296
67794,0.005960426298403922
67795,0.00030954078766215964
67796,0.001546104547220925
67798,0.001815269992708182
67800,0.004179647585622197
67804,0.013184153574113136
67805,0.0051390745506698764
67806,0.0013947403491620736
67808,0.0013747632089391984
67809,0.005976835649847699
67810,0.003789877297124748
67812,0.05573327630007693
67814,0.0010250494037228775
67814,0.0010250494037228775
67815,0.013835993184756605
67817,0.0016201455374198052
67818,0.0017666643554346607
67819,0.001333072476109475
67824,0.0006010059738071081
67825,0.00749571876452283
67826,0.0004638940985586531
67828,0.0023103262790404003
67830,0.005541043814290164
67831,0.010740890543730591
67834,0.0012663999307867024
67836,0.002386741864357392
67837,0.006290221517509794
67838,0.10241170949814603
67841,0.015984141450579505
67845,0.0017770586186732615
67850,0.00633043417438286
67852,0.009699597710573401
67853,0.0001881393035855716
67856,0.003984513272875665
67857,0.0017405439570532023
67858,0.004382330170818126
67861,0.012253333573144527
67864,0.004560355591577832
67865,0.002569120751765277
67867,0.002223969827314943
67868,0.006145485869183235
67872,0.03388900232554443
67873,0.0049907758052057825
67876,0.004374230730981234
67881,0.0031676384851375217
67886,0.014002336955101786
67887,0.00014469702296198767
67889,0.0009243033662312962
67892,0.0038481280167063253
67893,0.08249920067265086
67894,0.007559762648725188
67895,0.0028271992418893092
67898,0.007232368521593797
67900,0.013356607006466953
67902,0.0035804476328058325
67904,0.0020069079089667942
67906,0.0006669303724880551
67908,0.0023516983438871867
67909,0.00741181193438303
67910,0.0007250688588911598
67912,0.01046960578902507
67915,0.01054689077503256
67916,0.001034374680479237
67919,0.002515335330516269
67921,0.001303437146917996
67923,0.0027432521592084605
67924,0.0007892032307766325
67925,0.00159033599324392
67926,0.005321265766925827
67931,0.002017320995327954
67934,0.0033840912839231975
67935,0.0010352120643137678
67937,0.0034163230572824593
67940,0.0002996453625738501
67943,0.007651998700819205
67945,0.037268266563478834
67948,0.05144245450547529
67949,0.00209034272339257
67950,0.010250419248073463
67951,0.010827201935481093
67953,0.011700217438716427
67955,0.004268259683444226
67956,0.025698665085364825
67958,0.0005890065375935924
67960,0.002991290207441966
67961,0.04075415841343153
67965,0.002950076694040936
67968,0.0038039132432237774
67969,0.003307292481414257
67970,0.0068065585424174155
67971,0.0007203134279572931
67972,0.0023350161785233854
67973,0.004105620222247718
67974,0.0036406495311838436
67975,0.0011348876941899356
67977,0.0015310122220965517
67978,0.007722484788442414
67980,0.0015642122632321966
67981,0.0008001660736639225
67984,0.002545001911455124
67986,0.015394728973506584
67987,0.0003634182957917854
67988,0.0003288004625085895
67990,0.0011051200209768936
67991,0.00034742707613393984
67994,0.006604118022851964
67995,0.003253852280341591
67997,0.004821797906932549
68000,0.0015243442930943166
68001,0.0053040758804572515
68002,0.0003586999145700299
68003,0.01066811603748815
68004,0.016315459770574636
68005,0.006782635860168633
68006,0.0013467310042220358
68007,0.0026122384930838826
68008,0.0018710998485017994
68010,0.0013392473420405478
68011,0.000889323704519542
68015,0.004385563427389509
68016,0.0008100637522371517
68019,0.005451361595553385
68020,0.022554809726839747
68021,0.051370325884900536
68025,0.009877029215715805
68027,0.0006288112059898648
68029,0.003969722972756876
68031,0.0060311788965204845
68033,0.004486255536492531
68034,0.0009664866439385719
68036,0.002613198560927165
68037,0.0030696990934714137
68039,0.00029847689717512455
68042,0.004286925266293652
68043,0.004482801248689058
68045,0.022495543124263127
68046,0.003884782312846168
68047,0.00011381667642211419
68048,0.0004923512889602928
68051,0.006204067157321185
68052,0.009284016700121186
68054,0.0032946749507419388
68055,0.02110625274568546
68056,0.004954735319387546
68058,0.020059966342292464
68062,0.00041592867887134036
68066,0.004998038526809638
68067,0.0017386514563653237
68068,0.005560976277547226
68069,0.0021695998464293736
68070,0.004463248696994524
68071,0.0009590898164582887
68072,0.0018727742080774789
68073,0.0012162185927849904
68075,0.010198147941736993
68077,0.006683111533161042
68079,0.029267529085553023
68080,0.0050208740653475805
68081,0.0023833817771285737
68083,0.002711162537246586
68084,0.002613991162118017
68087,0.0010214127967790821
68088,0.0014351344978820219
68091,0.013463270302242758
68092,0.004406610634407659
68095,0.009136452600126905
68096,0.00882503910068101
68099,0.002057001512890074
68102,0.0011690777349959661
68104,0.0015438604005016821
68105,0.0013022424762622927
68106,0.005242219055123154
68107,0.001530811776892715
68108,0.0026207128665612614
68111,0.001713897091816057
68112,0.198898303291215
68113,0.0017889608191298434
68114,0.0019537746479709067
68115,0.004461707640868614
68116,0.008562797899604133
68117,0.0010785932236198979
68122,0.0013019598718792293
68123,0.00485157806528134
68125,0.019853683823299183
68126,0.0009013857453596344
68127,0.0010350769224364213
68128,0.00853538719267934
68129,0.00032304886956259027
68132,0.002336066768574476
68133,0.001367297973163426
68136,0.002084807772477219
68138,0.00022567733276506502
68140,0.001042244952820038
68141,0.0007899741855268341
68142,0.004702559426149254
68150,0.009729050695351531
68152,0.0012455731781857388
68154,0.041412880632572015
68155,0.005268537970487161
68156,0.004279927565586189
68157,0.0010286215832926067
68158,0.000702972589340152
68159,0.0005751247025018803
68160,0.0018746912042316294
68161,0.012984902127323086
68162,0.0060214144760483545
68164,0.006613869907437185
68167,0.0071304919552881325
68169,0.005164596032789247
68170,0.0013735558357312252
68173,0.0021408676760543283
68175,0.005818526337357798
68176,0.0005028148473700569
68177,0.010847516015858087
68181,0.0013432646461584187
68182,0.010186971250882556
68185,0.0036350970463960605
68187,0.0013564515235745711
68188,0.0016147904597353265
68189,0.003922524760343701
68191,0.001130131311476239
68195,0.0035183002521577073
68196,0.0019004880657292093
68197,0.00384585610093128
68198,0.0016927270611540918
68199,0.0005947509678505716
68200,0.0008176559162745696
68201,0.005202585948814703
68202,0.015412161730458963
68204,0.003585379076152624
68206,0.0063623149436175894
68209,0.008376354766446164
68211,0.007421552140309737
68212,0.0017963461768527682
68213,0.014055858902484345
68216,0.0033978440435277614
68217,0.007379921287073911
68218,0.00029498818233079753
68220,0.001494311807211225
68221,0.0008646764332497179
68223,0.0013913687970293009
68224,0.0012115770528710516
68229,0.0023714118152089857
68233,0.007757380512458886
68238,0.004935455936744862
68239,0.003711466500622725
68240,0.04921508632627094
68241,0.00017810701868715287
68242,0.008862661569690351
68243,0.014695657915725009
68248,0.0009850112840569978
68251,0.0007050194413647726
68254,0.0026340687398227034
68260,0.0017309544000832916
68264,0.004554407978857428
68266,0.0019726688439814935
68268,0.002801389034673489
68270,0.005012590621705789
68276,0.0009043525794857437
68277,0.006303242220061779
68280,0.010536670716497595
68281,0.007393669298989024
68282,0.0005050531789814955
68283,0.0077875350539285855
68285,0.001110726524989057
68288,0.0021569436387883253
68289,0.0030976601917567428
68290,0.0005313015637747884
68292,0.07026317377616598
68293,0.0007524734377707635
68296,0.06796193420062081
68302,0.0004830393348453323
68303,0.001132410503020521
68304,0.001363582395854234
68306,0.004605206437203978
68310,0.0019100150769269665
68312,0.01039000473648958
68313,0.03120776348523312
68315,0.006770042673057252
68319,0.0015307073181335831
68322,0.0021331583203590067
68324,0.002949352288105744
68332,0.0012010895714110294
68338,0.002879305995920511
68345,0.001974228993899146
68346,0.00033330050814752674
68348,0.11174221758102555
68351,0.02452388168881941
68352,0.024660726633525254
68353,0.001696677545279096
68355,0.023533203367815357
68356,0.0005225970764297933
68357,0.0011368031358871629
68363,0.0076561828201177655
68366,0.00496486396611759
68369,0.002442459448006994
68371,0.009459151797683852
68373,0.007368474625085245
68375,0.006350094784183924
68378,0.0016639366751527043
68379,0.1282323084930589
68381,0.0032795251826827024
68384,0.0008316141211095876
68387,0.018834657713353402
68392,0.0007825231847545946
68393,0.0007169160322293848
68396,0.0072699636596418446
70248,0.0013381601642240798
70250,0.0014925693863034786
70251,0.014744381721975168
70252,0.015542374483121643
70253,0.01353893801905063
70261,0.01037756511044049
70263,0.023697941937171424
70264,0.011749834293051428
70266,0.003835380726635247
70267,0.011071142482153162
70268,0.003794613921008135
70269,0.0884230277426576
70270,0.007234724726795257
70271,0.0060463500542905935
70274,0.007918982318563396
70275,0.0067083870288943215
70276,0.01781669742545326
70277,0.0029746361016364155
70279,0.002572724136312833
70280,0.005168853343885636
70281,0.004457961843930324
70289,0.09682658413469679
70290,0.040763773703898776
70291,0.0022332876208585426
70293,0.007175410560816403
70294,0.003656973263388811
70295,0.0349481162720195
70296,0.00951444429032644
70298,0.001523554138266234
70299,0.0011954667984573346
70300,0.0036644523892945947
70301,0.0020685668571025573
70303,0.02552692749569509
70304,0.005766029280347615
70305,0.0043804922727046555
70306,0.000680185254204828
70308,0.0012329569790295787
70312,0.006359689635031147
70317,0.0038212446730921316
70318,0.01203569801029759
70319,0.23492433325717652
70320,0.007933205539971778
70321,0.01279480941350249
70322,0.0031482689124023807
70323,0.01742447809126383
70324,0.002439460691009494
70325,0.0052131816063048005
70328,0.0037253665533591306
70330,0.018317449990060578
70331,0.0031187165111053084
70333,0.010732494342648233
70334,0.0015942210297639667
70338,0.6723798150001531
70340,0.0024719998475223564
70341,0.04651498682450863
70344,0.031823063187007644
70348,0.03365944189620514
70349,0.0024430131131363162
70351,0.0022632933820314572
70357,0.008348809284965527
70362,0.09669371282096251
70365,0.005093007105739419
70366,0.010171400408160957
70368,0.001606979876954847
70369,0.009678691648887012
70370,0.07652058683144722
70373,0.004808003343559501
70378,0.0010691568930980477
70381,0.012014224121570877
70382,0.003778100054000905
70383,0.011241647653017283
70384,0.01361895392149362
70386,0.01589290703509747
70387,0.003928772014667978
70389,0.002706465756925979
70390,0.0053322951007466705
70394,0.4512943794662388
70395,0.00218861897797248
70396,0.0012944718042925548
70400,0.011311131100191546
70402,0.00614614503937062
70403,0.0038225997537418236
70404,0.0014627146744382832
70405,0.007551191690772153
70406,0.0049667771237664315
70407,0.020819386703070212
70408,0.004251517222405349
70411,0.0099230677679552
70412,0.011982092989623747
70417,0.007062125964818137
70418,0.011960270977349221
70419,0.18827572995615857
70419,0.18827572995615857
70420,0.007669888812095263
70422,0.7516216007011446
70423,0.009168545188809824
70424,0.009082818634971944
70428,0.00023591551156319286
70433,0.05479919017660765
70435,0.028534930610474487
70436,0.027521982801937846
70437,0.013024463629510064
70442,0.0013701987401732417
70445,0.01936878953274263
70450,0.008259906022251486
70451,0.009236430186977812
70452,0.01999592231790224
70453,0.0015502640113154512
70455,0.009000588151849705
70456,0.0001154473572685674
70458,0.013611171407158952
70461,0.3096107028750615
70462,0.003030301233666594
70466,0.0241386533697327
70468,0.006073583484578609
70471,0.00164664978462007
70473,0.005172690283990598
70474,0.018499192292522133
70476,0.018439148485970096
70477,0.021094545016969956
70479,0.007384176753382558
70481,0.014990543930935211
70482,0.002069085091497315
70483,0.002489216813430997
70484,0.006527424959342269
70485,0.013355815093451202
70486,0.02472623003933636
70487,0.0015899439382248632
70488,0.11854369533431591
70489,0.00644330417998071
70491,0.004113916460166404
70495,0.0065264630108281315
70496,0.009625440818290571
70497,0.001880901482269508
70498,0.0077896926735168135
70499,0.006282260513739179
70500,0.00721552924813499
70503,0.0012207145345739896
70504,0.005660761530254051
70505,0.011219641890277715
70506,0.0012133855485042247
70507,0.0075819364192245475
70508,0.003310861429367015
70512,0.004306433067514116
70513,0.0020687589537052888
70517,0.004850078543301031
70518,0.0036595815240724108
70520,0.01248985718897203
70521,0.0029983223251391867
70522,0.002948039153338193
70525,0.007071368791907455
70526,0.00592641614452786
70534,0.0005850364093993649
70535,0.006393545968022256
70537,0.06632809251925166
70539,0.026740111491284975
70541,0.01106023771044332
70545,0.010687446825588373
70547,0.00742805450852187
70554,0.0022886804685877267
70556,0.002577543942069636
70558,0.7052616957731846
70559,0.046877283044294275
70560,0.012095943077670219
70561,0.23733857227077668
70562,0.8585866315791112
70563,0.013895136751336959
70564,0.005750065654129826
70565,0.04939151330674862
70566,0.0022622336562579276
70567,0.016033868221471684
70568,0.009734370870673921
70571,0.6151678607427363
70577,0.011772269037088128
70578,0.008383773250136914
70580,0.0086387741319631
70581,0.0067748975354749545
70582,0.0054579955762828905
70583,0.011292468554758786
70584,0.0007791233962771046
70585,0.029536830249927357
70586,0.007189812036320717
70588,0.009741168584527017
70589,0.0010526273129642554
70592,0.006702081781808377
70593,0.015368350632826992
70596,0.010390712563079996
70598,0.0033287070214229665
70603,0.010408661273774548
70604,0.009369305352240042
70606,0.0002879857604596236
70607,0.012670546927610628
70612,0.0016075209738915304
70613,0.03174168259897805
70614,0.017200734779847588
70615,0.009070800693471387
70616,0.016081959352359544
70624,0.016664119332294752
70629,0.01121074350958788
70631,0.2652996875779181
70632,0.009769870107987938
70633,0.001570967941330036
70634,0.007968232537375606
70636,0.014740351418852179
70637,0.0035619265677147684
70638,8.322213926445617e-05
70642,0.0029349438631110195
70645,0.024792513253838345
70647,0.39756560461964396
70650,0.09321366086764526
70652,0.0010821150651935238
70656,0.020906844591468403
70657,0.004931408243512052
70658,0.021505134391255728
70659,0.0016397941356752718
70662,0.04407582276629625
70669,0.002701528307314832
70670,0.010597394543229359
70671,0.007170221771234466
70673,0.016973308077416243
70676,0.0029541408923891665
70677,0.005377341460632227
70684,0.1062257948256972
70685,0.004018514396531092
70691,0.0522244506970365
70693,0.0014901320418880658
70694,0.0021309449666121693
70695,0.016126464188222774
70699,0.024750838210522957
70702,0.2100638395429923
70704,0.005213424347878977
70705,0.004306385221595167
70706,0.00489883085552492
70708,0.002075370069636885
70709,0.004806852236268142
70716,0.011632570539029635
70717,0.23317293671564077
70719,0.03595202734112864
70721,0.0033101681927830942
70722,0.007800637205413591
70724,0.0030259032659391625
70726,0.0020085311729658747
70727,0.0054832354682061045
70728,0.03585218635487801
70730,0.0036980809423699788
70735,0.4810888182235705
70736,0.02669635012892193
70738,0.0012234113348389135
70739,0.0057408584239229095
70743,0.13261942355051828
70745,0.07150563411525644
70752,0.002660233030217157
70755,0.003993622990836687
70756,0.07028653052373612
70758,0.003288259206228829
70759,0.022581071114607238
70760,0.0026438830523157425
70763,0.01733966508363155
70766,0.000967341147707898
70770,0.0030586302692024643
70773,0.013183802184808958
70774,0.012169135792428398
70775,0.0014466281821329389
70777,0.009421146517782381
70778,0.010328456587780902
70780,0.004015819432313376
70783,0.00279941491134272
70784,0.025946460951643123
70786,0.010870384450363594
70787,0.006788001713677014
70788,0.006951104281685819
70790,0.011596479502790797
70792,0.004165961015002664
70794,0.01123599899555474
70797,0.003067316164393237
70798,0.002618291479782739
70800,0.006443331988056658
70803,0.004097644713571354
70804,0.011930138924948581
70805,0.003176145787427966
70812,0.0017462736470020928
70813,0.0035528669114181202
70814,0.007715468518120445
70817,0.052815134846536445
70821,0.003943413291753803
70823,0.0014594509064659825
70825,0.04928632759404381
70826,0.0007896471102752148
70833,0.013694831392952312
70834,0.025108870161183034
70836,0.003984642793158434
70840,0.006221688448238309
70842,0.005060361823336816
70844,0.031427973527490945
70846,0.012445226101753385
70848,0.002190140452490496
70849,0.010511626206071302
70850,0.15724088774380815
70855,0.006931910270120757
70860,0.0038496776520572647
70862,0.003066679708191905
70864,0.002285071647982049
70867,0.0128454008977465
70868,0.0021291982634233427
70869,0.0017397272594777908
70870,0.0027957654859113185
70871,0.001285772751816861
70872,0.01299344080529784
70873,0.00434581844415319
70874,0.012176220648451181
70876,0.0072297488655061045
70877,0.012378631149501756
70878,0.0002507793479087362
70879,0.00609959173143429
70880,0.49317342697043426
70881,0.0022408298719924025
70882,0.0013634810539674032
70884,0.00238572275426754
70885,0.017664939521074417
70887,0.0015813445121386387
70888,0.02105935761795244
70889,0.011954885557623822
70892,0.01277593422974806
70893,0.0009867839017299997
70894,0.03340814029609106
70902,0.0012931360429547973
70903,0.006575552636020701
70905,0.023496224052771287
70907,0.118364765283401
70909,0.01630792385243299
70910,0.1524892801139471
70912,0.0016967441247278299
70916,0.004545482719261699
70917,0.00058139455054378
70918,0.004359243165250514
70920,0.0018766780086906844
70921,0.04566153728830353
70923,0.00863754821983825
70924,0.07647070664954041
70928,0.22578023485581328
70930,0.06422731528094676
70934,0.06082187432947944
70940,0.004989627686919383
70946,0.015304324148782642
70947,0.10459356797728503
70948,0.006237870963864932
70949,0.008133611133720499
70950,0.026704416166150137
70953,0.012882215173482767
70954,0.022321635018308476
70957,0.03405725541160112
70958,0.02779312755927792
70959,0.004319248574134168
70960,0.04164176439274696
70963,0.00588222687698105
70965,0.005751686754063665
70967,0.0033271783137833588
70976,0.012522983574993825
70979,0.0022753591883032187
70981,0.025582682336450703
70982,0.004515932290674679
70983,0.00022530156602688014
70985,0.0005175080715779032
70987,0.002136455184708058
70988,0.005327410197196147
70989,0.0045774091856737335
70993,0.14010776188563467
70994,0.19649412811426514
70999,0.00036667162830649505
71002,0.0037511565715628724
71005,0.012655999840001842
71006,0.000957617851742708
71008,0.00735615405087547
71009,0.010892637262510585
71010,0.0012052825818142277
71012,0.003350288123971213
71015,0.002115458256511398
71017,0.009895529934869429
71019,0.0008046004558709203
71020,0.006710265722669845
71026,0.023709406709144294
71027,0.06909545570452552
71028,0.007946742779673815
71030,0.327942605147997
71033,0.014669117702060582
71035,0.00745152960786425
71036,0.005420631912531423
71038,0.3544482083461559
71039,0.0019435077492652125
71040,0.0018673017886425354
71043,0.0011420368273696154
71045,0.007842494217693712
71047,0.014007524600373909
71048,0.009416931673326365
71049,0.01610373990522356
71052,0.0005401534919827253
71057,0.005642373362836766
71058,0.022365064561441658
71059,0.003415537317230938
71061,0.015980462964058962
71062,0.008520661438088589
71063,0.02745363619877416
71066,0.013997152812948332
71067,0.0260377744040433
71068,0.0005433421581764015
71071,0.0006478860781007437
71072,0.0019975997775868717
71074,0.0025362517219511206
71076,0.2758253882961128
71077,0.011734831814444964
71078,0.006950543646786603
71081,0.01759131764887919
71082,0.0009244629184843831
71084,0.00014389764339559815
71085,0.006169282402469063
71086,0.005835766138331541
71087,0.0056115767629808435
71090,0.0023972828349650283
71091,0.013198940729915952
71092,0.007462237124866699
71095,0.017844000707908113
71096,0.01453029945436971
71098,0.02656248881669632
71099,0.006119713569136342
71100,0.017575579117160723
71101,0.023945315518507693
71102,0.0077170258112643
71105,0.018533922544827944
71108,0.004991302343270845
71113,0.007967164252351448
71114,0.017342429720440103
71116,0.003369901623407046
71120,0.1369222932857682
71122,0.0071840627474811704
71123,0.0121648675529079
71126,0.004890724841256913
71127,0.02255206715567976
71129,0.0054340353584523444
71134,0.0014294023682524424
71135,0.020721722047533513
71136,0.001634842456615461
71137,0.0028087723470894854
71138,0.008763013650099656
71139,0.007048705504665965
71141,0.011043158374025681
71143,0.0220245853757132
71144,0.003446620793504753
71145,0.005484437535011627
71146,0.0605781225280831
71148,0.004145116297959946
71150,0.011069755316342487
71151,0.0006652206576379133
71152,0.0001462343438802348
71154,0.0018949254418770478
71156,0.002090595097656088
71157,0.0032659305572194436
71158,0.008537784393565643
71159,0.11865776337412326
71160,0.02142136565556905
71163,0.010757729594419244
71164,0.003847134913784518
71167,0.0018089260603024462
71169,0.0021570155651890223
71170,0.008929143754089614
71172,0.0029408991234668885
71175,0.0022028635494380465
71176,0.015296843342585631
71177,0.002387301513012225
71181,0.2888894865221815
71182,0.037356804494994185
71183,0.6691274762040228
71190,0.005697882793059581
71193,0.008245333927843277
71196,0.005533093210017321
71197,0.0035138491722293214
71200,0.0019114047084111195
71201,0.01651904224413263
71202,0.008008016284790035
71203,0.00738637148461789
71204,0.0029759814605458184
71209,0.0028453595089612776
71211,0.001356240094237449
71214,0.03596206529076198
71216,0.0011003210703907278
71219,0.013282913547775563
71220,0.0005705422111324959
71221,0.002661599493602676
71224,0.222873699911101
71227,0.03055821331902766
71228,0.0010157524815587401
71229,0.021647695499890877
71230,0.001395219576028489
71231,0.02761360370634333
71232,0.011823439536041579
71234,0.11519961954775973
71236,0.05809112809415333
71241,0.010927707792803545
71242,0.0019180884096487052
71243,0.01142329629409802
71245,0.005444684701117879
71246,0.0006221107343834679
71247,0.0038062924895563657
71249,0.0029068332598121754
71250,0.0017191281436005864
71251,0.00550010096202197
71252,0.0031596032300402308
71253,0.0013916737449226402
71256,0.0049194557876948795
71257,0.013233781331114526
71260,0.005026491294819611
71262,0.00982894322324543
71263,0.008129892325385805
71266,0.003850297332520025
71268,0.0007749369535312219
71269,0.9219739862703413
71270,0.004993960339240589
71271,0.02483482730345011
71273,0.0030648861973611077
71274,0.04659844176480356
71275,0.00416715164723459
71276,0.0004670931587426172
71277,0.011146421664236544
71278,0.001305282081668079
71279,0.09239416378106854
71280,0.013910965412433942
71283,0.050287296916320834
71286,0.00915375263020226
71287,0.08676730172420316
71291,0.0013832990408761483
71292,0.00673236998611913
71301,0.0036386854796835685
71302,0.0035071386873857737
71303,0.010426949981429002
71304,0.02423871884851646
71306,0.0720081943406301
71307,0.003295555128060709
71308,0.0048205299573340155
71309,0.029184739533039412
71312,0.0018667503269488028
71315,0.0018042934058021807
71316,0.002519564378906624
71322,0.0055884532654931285
71323,0.0034772606826678955
71325,0.002124118322495474
71327,0.6922003205981219
71329,0.011460157944451047
71335,0.01290886757896843
71338,0.07156185243876326
71339,0.006057132899087507
71341,0.021261777107292674
71342,0.01489622567612309
71345,0.010844015501758307
71346,0.011673509792477933
71347,0.0006241793648401699
71351,0.11793039164716833
71355,0.030332620564591163
71358,0.0107932823045053
71361,0.041320466541495765
71365,0.0690606650038152
71366,0.02460553972582016
71369,0.0019284168344116137
71371,0.002857266337269766
71374,0.002026184847077696
71376,0.0014940835529114163
71377,0.005002937626288695
71379,0.002652475277567887
71380,0.005008317448767756
71382,0.001923073278393862
71383,0.006406418972358221
71385,0.0010183917380612757
71386,0.007479108457387023
71387,0.005451763651540921
71388,0.002921312474761847
71390,0.3707518213064767
71391,0.004696437366292024
71397,0.014020031500928528
71398,0.005654912037109937
71399,0.0037939940103159276
71402,0.07286969014735667
71406,0.00573118337263906
71409,0.0018924310718971328
71412,0.0007778896568024912
71414,0.0001924054473495682
71415,0.0006922797416129775
71416,0.0006385691171705802
71421,0.00526821674438196
71425,0.0002725297789544429
71426,0.004096297410169912
71432,0.010511906859786094
71433,0.16852081565500382
71436,0.7465011617143653
71440,0.007100854802340248
71443,0.007476561185949426
71449,0.0004833763108481759
71451,0.0014032830383144885
71452,0.0047568679015716885
71456,0.16099824005443683
71462,0.00470457931462479
71464,0.0074860880889481346
71469,0.022504135395161988
71474,0.004367830410825238
71476,0.016522281989620344
71477,0.008378819281309275
71478,0.0023924796339139134
71479,0.02880898089267012
71481,0.012895741724670362
71487,0.6441780256516142
71489,0.014077656515888853
71490,0.0042642470948587655
71491,0.00926001485451162
71493,0.0027438180616450657
71494,0.015283854412905546
71495,0.003277496229548969
71497,0.00612045173964859
71498,0.009296927648597885
71499,0.0023710217891483535
71501,0.005082823917793996
71502,0.014482573732711989
71505,0.010369263830382263
71506,0.00588990657194801
71509,0.052719591077665114
71511,0.012018432229224326
71512,0.0028289501574175592
71513,0.013193742800180316
71516,0.003839233362723799
71518,0.004206473700945523
71522,0.0008054861993239458
71523,0.012984405571485955
71525,0.00809921221584443
71530,0.021183489597823874
71531,0.03202059833123341
71533,0.03634477316092108
71534,0.035351770002865116
71535,0.005709260847873981
71537,0.015921714957958442
71538,0.013041301451834407
71541,0.003118375503541302
71543,0.15282084883148597
71548,0.004268184837733478
71549,0.006336321240612369
71551,0.03403194553004371
71559,0.0022083222318732927
71561,0.21138628187772418
71563,0.012659769112437678
71571,0.005681248086018328
71572,0.0035843530254290536
71583,0.03947030842538472
71584,0.00936939098416512
71586,0.0007874087950446395
71588,0.007917015028223206
71590,0.0043781785328429355
71592,0.010546258745790306
71593,0.000786872777134658
71596,0.01082191794145179
71598,0.005736632095924476
71601,0.039853360864517844
71602,0.012783080378826146
71603,0.012111113755216502
71604,0.005833970308634103
71605,0.002228580958919822
71607,0.0009560311861009153
71609,0.0021909896791412783
71612,0.0006842566232338884
71614,0.00083681379252262
71615,0.0031284302923822475
71617,0.007198936791894179
71618,0.01186879637124731
71619,0.004312120479029986
71621,0.004443778352629125
71622,0.02710159892417006
71624,0.010193164248073183
71625,0.26245830588251523
71628,0.9089175583629416
71629,0.000747675772289367
71631,0.018880312199830603
71632,0.34716516337611963
71634,0.020715614334846245
71636,0.29734951974579993
71641,0.036544548373827916
71644,0.028792039099573254
71645,0.05934414685722803
71646,0.03169050767618439
71647,0.0033796889403546935
71648,0.0055218457260248575
71649,0.0041835956756782165
71651,0.010733020315050341
71657,0.0009013119080309772
71658,0.003765515547941319
71659,0.0032621313247197426
71660,0.0013953785688434956
71662,0.01497155813674874
71664,0.016094397290348814
71665,0.0022345087461849195
71666,0.002180290082665498
71669,0.008709561271202933
71671,0.002703386653007287
71674,0.03666106047622937
71677,0.007144787358132207
71679,0.014152059881762971
71681,0.19297231365035336
71685,0.015276773732315178
71686,0.001786438918136856
71688,0.004596468383989162
71691,0.002611389487877372
71693,0.0032424989385138937
71694,0.0024387889010672324
71695,0.010316174254361793
71696,0.007285885782369812
71697,0.00541691317852396
71698,0.008750363566987327
71701,0.00015866061229998548
71705,0.003985736165202594
71708,0.004064409935467652
71709,0.0016310866175882986
71710,0.012663795614126892
71712,0.002916205402879663
71713,0.022421302338000226
71716,0.0037041491566551857
71717,0.005943963430073321
71719,0.015495629331960657
71721,0.0033149512651576667
71722,0.0022031361699745683
71723,0.016669570418250762
71724,0.006603599330876328
71725,0.011005267669462443
71726,0.002542049752011926
71727,0.015525099704119562
71728,0.007178605326700794
71729,0.003345772214652256
71730,0.02937497280847243
71738,0.013154252244961811
71740,0.004296537610050542
71742,0.0042060089523090665
71744,0.013622834686233376
71745,0.0035214169343737254
71746,0.004023078195378119
71747,0.00357089367623679
71750,0.0030071978440882863
71752,0.009931916351849219
71753,0.0012630407292631316
71754,0.006396965002601767
71755,6.528219470944563e-05
71757,0.004557943900258978
71759,0.011839527915355893
71760,0.002862816470999385
71761,0.014010547258621484
71762,0.002029404020356756
71763,0.003500938576862967
71764,0.008704539986196441
71765,0.010721355155587503
71768,0.10478983486406436
71769,0.027917019352613252
71772,0.000999907821473269
71773,0.008293596325637255
71774,0.00421891281461661
71775,0.014744100556747441
71776,0.004362664554189619
71780,0.0018120428053284652
71781,0.00467522067713533
71783,0.005257236437406673
71784,0.0005091845285972649
71785,0.0032500305811068966
71788,0.012857264015489624
71795,0.003980646954843215
71796,0.0006243395735777404
71797,0.004460915017104429
71800,0.09811202607519769
71804,0.009610577743568237
71805,0.001359788724037818
71810,0.138276023822913
71811,0.0029587273231838945
71812,0.0039551946385165595
71814,0.01588178004518761
71818,0.003358370187943475
71819,0.0004906455293941119
71822,0.026983314129805338
71823,0.023474456463742886
71825,0.09002705036572588
71826,0.0008205962665382585
71828,0.005079078994040579
71829,0.005698566000349827
71834,0.007504486370801234
71836,0.013138922373490193
71839,0.007630779408637064
71841,0.0021223996954957735
71842,0.004991120654479093
71844,0.0022879622551035014
71845,0.01994787381382272
71846,0.010795382835758706
71847,0.011419467769543598
71848,0.0053285126369050995
71849,0.025852869840183614
71850,0.03693950733955232
71851,0.0040725636092929784
71853,0.009251784505195189
71858,0.006960926039596901
71860,0.0031169198233787464
71861,0.5306285020684193
71862,0.0023550170598247485
71864,0.0030347234255993613
71865,0.07415912583093755
71866,0.0044781740645153095
71867,0.0237575775848016
71868,0.0036826055513034866
71871,0.005177855788525324
71872,0.004062445399728169
71873,0.002476833563615135
71875,0.01304001300854407
71877,0.7989132530708998
71881,0.012077773028092332
71888,0.012555393532928366
71889,0.10608361245724571
71890,0.0005692017865587995
71894,0.019819954792644433
71895,0.0014739285776623318
71897,0.005735556684061752
71898,0.0008142841431097349
71899,0.0670052570437705
71900,0.4893180774015621
71901,0.07237148899059437
71905,0.23242684178371467
71907,0.0003670452966231515
71909,0.018770976326310734
71910,0.03058551855307149
71911,0.0014559894388046501
71913,0.0014852708647581049
71915,0.005825842210720489
71917,0.004677005285328632
71920,0.22102953875358444
71924,0.003113234966010412
71925,0.00785511302528863
71929,0.00655686998479502
71930,0.001980396330812582
71931,0.025442961944925437
71935,0.0012653759866198767
71938,0.0043645227369357225
71939,0.033570047996071314
71942,0.004498521300042153
71943,0.011026627494059405
71944,0.0004473346368425062
71945,0.009277649862146731
71946,0.006315754692185323
71950,0.007920062006771346
71953,0.021468259507632523
71958,0.006718899783874811
71960,0.008812125053150752
71962,0.004708092913530877
71965,0.03749080770515028
71966,0.0035778920072506095
71969,0.002536613682010223
71972,0.015386895134711443
71977,0.0010583387864367586
71980,0.001726310159472599
71981,0.00948404104416057
71983,0.0001799257885880187
71984,0.01792100597866944
71985,0.002225556660200839
71994,0.030982719435848412
72000,0.002092506320527551
72002,0.0014541725152412272
72003,0.02465533252525929
72005,0.012521947217878497
72007,0.0021167153279052116
72011,0.005256005060005829
72012,0.0006491323819991373
72013,0.0031564193942561045
72015,0.005215419783518662
72016,0.0016657656824233627
72017,0.0006757561799133761
72020,0.0003001509536361558
72022,0.015007151957504261
72025,0.0010300699195817163
72029,0.006901712148308456
72030,0.004153686388479523
72031,0.002023704595257101
72033,0.00129845843721396
72037,0.0032594735737776744
72038,0.01094285084379101
72039,0.013860772847988258
72042,0.02663164121176003
72044,0.06611784548472496
72046,0.005278337802618243
72048,0.02845250039690453
72050,0.021530133556809564
72051,0.017129929444838404
72053,0.012420938366302012
72054,0.003610974972766137
72055,0.00419957965246247
72056,0.013733019961685088
72057,0.02181676456463406
72058,0.05586056852536786
72059,0.04755670932480228
72061,0.002411188633887918
72064,0.030230599965230313
72067,0.008646713135916211
72069,0.0007159556890016007
72072,0.0038652435948894935
72073,0.00927195627286604
72075,0.03962018841112474
72082,0.12139875868686216
72084,0.6101570911593895
72086,0.002397598431602486
72087,0.0003270825814586118
72088,0.016332920729935807
72089,0.0002281035152011985
72090,0.0028484101289071597
72091,0.0037857632047750295
72093,0.004317350576229777
72094,0.0029819149594319475
72095,0.0049506135709437085
72096,0.008784823731708299
72097,0.0007761708633700417
72098,0.000737759881720321
72099,0.0005475392847559969
72100,0.0017096270041186447
72102,0.0005479435584950846
72104,0.008451162967376562
72105,0.003751479521542709
72106,0.0011964177286537796
72107,0.001098349372000196
72108,0.02988635637391277
72109,0.008494132472897825
72110,0.022026660333841524
72112,0.017969627069684416
72113,0.0076899806693230665
72114,0.031583376405446506
72119,0.0005126920365763279
72121,0.007568490144299469
72122,0.0004211941286762548
72125,0.008369627954735098
72126,0.051943337889120145
72127,0.01057779397918237
72128,0.004146133142064554
72129,0.0007415231554979266
72130,0.01608686299242723
72135,0.00423601526822596
72137,0.009975026740527745
72138,0.007024076145013662
72141,0.0018913239329471265
72142,0.0029545820567731264
72143,0.004083853865545099
72145,0.001090401515883725
72146,0.003962574053628562
72147,0.007660401341079854
72148,0.009174987943113501
72149,0.0023892027126639153
72150,0.0035126796362067174
72151,0.02663723228021054
72152,0.00868828259078243
72154,0.002799347072183592
72156,0.0028827377536387614
72157,0.005751973609956032
72158,0.014036137174626715
72159,0.0030370350346811815
72160,0.0016404306080325345
72162,0.005996221228081061
72163,0.012490934142274975
72164,0.0010387491159927432
72165,0.014816840606343478
72167,0.005597439618082762
72172,0.003186691816912078
72173,0.001457066475428391
72175,0.004956494208600486
72177,0.003396555216188876
72180,0.004233094455541704
72182,0.008704494789258586
72183,9.310395831710402e-05
72194,0.0011457245723696028
72196,0.013707479650563372
72197,0.0019084107920259669
72202,0.004602131326585838
72204,0.005288974948181656
72206,0.0014631451351805505
72207,0.0100735984150008
72208,0.0171835671243278
72209,0.018984765338796936
72210,0.005469336074168684
72211,0.005105620351663969
72212,0.004870025231146641
72213,0.0022879317276027645
72214,0.0008247020314588704
72215,0.001936994087995457
72217,5.044814283518717e-06
72218,0.0005625529798584488
72219,0.003716474781505899
72220,0.005801029009324769
72223,0.0012116876994604918
37479,8.603615306716735e-05
39014,0.0005287328688529265
39412,0.0006970254878487262
39780,0.0002800384083139659
40204,0.005707262221945149
41728,0.001991792524786372
42124,0.0006109531989457593
42956,0.0028531373699267532
44195,0.0005508731307300583
44197,0.00041207759250243417
44211,0.011331925165193572
44212,0.006736339538050626
44214,0.004009357996582209
44216,0.13626436717304982
44217,0.007663388033080976
44219,0.006286680296925793
44288,0.01099295294980874
44325,0.0035325751441504937
44335,0.0008499742533411863
44344,0.002202197234973483
44345,0.000832552062179651
44346,0.0011013011564458203
44417,0.01678935566383707
44418,0.018079856126460684
44420,0.010775088850336477
44546,0.0024831944166745987
44685,0.0003741165539653457
44711,0.00188510193072149
44716,0.021167861693277685
44717,0.004194987991588442
44721,0.0035880315235347123
44724,0.007376511460422043
44748,0.000365221382147625
44754,0.004663028487930281
44755,0.002810119993649922
44756,0.004667938395450542
44757,0.003020913696729568
44793,0.033118905715140555
44798,0.22785840127430784
44827,0.0044504338447950076
44845,0.03640236858041201
44846,0.009079826828572123
44849,0.0036563547345351485
44878,0.07582363032568842
44937,0.016966559477824637
44944,0.00030014815729740034
44948,0.0010625583206413432
44957,0.0013440405391188944
45017,0.005730180078875398
45034,0.0017323641621432896
45062,0.00028349618141232803
45066,0.0019342712175420636
45080,0.0120523876220527
45081,0.014438913107358604
45089,0.01954829068810563
45090,0.0011793375948135794
45181,0.0053011390039318235
45184,0.0005826575271989689
45187,0.5342000207589263
45252,0.041595565280699166
45253,0.007218407912980434
45254,0.003478907653799952
45256,0.0012475215116944205
45279,0.0004586275672648513
45304,0.0022785020954654922
45305,0.0024669585657005736
45309,0.014394070199384953
45310,0.013288364198220277
45345,0.0004591561797513144
45359,0.0003629968568856123
45361,0.0008686975178803058
45463,0.0007742387896837762
45475,0.0038524097247216427
45477,0.0007229762020069901
45478,0.00031459431321648266
45524,0.0008584552099556813
45530,0.0019037226841840628
45533,0.00746069869382019
45542,0.010919503049264654
45562,0.0010939275698043196
45568,0.0017890230542690559
45571,0.001670449708808094
45619,0.006038118257291902
45620,0.007289419315456418
45629,0.01809352418913424
45642,0.002650266000715412
45744,0.006745741255843012
45746,0.0012396052035475729
45811,0.001220918971545607
45818,0.003377342016936822
45823,0.0008850368082160194
45835,0.0012338636757680526
45840,0.0008726062082275775
45841,0.0009812041584236128
45850,0.0003391468782273249
45853,0.0007580480501725952
45864,0.004733964806888332
45896,0.007249144017498384
45906,0.0016784210293542129
45908,0.0006057368403337108
45916,0.0016111679872227434
45925,0.0007965381541358134
45926,0.0025250108487402927
45936,0.008832885914408997
46010,0.0041295887039314505
46052,0.0019325043884970278
46092,0.016433936258809526
46101,0.01420633286174108
46136,0.0008160225757721544
46155,0.0007915307176678282
46159,0.0012441028173676507
46161,0.0029736716992443298
46178,0.0037889929438195383
46263,0.0033897324196970635
46265,0.0011335537071363582
46269,0.0011150285105915785
46273,0.0009164662388618277
46351,0.00038382486076181664
46357,0.007961912670225148
46358,0.013767184223529802
46366,0.00029362765437072484
46403,0.0005256153906749035
46423,0.06609182957515479
46500,0.0003735308889382671
46503,0.002925956883991855
46507,0.0001825456578380092
46552,0.0034765179673183363
46558,0.004299917015337364
46564,0.00025522386068683176
46569,0.0022425523767820392
46573,0.0025122169662762338
46582,0.0032875413830801407
46583,0.00222782427726556
46596,0.002220502196030351
46598,0.009844430517624812
46645,0.0009824009745189569
46713,0.0006317643201448547
46727,0.00627844998499264
46787,0.11258327880860612
46789,0.0001186439372619006
46793,0.00139779554059699
46832,0.018500433903980557
46888,0.0003263307057159245
46913,0.0009396231061250552
46918,0.003166763642749958
46922,0.008072157264361272
46982,0.013233139772742587
46998,0.004032694630387861
47006,0.005083455297494753
47011,0.005860674355458462
47013,0.0038877268089010163
47026,0.0004543063834228162
47052,0.09048541159594047
47099,0.012481576974588795
47102,0.006344055661031274
47187,0.0006554393772987742
47191,0.020893607065176956
47192,0.07634414826237465
47195,0.00455984065397376
47204,0.05501081301474359
47205,0.0008716290607351253
47212,0.0020293177756631293
47224,0.001302917857805003
47235,0.008989575116968112
47236,0.00040053605420825025
47239,0.0006320992307295971
47242,0.0018147943855346697
47329,0.09302207907692549
47402,0.0009197222313971032
47405,0.010335177559362228
47407,0.01258251559401526
47408,0.0030788378049357414
47421,0.017584325489665972
47422,0.013813266553683548
47423,0.0010389257159660419
47424,0.0016905352959567402
47427,0.001256788492110319
47428,0.0025129714029432457
47430,0.17042750800685802
47507,0.025677118969047598
47510,0.19356648339766935
47514,0.0022366909481016457
47550,0.0016374646295977148
47555,0.0009474193887261255
47558,0.0004577047692126966
47566,0.01655244858084362
47568,0.00023929052919358134
47580,0.06399999887991885
47581,0.03802931280442984
47585,0.0018610611360420036
47600,0.0019634193228638135
47601,0.007809032362188155
47670,0.0001354857096059583
47675,0.003824557027007929
47679,0.005497090689310671
47690,0.00039822327425032326
47751,0.001369502733142668
47769,0.0016390848322202216
47778,0.0006188734524447822
47781,0.0027675453815019443
47782,0.00375978589323154
47891,0.004410465778317078
47901,0.0010880652101860524
47904,0.011931808479181114
47909,0.11277928671249089
47913,0.0006229869960364875
47914,0.005886180781659631
47970,7.938186097460874e-05
47979,0.001000133332575518
47998,0.02917963252615671
48003,0.0007360186658613362
48004,0.0014801337988920237
48036,0.002362140380687089
48071,0.01098823373977125
48075,0.011824409908133778
48114,0.007991392811789257
48120,0.02665434759833014
48153,0.00022331732121766952
48170,0.013286615306364435
48171,0.019277155677991945
48178,0.00047425280537849484
48179,0.0010343218736553678
48187,0.034040091802258275
48217,0.010214353497084848
48285,0.007549768530445281
48363,0.0026501595906560497
48369,0.00018212721166471952
48379,0.0027847524015206914
48434,0.010825936832573602
48489,0.04758568403595171
48492,0.006702375589417567
48494,0.006861836641133054
48495,0.0018728736056233706
48515,0.005788339276595048
48538,0.0026483793910329436
48588,0.0010364594970382317
48616,0.0003397131914343374
48621,0.0008215791283421719
48732,0.0891038981550999
48741,0.052539409854024374
48743,0.026220203514710716
48748,0.005368609283474938
48762,0.000969561674522732
48780,0.00026927103833661705
48809,0.0037546701439028106
48815,0.0020298247820089497
48821,0.05855181413732
48926,0.008658615755304057
48929,0.006849749141879987
48955,0.029915478089995843
48958,0.0009341634954373117
49010,0.007836910512972344
49014,0.003819148083310112
49015,0.0030246478549529904
49016,0.0004258846133690801
49025,0.00030242187687847216
49037,0.0010996392799216314
49044,0.0032509693041425465
49147,0.003568227033125814
49180,0.001320497980614435
49181,0.007110863982667807
49184,0.015861482561799686
49188,0.01053074260640985
49193,0.0011957724256533167
49194,0.006185812419932096
49218,0.0003863566190655115
49250,0.0014620626616311486
49268,0.014558492743205398
49273,0.011473584983015024
49276,0.001847162997632793
49277,0.0061934716119068246
49279,0.035344090442084954
49374,0.002794454935576921
49376,0.0016786766377713165
49380,0.004498109378798588
49404,0.01060718524053909
49405,0.001945409083964985
49449,0.008191780716583495
49451,0.003069764061351213
49454,0.002607587618605992
49472,0.00020735278997328452
49475,0.001401260978153137
49476,0.002487809690510988
49477,0.0018540084129880815
49478,0.008441740720724749
49481,0.0049436459035845145
49484,0.01964088767292448
49485,0.001601109748570643
49511,0.0005198948758821535
49529,0.009161913201885207
49675,0.00017167414241947882
49679,0.0009610088117337767
50171,0.016832103005658083
50172,0.00597502339684026
50173,0.017103861321587123
50179,0.001212377737743871
50182,0.011910109734859588
50187,0.048213666696137025
50189,0.007477971973314271
50190,0.0042268221809725675
50191,0.001746426582102964
50192,0.01058500653988383
50194,0.012374251517622776
50199,0.011261444785490425
50200,0.0047172147427051074
50205,0.0015879627546388302
50208,0.0011175007442277742
50211,0.006594420947685238
50217,0.002163426628318466
50219,0.0009826778929628661
50220,0.00390538100246623
50224,0.04359056821370957
50225,0.14094124071853614
50226,0.01671141574912148
50227,0.03631361694853541
50230,0.009204317077439324
50231,0.05088227415304913
50232,0.0008075482862472713
50233,0.00030892274779417017
50234,0.06714151327212957
50237,0.036562534438097004
50239,0.010145862626740587
50244,0.00202813025916042
50245,0.002393282334952762
50252,0.0005214870909215127
50253,0.12218677025110583
50254,0.008203949142188924
50256,0.009766431346460139
50258,0.0064545341233185295
50259,0.006490391900541745
50264,0.008679185250158724
50274,0.001393042169679942
50276,0.03799553041842726
50277,0.007709520433600516
50288,0.0009507849196802499
50290,0.008032840028041421
50296,0.000826565446325388
50298,0.0003952119277336548
50300,0.0011525420623327836
50303,0.0217119110908465
50307,0.00044851561763151714
50312,0.0009647540938497647
50313,0.0004013341494404255
50314,0.05290994702416981
50316,0.0008368909769344388
50334,0.0007011343471006834
50342,0.0005676066452928074
50343,0.15987085171712567
50344,0.08856424401553954
50351,0.005096794715253423
50355,0.03333778114689039
50358,0.11139553547319737
50363,0.0023957053683193005
50366,0.03715806815615508
50367,0.00048324996484326826
50369,0.0474541149893656
50371,0.0008521646764525433
50372,0.0006622675885636358
50373,0.031112234027817737
50374,0.06967423394279444
50377,0.0720251153904045
50379,0.02248009910035338
50396,0.01823977334505564
50399,0.026512273087661097
50400,0.0019043903373799518
50402,0.0011715798368167538
50409,0.0474407532780817
50412,0.010090017128472867
50413,0.007217174485328688
50414,0.00209482112380444
50416,0.01467717001689408
50422,0.03030119600024092
50425,0.0012300693639015006
50426,0.0038086203806604467
50427,0.0016813208619624572
50428,0.0011771810793622702
50430,0.0016854189832707417
50433,0.0016770340461214344
50434,0.003928815947690927
50437,0.001078342278546505
50440,0.005005242578928281
50442,0.0072704809862419156
50446,0.0017034993400685664
50454,0.04834063791401528
50455,0.09423037887041769
50457,0.000784966546736033
50462,0.0026620700292467113
50465,0.014267978596083553
50466,0.009751120308745115
50468,0.01036128919092094
50470,0.18584497998378335
50472,0.036521275716056005
50473,0.0019420651602771782
50474,0.014747691260252105
50475,0.048887374676819875
50476,0.01568349894416062
50481,0.006526710536626972
50483,0.003666246434265903
50487,0.000515591433135156
50489,0.011189086085755981
50491,0.005400410229985668
50494,0.002999168975644103
50495,0.010022792855606151
50497,0.0006437175144620585
50498,0.15522446469712067
50500,0.001930945335492644
50505,0.0050356683597149775
50507,0.004427782401840255
50510,0.01780618787669581
50511,0.05750076436895278
50512,0.029637228830516813
50513,0.000707846428033488
50515,0.014939702195547595
50518,0.0023219707589818826
50521,0.0018016547435948625
50522,0.003494573759884712
50526,0.008096359139465045
50530,0.01304176654838147
50534,0.009620787133657896
50542,0.0009293941549439114
50543,0.008767561549402959
50550,0.0025679476689858625
50551,0.006414644428678022
50552,0.0038660841633629773
50553,0.017837306183181967
50557,0.22323498770115227
50560,0.010856124720886417
50566,0.05781459055969369
50567,0.022424294022330513
50569,0.007568223626104314
50571,0.03624316946023679
50572,0.06081109956673083
50573,0.0007778861939821222
50576,0.0008845547646001799
50577,0.014359017588888329
50581,0.0051908736071591055
50585,0.004489727104798095
50586,0.06637459814379165
50587,0.010720048456304431
50588,0.029215829664330905
50589,0.07915611131354744
50590,0.014046045287757037
50592,0.009546335210003316
50593,0.04242647696258797
50594,0.01582997297563528
50595,0.0014462286555767766
50596,0.046679408441813286
50597,0.06348346291573771
50598,0.0005840038776940928
50600,0.0006462143055724123
50609,0.037951970107859404
50613,0.0004321403809427691
50614,0.0017417956372307016
50616,0.005862266445457171
50617,0.009863926116733784
50618,0.0005249858821010987
50619,0.012723870379100423
50623,0.0017449898066968688
50624,0.001545431547046387
50630,0.00214419965095568
50631,0.020215086745730897
50632,0.0005542939341689485
50633,0.003879159630114937
50639,0.026379881811950424
50642,0.0014573518501098369
50646,0.0026404454899977485
50648,0.0016564425931135458
50655,0.0005466663773704785
50657,0.012441498849765014
50660,0.002350754313957469
50661,0.0011620092077470133
50663,0.06442464585942283
50664,0.000585078902399171
50666,0.0037068554184789414
50671,0.005579091757505311
50679,0.00224718394547088
50682,0.02726036761605643
50683,0.00419738770187736
50684,0.001840056059777464
50685,0.03789610963382255
50686,0.014951908220722477
50688,0.00983209522330593
50689,0.05578592904588606
50692,0.001552866019862067
50699,0.0016369727052288597
50709,0.00874439342587908
50718,0.0016127990863367926
50719,0.006663665789665062
50722,0.0012364533664139207
50723,0.01380988729495863
50724,5.6702936108801207e-05
50727,9.452479073498362e-06
50728,0.0025938477969794684
50729,0.04281998272782625
50733,0.002364567733667539
50741,0.00071152216828155
50749,0.007941072218538039
50754,0.0445562160860565
50763,0.0005835535878492017
50768,0.01314781106155943
50770,0.0014195457341510077
50773,0.004594120663775222
50779,0.003841371300514965
50780,0.0012884851821511464
50781,0.0006700413185707026
50782,0.007485867405676001
50783,0.0017631860615725694
50784,0.0005376795276948136
50788,0.0007351486992389595
50795,0.00801354273278476
50796,0.008460006129293665
50797,0.008598678006023626
50798,0.007708847597607566
50799,0.002261231805959564
50801,0.01128712733540844
50803,0.0015938286021311369
50804,0.0007284017235937405
50812,0.0003344262834835097
50815,0.0006167978481110432
50816,0.0009536398901661658
50821,0.00971688526328434
50823,0.0033904747230044064
50825,0.004338810519640092
50827,0.010791884760792052
50830,0.004310135553753162
50831,0.008600235288014393
50833,0.0031080377994601835
50834,0.005478821399480158
50836,0.003243253517221398
50838,0.00019672456816168817
50839,0.0011069889225575219
50843,0.018068754744248336
50851,0.02465209356662988
50852,0.001056934064673946
50855,0.0033259306848001766
50856,0.006412901197643156
50858,0.00154364798262214
50860,0.024066434851496902
50866,0.0018728627399832395
50869,0.08066727856445685
50870,0.021225431523251414
50878,0.0021748123598997037
50879,0.011868338351929353
50880,0.04113524919709612
50885,0.015242961449291763
50886,0.2924284785595229
50888,0.0006211075876639552
50890,0.0007518556576216727
50892,0.0036191364634952047
50893,0.0030451622150786707
50896,0.0009168029168255164
50897,0.015060165449825025
50899,0.0016545078527795706
50900,0.0006131340737479346
50901,0.0011076251983254256
50902,0.004345980592770851
50904,0.0038484196728576464
50905,0.0020566776343736177
50906,0.057147170723190796
50907,0.015726778299855124
50908,0.03416040098888824
50909,0.0031212318930654544
50911,0.0034724356270820996
50918,0.04243354919451417
50924,0.0903275717277417
50927,0.01068722677448829
50928,0.0012977027615606132
50933,0.2033642627937115
50934,0.016050081103638952
50937,0.15472008730897854
50938,0.009341608718131509
50939,0.015793399948505933
50941,0.0004960919045796344
50942,0.010853794645472875
50943,0.013524471639629328
50945,0.012907612706547918
50946,0.023201208494034398
50947,0.0005080023942297429
50948,0.15345946678269273
50951,0.00048197128406153003
50956,0.0018927727682320752
50957,0.01381530221920959
50960,0.001015093383969768
50966,0.001402280122634072
50970,0.016968896393717528
50980,0.0032378959683907944
50986,0.0018006107497820605
50987,0.006847562224480243
50988,0.0024264592328423354
50989,0.012618189916976792
50991,0.002144869276246258
50992,0.0007144904037114626
50993,0.0014448917717231457
50994,0.005017169950588359
51000,0.003345488414628478
51001,0.013433829140924591
51002,0.02193229389341085
51003,0.0038181325600893865
51013,0.0039503030876942855
51020,0.0034916699251969947
51021,0.02191309958615408
51022,0.012334115533367539
51024,0.0013668395042072214
51025,0.0028080532418496896
51035,0.00485501261126202
51039,0.015591219767363001
51040,0.0026937866172132064
51041,0.008969588583705926
51042,0.03606317050170176
51043,0.008979849289289861
51047,0.014659022303368963
51048,0.01012158083780959
51050,0.37286985133354333
51051,0.001048731263265815
51053,0.002374139115896317
51054,0.1646510137332153
51058,0.0008051444905624296
51061,0.0030927669656876174
51063,0.013312254694552746
51067,0.013447432166785043
51069,0.1347007471674584
51072,0.005924881166213634
51075,0.05529339903796566
51076,0.025180610234539384
51078,0.03602860935892687
51081,0.006387677671065818
51091,0.0005561959083639881
51094,0.002013472735816188
51096,0.04355135273139434
51100,0.031143238312155513
51102,0.0024649162169178064
51103,0.0066912393684805385
51105,0.0006958629803253037
51106,0.004197557674236439
51107,0.013688878932923395
51114,0.0016197807435673142
51115,0.06074910360785323
51116,0.003911899248088515
51118,0.003858264271776991
51123,0.003589805160259217
51125,0.013486182110588775
51127,0.0006943665497439998
51132,0.001035449510070189
51138,0.00031466320357658215
51144,0.00735168769926323
51152,0.009595319889810994
51153,0.002676641688918211
51154,0.14871349039758971
51155,0.016867821955555428
51157,0.00023844718559531278
51158,0.0024220170708892336
51165,0.010394791742547389
51170,0.009473830194902406
51179,0.0040305238126076325
51180,0.017896950381839742
51181,0.004129521589041749
51183,0.004154067781514316
51187,0.08533848343247544
51205,0.0027271642408292006
51211,0.013314130365182345
51212,0.009129829690019573
51219,0.0015572725166350591
51220,0.03388646125444188
51221,0.0008118562395626314
51225,0.012263499403403526
51227,0.0009595484887637582
51231,0.04021828611322681
51234,0.012702847968684042
51238,0.004688587565632664
51239,0.007092505249969614
51240,0.021967520012800383
51241,0.002399813129819201
51242,0.005864850725269359
51244,0.01752683662899566
51253,0.0018551023592683535
51262,0.005386157517430787
51265,0.005266588501813152
51272,0.03514324683842964
51273,0.0005204791025780033
51278,0.0010926232920995891
51279,0.001483244440105257
51285,0.0025889500017241287
51288,0.0008794414872766316
51293,0.004862982014102902
51298,0.026574858985734535
51301,0.17179823874741953
51302,0.004349810686377073
51304,0.022570443317022817
51314,0.002178377207585146
51315,0.0003547695734710773
51317,0.007963638276150995
51319,0.002409780023942113
51320,0.01876076151273526
51323,0.0016282494074549877
51327,0.01609154332192168
51329,0.0005926423086160346
51331,0.0003730148938845121
51333,0.0014010322481364554
51342,0.002136674775403531
51344,0.002435265926419909
51348,0.18929696258702733
51350,0.20849469987648084
51352,0.01261767644243431
51354,0.0025392773303674863
51356,0.12254530712083506
51357,0.0029604426747211893
51360,0.0451341037763371
51361,0.006462744624612447
51362,0.07791811908068003
51363,0.23140359299222185
51364,0.0047727286815911155
51366,0.018548622622746702
51367,0.38279155192596326
51372,0.0024034702934776094
51373,0.024860388845767994
51378,0.016923730215682817
51379,0.003456510531535619
51380,0.003526302199797393
51383,0.02186284062274274
51385,0.0007251205463051339
51387,0.01858501366882104
51389,0.012732729497089756
51390,0.06885359714304518
51391,0.04041293235254969
51394,0.005847535645917066
51400,0.042497094516411746
51402,0.00457521506723205
51405,0.0019075802182488303
51411,0.004763738267376488
51415,0.029904426291795023
51416,0.002216736099701667
51425,0.006618390902841596
51427,0.0012658511458850871
51430,0.0028609323466519216
51433,0.006412572826744061
51434,0.0025596534759706343
51437,0.00037462040241003687
51440,0.0027500676777038645
51443,0.004542856517123484
51446,0.04708786491675684
51448,0.0010654017021021404
51450,0.002090571449566765
51451,0.4620999026316495
51453,0.004848537088615141
51457,0.0009536626250468319
51459,0.0030733183179735223
51460,0.003449939919431427
51461,0.00593676713316412
51462,0.06553570608874291
51463,0.0013082818512611383
51474,0.003239120030889096
51475,0.0022112398357418306
51481,0.11993507231000057
51484,0.0592493716925033
51487,0.0011361362384526776
51488,0.0018379166242952145
51496,0.14974430185380547
51504,0.018388214108528016
51508,0.0007430290555124426
51522,0.002298194348782403
51524,0.0011154205975865655
51529,0.007688101033949634
51532,0.047625003041850016
51533,0.0008606224585278053
51534,0.006229189966565123
51540,0.0019224267909301012
51545,0.002321494179373403
51547,0.002316302761925823
51548,0.006765105227359483
51549,0.0005338693673959432
51550,0.012611244673030602
51562,0.0016812529566380926
51573,0.003756733045333119
51591,0.05922104326093213
51592,0.032184871997592866
51593,0.04155709933811961
51594,0.0011127283621844822
51595,0.44846217255481585
51618,0.005795427016860878
51620,0.012470873602487303
51621,0.0007777404185725519
51625,0.002858114469054623
51626,0.0021305418852367833
51627,0.008043927280778655
51635,0.27599181961068386
51639,0.096283778958907
51655,0.0022761317647546635
51671,0.0004883979352744902
51672,0.01928811307016768
51674,0.00827757473243234
51682,0.0024195464821735275
51685,0.002964906438026494
51686,0.001506901882270235
51687,0.015461802896075478
51703,0.015609585407413383
51733,0.04784187605582554
51734,0.0012291504236667825
51748,0.002925653298270505
51755,0.011579173315233476
51766,0.43673403092134466
51777,0.0012123448893846065
51783,0.004270222040200909
51784,0.0004945479273050318
51786,0.007481946158355471
51787,0.04720913429216501
51800,0.0027068986939211438
51802,0.010717775892847555
51809,0.008669692633829327
51818,0.00045307684644361746
51819,0.0008920707565647426
51835,0.014446740912154627
51844,0.004372172291267336
51845,0.01661334845116404
51855,0.012377135248891117
51858,0.001776555110208913
51861,0.0008385557726552412
51863,0.0022454254459258662
51866,0.0005820111459598997
51868,0.02975548007964837
51869,0.002858549902644947
51876,0.0033423823195235726
51881,0.043610081056441576
51883,0.007462357816173057
51885,0.0018111865025914424
51888,0.0020426963726819154
51889,0.06115786387918045
51894,0.010372506593921619
51895,0.0005643632517829636
51899,0.0020323329328722863
51929,0.005102258369059361
51931,0.03982475747018357
51933,0.11234332037350502
51934,0.0009108095119712664
51938,0.001763180471017257
51950,0.005285003292397212
51953,0.0052065753553666265
51954,0.005316362409797517
51956,0.05611101938587013
51990,0.2289593077895692
52003,0.00045649211507100705
52006,0.00016657901450556787
52022,0.0010794197500102068
52023,0.016828350791685757
52025,0.016937966709928413
52027,0.0019934543323917382
52028,0.0173175879799794
52038,0.00022429302024111968
52058,0.0037576530233257477
52059,0.003801165467440854
52063,0.3560686578056302
52082,0.08555644057474082
52084,0.2434332676872236
52087,0.0168705194975381
52088,0.0159476488656334
52089,0.002050491842472876
52090,0.0019826536141076454
52091,0.002877201419860793
52092,0.015957248998004412
52096,0.003808426516583107
52110,0.02374680070686875
52117,0.07845845535107812
52120,7.331409761086267e-05
52141,0.02409861825894488
52145,0.008933141253332258
52146,0.02909728861487625
52147,0.03072201706178674
52167,0.0026519089358862974
52175,0.010829889417025252
52188,0.050118324474171104
52195,0.017141905548061186
52202,0.004090135129213139
52208,0.0008170748592729375
52209,0.0026878498937814898
52213,0.0009256287664837149
52215,0.0009790181045729288
52220,0.014997736723100395
52230,0.0018102777086355833
52240,0.006868648976267207
52247,0.0025215617484129287
52255,0.013643490049045024
52257,0.002708797997615372
52258,0.030693020758691448
52259,0.014045952571740938
52260,0.001324739280498276
52261,0.004577981294423621
52262,0.0006855616913069218
52265,0.0010815258167544705
52268,0.007852699895956518
52269,0.002972832653061422
52275,0.010084362972414744
52276,0.02535767927726625
52279,0.016431620404920237
52282,0.01364292604973984
52289,0.0068943174336281035
52290,0.03536910223491248
52293,0.00033935337127640966
52294,0.005065317230319788
52307,0.0013676495615722274
52308,0.0007016221265664765
52312,0.0016588579516503708
52315,0.0027041720813678464
52318,0.011069387354017057
52319,0.012170946798947271
52325,0.012451674781457853
52330,0.0028468399004249268
52335,0.007780942451732487
52336,0.0004259067628408999
52341,0.0041345835771349915
52343,0.0104916224230819
52344,0.0006167992652719819
52346,0.016179943786366422
52348,0.0006648106320535476
52351,0.0029036076998708313
52353,0.0016453921582467177
52356,0.014491334732277617
52357,0.002796313048158663
52371,0.019628408414323856
52374,0.01649752467750943
52376,0.012732712941762099
52384,0.0008516649057129218
52386,0.0004983622388249296
52389,0.014821987759092598
52394,0.0040494439556680705
52458,0.011117274665724325
65428,0.003971971764862684
65430,0.005154441224230716
65432,0.004219428481389961
65433,0.005205134739546508
65434,0.00839402863896284
65435,0.014010661327246196
65436,0.03666855897491533
65437,0.0013840271705009835
65439,0.0019347898358010212
65440,0.001326908240170947
65441,0.035842038854150264
65442,0.028121879957234506
65444,0.0036716364312527907
65446,0.0021189417052469616
65448,0.0060906021276299245
65449,0.0033561141461708154
65450,0.15748294664037565
65451,0.0486548437732583
65453,0.002352827698117391
65454,0.011253347838613781
65455,0.0178930268987004
65456,0.038416296681624544
65457,0.046722955971649605
65459,0.0984779159713948
65460,0.005493036721115077
65461,0.004586426151069462
65463,0.0057524734292271435
65464,0.0028337685791125613
65465,0.001155340756653619
65466,0.008021295496162689
65468,0.001776563259928627
65471,0.0005987095296125595
65472,0.0010572906002668627
65475,0.005817420577360834
65479,0.11526174177085834
65480,0.014336851757287798
65481,0.029706582384737067
65483,0.021979078330197816
65487,0.042204968331264824
65488,0.0011356645919094375
65492,0.21284105143392365
65493,0.04209910095855565
65494,0.116590912391592
65496,0.005563918472133122
65497,0.23420163217346138
65500,0.34543540820219726
65501,0.15386238571933253
65502,0.02396145193038348
65504,0.0020013390239735406
65505,0.0009994301204238345
65506,0.03244053013742493
65507,0.029021588141893317
65508,0.0007209820281940531
65509,0.016293213813379174
65510,0.009022876725376421
65512,0.007792776837244013
65513,0.0017523643349206203
65514,0.002498565693143527
65517,0.05250829318822448
65518,0.023940943670585486
65519,0.09469598858053112
65525,0.016597516809470737
65527,0.003357046699688538
65528,0.0008379475440991044
65529,0.03419885911606893
65530,0.04071951375906242
65532,0.000501179205194407
65533,0.0010800177598023512
65534,0.012628603258762049
65535,0.0035119057657621504
65536,0.011103049300531343
65537,0.00401954882911326
65538,0.000893107712690274
65539,0.007156989295885061
65540,0.0022801536867116763
65541,0.008768156584000653
65542,0.0020392473561493198
65543,0.03755365883514054
65544,0.005664289680448543
65546,0.003805349984881172
65547,0.01770243073749929
65552,0.00147728738077421
65553,0.002866098442934456
65556,0.007731183900718882
65558,0.0023500311093886768
65559,0.0008588482857562333
65562,0.0015738006423069017
65563,0.20227505765188913
65564,0.038872504522824765
65568,0.002450296733283727
65570,0.012182390960846052
65573,0.0003653119420875535
65576,0.0005583036665207611
65577,0.009038618870167069
65580,0.6875049914434623
65581,0.034421767574965324
65582,0.0015936326089364065
65583,0.2959599963747709
65584,0.008806116912190649
65586,0.14438348361136114
65587,0.03464179420799399
65588,0.0006968014486633216
65589,0.2791861241614245
65590,0.010297341954679134
65591,0.002621178337601232
65592,2.0567512977102244e-05
65593,0.006356139996844052
65595,0.0009268529362322945
65596,0.06680966526101179
65597,0.00317613126452607
65599,0.0011806096229692643
65600,0.017537443021818196
65604,4.587704014663714e-05
65605,0.011628828505474231
65606,0.0018592045916408827
65607,0.006870994985678268
65608,0.0020794959249834325
65609,0.00044285432035667534
65610,0.011480367335132538
65612,0.0015156313836557109
65618,0.002394563044987846
65622,0.0012756365576390154
65623,0.0036777333613936206
65625,0.005052421922797091
65626,0.0061056017795639425
65628,0.004702889657046686
65629,0.00419083333812223
65633,0.05105853641757217
65634,0.005055644260484849
65635,0.01682686900385613
65636,0.035346221769314054
65637,0.003678133142198332
65638,0.004360528061814901
65645,0.009111571361220778
65649,0.010681156314213161
65650,0.004684133380579376
65652,0.009010597068389364
65654,0.05089328975528555
65655,0.16242489607337668
65656,0.0038013815971896865
65657,0.0018603936751753797
65658,0.10299400458389685
65659,0.0044036831787472855
65662,0.015139916461829812
65664,0.001371997358975129
65665,0.008662270613669705
65668,0.02084383703403953
65669,0.009867202393779723
65670,0.03284304695551175
65671,0.0006848088562919566
65672,0.004385331544927709
65674,0.23353981269834784
65675,0.18071941090358182
65677,0.004115585728981922
65681,0.001063403130202583
65683,0.004404092418220311
65685,0.002873198489226957
65687,0.01473179406199049
65691,0.0006892902484057952
65692,0.2443751472197518
65693,0.000999396291315787
65696,0.0009132286020586983
65701,0.1372796024210174
65702,0.003104339053143814
65703,0.004061381330661843
65704,0.03144048090300857
65705,0.0015163349376672791
65706,0.002326583484776188
65708,0.002469063693790333
65710,0.006176357361233615
65713,0.00751534581123023
65714,0.19075830693149057
65716,0.019910850769202404
65718,0.00577096325662414
65719,0.00038747964642877404
65720,0.24772421386936877
65721,0.0018360469209096797
65723,0.0004990316214145303
65724,0.0035621237460235844
65727,0.14567514189883668
65728,0.17944165461136913
65730,0.005172055671896536
65731,0.2668552907916974
65732,0.0012003199723964477
65733,0.006027810505701736
65734,0.007349358990453185
65735,0.003355710498745947
65736,0.011426991768333545
65737,0.0009748376243862561
65738,0.001519986121447595
65740,0.005273999672621992
65741,0.0008716919438549656
65743,0.04165749812502114
65744,0.024557369564542512
65747,0.003198125906826615
65748,0.007844327886806323
65750,0.0005999166259355394
65751,0.048235218020099925
65753,0.023861077911259777
65754,0.015765596732354666
65755,0.0009279300271136975
65759,0.07151399333884573
65760,0.0035303858869629745
65761,0.0025340555241162134
65763,0.006207003668334916
65764,0.002281560372692414
65767,0.02214006714467074
65773,0.0034139445988852434
65774,0.01752385806599824
65777,0.026043920779781883
65778,0.04679538496205335
65779,0.0009920210292224552
65783,0.001796571495824064
65784,0.0077199079371847315
65785,0.014576264039885017
65786,0.003248209557209382
65792,0.0059063807392018665
65797,0.0679032747898379
65798,0.009014819793682455
65800,0.7547908424909867
65803,0.10066925875911951
65806,0.0024178007888899524
65808,0.0019493579959292547
65809,0.003164046527314166
65811,0.03196269431404461
65813,0.001961576023667019
65814,0.006487536373188156
65815,0.03981710224663949
65817,0.0018044500856079265
65819,0.005009697875499777
65821,0.0007658927259762495
65823,0.004803233257000572
65827,0.039129036507660066
65829,0.003085879930138522
65833,0.009678852113390153
65834,0.006741337956921508
65836,0.004326994098395628
65838,0.004624147265959287
65840,0.0008661475345257822
65841,0.02155773931957536
65843,0.039354768018175154
65844,0.004582713517067209
65848,0.02310378043074633
65851,0.0009440335239168851
65853,0.000656259488937254
65856,0.02620610373679697
65859,0.002771648679479667
65861,0.00829320339573691
65863,0.0012218374627834727
65864,0.003243760356475229
65865,0.004114575642165589
65866,0.05907404756604313
65867,0.10543640520739124
65868,0.0021830328554589863
65869,0.007287129438495632
65870,0.05325324417772443
65871,0.001319165223266746
65872,0.002782423713092579
65874,0.008111125733364003
65876,0.0030449058643448397
65879,0.03214959274900585
65880,0.0015521920239289636
65883,0.015049472741850497
65885,0.00010338932113102844
65886,0.001161194194926058
65888,0.03683290385219706
65890,0.006840161874646449
65893,0.02283257516891918
65894,0.0009512273020923225
65895,0.0036447616316029247
65899,0.020927085483653685
65902,0.002044305012267073
65903,0.002418430324910658
65907,0.03884716865291099
65909,0.002447520905547126
65911,0.015573234605676639
65913,0.0038241254534238647
65916,0.20196988861706658
65920,0.00020284158780766996
65922,0.01435406510825008
65924,0.10718359908695574
65927,0.005835025329109565
65928,0.00409028959289876
65929,0.00969389176033377
65930,0.014229747964087594
65932,0.052212635681433896
65933,0.00912389093771479
65937,0.16142803941686157
65940,0.012204446138979665
65946,0.002669383832537133
65952,0.012781181263369608
65953,0.03870653543646942
65955,0.005640571669294263
65957,0.0049697162720676435
65959,0.0011060583597597182
65961,0.0020138053381467953
65963,0.2947579445365329
65964,0.004524774368559343
65966,0.0055888235365752935
65967,0.0009094384638482261
65968,0.002681718795388721
65969,0.007813896342449996
65971,0.05186767575967572
65972,0.002009406313157332
65974,0.01768308510701043
65975,0.00588261576715463
65976,0.008510458323499257
65978,0.036366431750493484
65979,0.015818321736390955
65981,0.08033512586331452
65982,0.003936185126415793
65983,0.09486677692911506
65985,0.004794917188678061
65986,0.00062562515635
65987,0.0011513522632425625
65989,0.0007251979503280485
65991,0.017675075181701274
65992,0.0009908236660232722
65994,0.02158404959570343
65997,0.02852697402887542
65998,0.0025591720221993276
65999,0.0009613109466638054
66000,0.0004674724467941436
66002,0.00497507730320334
66003,0.0012398056408118188
66005,0.0027027146601941703
66006,0.04225501841969093
66011,0.10917255367905174
66013,0.0019143921714545019
66014,0.01981576212030913
66015,0.02562761799988315
66021,0.0058889935606717325
66023,0.0037516377187795783
66024,0.00563108476181246
66026,0.013029999542618393
66031,0.0506858552517865
66032,0.0451776296324764
66033,0.0029493832899346577
66034,0.031140788802303265
66036,0.007057536845301807
66037,0.033040739874816906
66038,0.03374025716466978
66039,0.010593416792776762
66040,0.2779639810236834
66041,0.0006116916667247407
66043,0.0007581276588919647
66046,0.0028242287782168428
66050,0.0019362997653561845
66051,0.043259107564498314
66052,0.0019463667739410475
66054,0.004257919349954306
66058,0.003950743542688943
66063,0.018206569068431665
66064,0.046838468538580584
66065,0.011387859891464304
66067,0.0006178934807996686
66069,0.15619853050362362
66070,0.006083477539550219
66072,0.039009294854191294
66074,0.002493033131733268
66076,0.0011858069930158336
66079,0.0063729258361411
66080,0.005051634812987396
66081,0.007282453668340053
66083,0.0019701189457434977
66089,0.0013156571199537071
66090,0.014518320544748137
66094,0.008055000667733687
66095,0.024603147958353215
66096,0.025227199108928178
66097,0.1283724476299177
66098,0.23723578619742525
66099,0.021106429067738287
66101,0.0034081218990633226
66103,0.002119283704821003
66104,0.0022025855151675913
66105,0.0051333539291244885
66106,0.03130959964701367
66107,0.009611302323451205
66108,0.028761099401560134
66112,0.016357273688327324
66113,0.7152071840624582
66114,0.10742161804565199
66115,0.08471976224495131
66116,0.007061535221229857
66120,0.015405838029263225
66123,0.0052237467721661475
66127,0.0028374511581410198
66132,0.005499619147032854
66133,0.006891132967677119
66136,0.0011623851078933622
66138,0.014695120281253818
66141,0.0015155472175441757
66143,0.012065388389810245
66144,0.01607925301465954
66145,0.0059430127317631355
66149,0.004021655448920096
66150,0.0090209599991349
66152,0.030406236218905473
66153,0.0015682795657294768
66156,0.007453643349371012
66159,0.02149552920912908
66161,0.006006993795176169
66163,0.2073821069612822
66164,0.0011919030741538686
66166,0.009869206347093148
66167,0.0033414977398844277
66168,0.006727726703274705
66169,0.017281534471260025
66170,0.006305277775485318
66171,0.007249696817018174
66172,0.3626035802512961
66178,0.001749348079501952
66183,0.0061296008669025764
66184,0.003337158327992934
66188,0.015863683170498282
66189,0.0022662700565847637
66191,0.00498736819433474
66192,0.006407107357388976
66193,0.002950467871762631
66194,0.005030274189874405
66196,0.0017365488642035552
66200,0.21222366635803586
66201,0.0009797182583683082
66202,0.027110203718528268
66204,0.004153654951153118
66208,0.015013712708558042
66210,0.010416098622469207
66212,0.14579826319581146
66213,0.02012235802869125
66214,0.13816660762647617
66215,0.10888721284210703
66217,0.012501520232228681
66218,0.010114980657137385
66219,0.17254997934702068
66221,0.032823585880603405
66223,0.0024882061443894997
66225,0.011648258554419436
66226,0.050104431300134665
66227,0.0023802898088799555
66228,0.023228066320979294
66229,0.06661153724083956
66233,0.0059335445348018935
66234,0.014161433956831525
66237,0.0036305842343683187
66238,0.019668466568687343
66240,0.05271914580193339
66241,0.0028767671740920885
66244,0.00846222239051881
66245,0.05275081687017484
66246,0.002884799515895906
66247,0.010274430856018348
66249,0.002694818596156536
66250,0.003250699299879089
66254,0.009337419977242885
66255,0.0671420563593352
66260,0.0018741982819223896
66262,0.004046989677720384
66263,0.005170336239282335
66264,0.0035286264189097493
66265,0.007103929126081867
66267,0.007353873832377332
66268,0.004188012532548826
66273,0.05820696462040762
66276,0.0015498835313598784
66277,0.005122476037274704
66280,0.0038247120395881644
66281,0.06266871142066667
66283,0.022785850224501497
66287,0.007220910862481639
66288,0.001522848586108137
66289,0.09553454292816393
66292,0.04919604764024895
66294,0.0021860603494029273
66295,0.020888835525081688
66296,0.001250087509469773
66298,0.01601775466108394
66299,0.0024033208704823937
66300,0.002916769055437068
66301,0.0022280752649257224
66303,0.011288905081660914
66304,0.026320178636366928
66305,0.01271686459437367
66309,0.0034363719038097047
66312,0.008249207834738275
66313,0.019128951173673435
66315,0.0925902063305631
66316,0.007743615003532608
66317,0.014263509782625755
66318,0.0139497803474043
66320,0.007118356789758301
66325,0.0027112797383847366
66326,0.001004061440638212
66328,0.002008307815926968
66331,0.004784481004229355
66333,0.0074361161958057115
66334,0.0015230791158974519
66336,0.0021303020016851925
66340,0.030964005717927828
66343,0.009156452810752416
66344,0.1336747210691927
66345,0.008775942060699957
66346,0.005944590246430212
66347,0.002452680993066695
66348,0.008111443170871584
66349,0.005616707041876414
66351,0.09847739833628438
66352,0.007708234572194222
66353,0.002962830605987307
66354,0.001886543085278829
66355,0.0005351785649342442
66356,0.023739769299473128
66358,0.002114191802890499
66359,0.0004191910618338418
66360,0.005024230202757473
66361,0.008603886650917103
66362,0.009027540967377658
66363,0.03904929668844083
66364,0.006055594985073381
66367,0.036942290282235224
66370,0.005657283756001639
66372,0.003899679822708922
66374,0.004442529841039195
66375,0.21033275709692845
66378,0.0021664567240795526
66379,0.003411922090925869
66381,0.0020856799515647085
66383,0.0033441934592563153
66384,0.022049826938399956
66386,0.0006491306645205392
66387,0.013203683654439092
66388,0.06514989805644586
66390,0.0018624895764821296
66392,0.0017037772618882382
66393,0.007179121835508352
66394,0.027374582109838938
66395,0.007170845623720477
66396,0.0009214687540289586
66398,0.009566725923948161
66399,0.002214804364479886
66402,0.007650287754680623
66403,0.0033305153300493087
66404,0.0009603684822125566
66410,0.15725385459558344
66414,0.029090932879669185
66418,0.0019423748412316236
66419,0.002406597018014563
66420,0.6927500488061871
66421,0.001114630415192141
66427,0.004128246980200835
66430,0.003877634611230303
66436,0.004632537117951549
66438,0.08190598301428847
66443,0.0024797176035697543
66444,0.012286471071743067
66445,0.003780850260537879
66446,0.0011204414802754017
66447,0.0009577719471313932
66448,0.002676058756252243
66450,0.0027494322183200257
66451,0.00773347750058149
66453,0.000705394100684557
66454,0.01508338338490599
66455,0.025844692425686433
66456,0.003391205666031965
66457,0.005173206163376809
66459,0.0028647072280452938
66460,0.019684331475001256
66461,0.008772593099141612
66462,0.0019976642415633727
66466,0.0008484205625567404
66467,0.011554615213185829
66471,0.01368811254660855
66472,0.0004642077346582078
66473,0.022762605369306774
66475,0.0018460778204434274
66476,0.03695884354099376
66477,0.05722371662037448
66479,0.0032223164107721787
66480,0.1966522508763588
66481,0.027026159103712526
66482,0.009124479050482375
66483,0.197929523111569
66485,0.09704547480673574
66486,0.01319169882838249
66488,0.0006238327849745036
66490,0.0060599479295467325
66491,0.003811473290337665
66492,0.23401832423846566
66495,0.0009689331703339187
66499,0.001564812804934337
66500,0.003274837806482719
66501,0.33927252005024094
66502,0.0031566950983353916
66504,0.002745214346613367
66506,0.0025036449304932716
66507,0.007738914412185353
66508,0.0049491231300333284
66509,0.0031847909608754728
66511,0.0003272816373079311
66512,0.00011193589659652984
66513,0.030256298182872392
66516,0.002414883932739015
66517,0.006561816612637863
66518,0.00269779866144591
66519,0.006709327538002907
66527,0.02690800007856533
66528,0.08750455111578324
66530,0.017998220047237865
66531,0.0016784480537552259
66532,0.2262617962245105
66533,0.005777427367694671
66534,0.0007639737269401506
66535,0.0018333942435825581
66541,0.006942847888312145
66545,0.01826279826479356
66547,0.004844519742404644
66551,0.005140949506198402
66556,0.030761360098499637
66558,0.006367797886464742
66561,0.19667928037931665
66562,0.01584094326989214
66563,0.14193058156436994
66564,0.003307759898289046
66565,0.13457358009562456
66566,0.009780132414092691
66567,0.0010212667239044397
66569,0.011903996370371723
66571,0.00041075349769567794
66571,0.00041075349769567794
66574,0.000440217807307375
66575,0.005128433940533739
66576,0.004299046522591055
66578,0.02036941545815519
66580,0.03996858263642597
66581,0.008243246828945
66582,0.006763467194288646
66587,0.006292614487618405
66588,0.002688204309896401
66589,0.004348762564438008
66590,0.0021648224343403565
66591,0.0020579420916213994
66592,0.018514013067707315
66593,0.01123213724146612
66594,0.08193630580808693
66597,0.0046466857002614645
66599,0.0010520560293771782
66600,0.001435237416248865
66602,0.0003547639899356762
66603,0.0014772475385871353
66604,0.0005923339639293673
66605,0.000438264162592665
66606,0.008171219543930505
66607,0.04013566999660704
66610,0.030276225609494643
66611,0.0059042105343314446
66612,0.017785427499696548
66613,0.016656882539474175
66614,0.009538419676598329
66615,0.002043601819176398
66616,0.006862135355973138
66617,0.021018947249233855
66620,0.03308747750879377
66622,0.01437320354926959
66624,0.010863152718523996
66625,0.0022207733431316135
66626,0.01302253874774583
66627,0.0006038973611096577
66629,0.0016131485400733248
66630,0.1803883418223238
66631,0.002726178883838926
66633,0.002359959093578751
66635,0.000758248655931881
66636,0.0031010085803891935
66638,0.007380916214052103
66639,0.0007622311447242563
66641,0.00367598283679032
66643,0.17550457481244375
66645,0.0745746724836467
66646,0.0003829171143151517
66648,0.04562346409366326
66650,0.02419128217063924
66654,0.001792388549707685
66655,0.004694416245730775
66656,0.009903717650343103
66663,0.008522530914585203
66670,0.005513623667868564
66671,0.0004668172079147698
66672,0.005086233278102575
66676,0.004768337524105091
66678,0.0016525341842668752
66680,0.03835897408752525
66682,0.0005457492121230892
66683,0.006405808419998182
66687,9.064669275922053e-05
66691,0.0009369610277837265
66693,0.008565932560396594
66694,0.006053916176937404
66695,0.3612291373639282
66696,0.03450151894623137
66699,0.00035485202120644134
66703,0.002945288791294382
66707,0.001413914963635193
66708,0.2918083517821152
66711,0.0011500612399832088
66718,0.003309111230083291
67483,0.009835371060560132
67487,0.002390193496209096
67489,0.0007967369239571744
67492,0.0007956628446813273
67494,0.0006979130646039657
67495,0.005731063831608104
67497,0.004515465038488023
67503,0.0015245382889683785
67504,0.0026396377255617043
67505,0.00732246369310286
67506,0.0005099723468719432
67509,0.00026067695889527275
67512,0.003525665390029624
67515,0.009590351121912312
67516,0.004684821619333727
67520,0.0063193416943219255
67524,0.00309822767060459
67531,0.00022929283360225564
67534,0.0013730802337711368
67538,0.00037760675473010703
67542,0.0005132116500281089
67544,0.000350070269797418
67545,0.0020029344846417825
67547,0.003593051901607159
67549,0.0008357513941575543
67551,0.031202737752365147
67553,0.011398432388686763
67554,0.000691040881642174
67557,0.0034695440828803998
67563,0.0013553748758942052
67565,0.017157463455632977
67566,0.0014361988906745266
67567,0.005237342404224518
67569,0.0018150440393723732
67573,0.0021237418754829615
67576,0.0009056214540181863
67580,0.000996832881161775
67581,0.0016115942908023573
67582,0.005230808291493362
67583,0.0007593030374736555
67588,0.0009931456448347327
67602,0.0048785441794148236
67610,0.0005014081156114094
67615,0.003919339463949283
67624,0.0019965969983097402
67628,0.0029949202954601076
67629,0.001566030854065081
67632,0.0006646981833655473
67634,0.000624306421312629
67637,0.5385458402083417
67639,0.00045465301599576923
67641,0.0076955485133710045
67642,0.0007258256165303805
67643,0.0010119427535424809
67645,0.002131992639725638
67646,0.0032055133075116044
67647,0.003729834470880317
67651,0.004477420983917967
67652,0.0040801310193973135
67657,0.0015716592595814648
67660,0.0005960247995101844
67661,0.0020999853648355944
67665,0.0009318128254765561
67668,0.006252785161725558
67670,0.0020143569119550875
67677,0.0016090388012412586
67682,0.013132563800163765
67684,0.001664999644982935
67688,0.0013969259900521714
67692,0.0010644104977613012
67693,0.0021351058300557724
67694,0.0030195733063609
67695,0.00701040801445824
67705,0.0019714279551696964
67707,0.009241040490380605
67711,0.0024999635432855333
67716,0.0027414251003504953
67717,0.000375629740360805
67723,0.000299659031877369
67732,0.0012817480372032126
67735,0.0013757580494127657
67736,0.0005197103460812467
67739,0.0018065343593587785
67742,0.0001858984085879597
67743,0.003285281637403629
67744,0.003135104037220447
67747,0.005270558565868065
67748,0.0023885726065043518
67749,0.0005750548458229815
67753,0.0007840897659866074
67757,0.001448497706004255
67759,0.0016212587557881018
67762,0.002110210948239147
67764,0.004726060036932405
67765,0.0014449759581491146
67768,0.0012153815415877668
67771,0.0004821507257290344
67772,0.00027564806189607813
67778,0.03114768366049091
67779,0.0025567894686902913
67782,0.003206385311332751
67783,0.0024745712410543324
67785,0.0028139722123066003
67787,0.005381223882412716
67788,0.0008269121731099274
67790,0.019899951712014738
67791,0.0042417144953643795
67794,0.008734090590373817
67795,0.00020255618950799708
67805,0.006863725419780111
67809,0.0013985196688252087
67810,0.0026421913109956224
67812,0.0962062087245239
67815,0.005152884458672288
67818,0.0012662960915361342
67821,6.621628650935466e-05
67824,0.00030561506789404056
67826,0.00027345056241204766
67830,0.004577499240509818
67831,0.0034295747684337844
67836,0.00281447384815372
67841,0.006647401449185888
67846,0.0008841556594229976
67850,0.008039918036282253
67852,0.0016037389042883377
67860,0.009117762503860385
67861,0.020250893071767244
67864,0.006326155366046496
67868,0.0030236763204432764
67873,0.002163941422510735
67875,0.0020154183607069007
67881,0.0014912279282580255
67888,0.0030744208776621513
67894,0.0031670885441783063
67898,0.006997231845724538
67900,0.0031726634206420347
67902,0.001939827249623415
67908,0.0013054938608013386
67909,0.0035243048361278716
67910,0.0009838057293658242
67912,0.0012196234477392137
67915,0.0027094055844166806
67921,0.0005223664044690155
67935,0.0005640614903856875
67938,0.004898475771458898
67948,0.011234645607796414
67953,0.0022318622861884564
67955,0.001894701417338697
67956,0.00317075746384161
67961,0.015351223500265769
67965,0.0037372908240502697
67968,0.0024688987836475186
67971,0.0009392513960405577
67972,0.0005400078220746264
67978,0.0025804749450140775
67984,0.00019403900135448604
67986,0.0037468322577329763
67987,0.0003574301079967992
67988,0.00034675753082303077
68001,0.002168477907231436
68002,0.0002559964103110103
68003,0.0026946568237858257
68016,0.0004011234124189833
68019,0.0033981067511715166
68021,0.07403193375981344
68025,0.0013957920271099788
68027,0.000995635162921978
68033,0.0008517304309878346
68034,0.001404797311986973
68036,0.0016406211122203837
68038,0.008295325715184279
68039,0.0002750166069152788
68047,0.00039272962043937265
68051,0.00037926509725938386
68053,0.022411452851131802
68054,0.0024091903084843417
68055,0.0038960851205211634
68058,0.0024559810351242107
68062,0.0004021500734041101
68063,0.004506889171011534
68065,0.35302881324974084
68066,0.001207621384712684
68068,0.000652605006790383
68070,0.0005794063791256168
68071,0.00044241990957485147
68072,0.0008669837813191425
68075,0.0031049303207078523
68080,0.00022062103925838626
68081,0.0016361709651669075
68087,0.00027813788235829355
68090,0.002594643537615839
68091,0.001036577403486299
68099,0.000510182828421324
68102,0.00013376332031229965
68110,0.004926350465922352
68112,0.15423925802631125
68113,0.0014427463001664828
68115,0.0015246837743610596
68136,0.0023470798858756187
68137,0.0014592147309838714
68138,8.140136334523853e-05
68139,0.0009169114413550979
68142,0.0022785527376836014
68153,2.870887980727605e-05
68154,0.009978962024166203
68155,0.006472276609587241
68156,0.0011861267556707255
68161,0.0009659880125887255
68173,0.0026121884792240997
68174,0.0007974043127064303
68175,0.0018265408189451929
68177,0.006530885470205463
68178,0.0008986988523806415
68181,0.0008985516178517228
68187,0.00029203152889423857
68189,0.0065211166300418255
68200,0.015804795600250762
68201,0.0024717257822900428
68202,0.05266913195411377
68206,0.003156856677814015
68208,0.0014082675377251105
68209,0.0006412466337235964
68212,0.0006336721274701337
68213,0.004120392143960245
68217,0.004154894910043645
68218,0.00029134524211779075
68221,0.0017001705269997338
68224,0.00045692391140576203
68229,0.0007702426646458638
68233,0.0011146329713813364
68234,0.0012783430271346942
68240,0.19022742223886427
68276,0.00047739946836813333
68280,0.004584046682455203
68287,0.0015942710190257438
68290,0.00021979905784284324
68296,0.07833194539613117
68303,0.0011475309153865753
68306,0.0013328431128461283
68307,0.0004979959657322752
68312,0.0024621113506091427
68315,0.0038091562343612797
68322,0.001478551502554063
68324,0.0005474682396090091
68332,0.0002612049434917431
68348,0.11154535237552315
68351,0.08561332650159652
68352,0.015319945144311904
68357,0.0003469196390041783
68363,0.004917923277977739
68366,0.0027317186464633015
68371,0.0026712404681016344
68373,0.002353939107157284
68375,0.004838814980664325
68379,0.31354744171934384
68381,0.002090743243823569
68383,0.003608201272935106
68387,0.01933475411954318
68396,0.00664145262525092
70252,0.006512954069272812
70253,0.0057406577449123876
70261,0.008874399166404678
70263,0.009870757075934041
70264,0.01080741063421095
70266,0.0021924133891833776
70267,0.013366252050127848
70269,0.06460409985014386
70270,0.0041147260768224034
70271,0.006554198851812692
70274,0.006308204252679642
70275,0.0016205149313283573
70276,0.004817344787079522
70277,0.002009492179187487
70280,0.004025520753949095
70282,0.0004995654028330267
70293,0.004509561409106488
70294,0.003817071671581903
70296,0.005615318858384702
70298,0.0011399385811381563
70299,0.0011156142928138424
70300,0.001178706751834152
70302,0.006521841631590112
70303,0.0291400138890382
70304,0.001920394076491173
70305,0.024952642285347115
70308,0.0020951795022221007
70311,0.001472052854965919
70312,0.001989639029163209
70318,0.0059697077960695006
70319,0.38287062357322216
70322,0.0011544517503011605
70323,0.009028859605990723
70325,0.0019539714029387857
70330,0.0011359955242672447
70332,0.00711528394770258
70333,0.00319938016674575
70340,0.0020021669607025454
70344,0.008821010147285603
70348,0.019115820547012455
70349,0.0013456009085248567
70351,0.001336215722049168
70357,0.004076191366575615
70361,0.006805276638754124
70362,0.17221707985325366
70367,0.0025067189738829728
70368,0.0006927805901109463
70369,0.001915054541080802
70370,0.14988478223320825
70373,0.0027017328200458187
70381,0.010589793185058337
70386,0.013895219183785158
70389,0.002457048489998579
70393,0.0007596583485919346
70394,0.7784465495609201
70396,0.0006691186543583931
70400,0.0018394443448822404
70402,0.0023012688729510834
70405,0.006772675499531092
70406,0.0036972687368308542
70408,0.002943519419095107
70411,0.0026169684480993535
70412,0.001769677690239414
70416,0.0002927791679456666
70417,0.002013670154526408
70418,0.019865388439963463
70419,0.25236251482405014
70419,0.25236251482405014
70420,0.004670718130178556
70424,0.02026236610980721
70433,0.07097622159609877
70435,0.004428861160704566
70436,0.02215562346273127
70437,0.002332087883265704
70441,0.003899952031046442
70442,0.0010063334294270207
70443,0.0024154606225283647
70445,0.004690105623522991
70447,0.002489059175124556
70450,0.01543968770585104
70451,0.00406902730069372
70452,0.013300927147609451
70453,0.002587695961892367
70455,0.005111538105555999
70456,0.0010481247493008114
70458,0.007929809739630518
70461,0.5391934530798725
70462,0.0025981770203430746
70465,0.0018049084834638502
70466,0.03191725364757117
70468,0.004230353796725474
70471,0.0008727380040648916
70475,0.0053439913471108645
70477,0.011881519599609088
70481,0.00863172509579966
70484,0.006414916347178157
70485,0.006310763164979177
70487,0.002624351303250489
70488,0.02382709363972298
70489,0.0038184098160161228
70490,0.0033500540368406042
70491,0.0019125335370315092
70492,0.0018766235075649293
70495,0.0034668453298972147
70496,0.007875761793582578
70497,0.004802226538844804
70498,0.0024916397754670156
70500,0.0034220250164064387
70503,0.010795307143042164
70505,0.005357189282054781
70507,0.0057769373339708035
70508,0.0007474565391297964
70515,0.0010567691756014693
70517,0.0013724185154904381
70518,0.0009583552335570197
70519,0.0037416024882280263
70520,0.003971954971538524
70521,0.0015785708989580205
70522,0.0004393624551857356
70523,0.010421491106875961
70525,0.004204617525685679
70530,0.003369464666538434
70533,0.056438999411380246
70535,0.0017584972487065986
70537,0.013331253918323661
70539,0.011366522841653025
70547,0.0027554820902280907
70554,0.0037305068221289727
70559,0.06306926044082391
70560,0.004749569137805735
70561,0.060731929167622774
70564,0.01149306662678217
70565,0.0764851770809081
70566,0.0007534165369300861
70568,0.003950627053284978
70572,0.0003156906657632061
70578,0.00870175016792697
70581,0.005663677086147849
70582,0.0016876391338133834
70583,0.006037908092259603
70585,0.005577022342298743
70586,0.0008979011004427182
70592,0.008213317818229007
70593,0.014967903251727541
70596,0.004745489257483251
70598,8.330186553282024e-05
70604,0.004094396046948793
70607,0.006665608165208783
70609,0.002108905091262456
70613,0.027698788592052666
70614,0.0024949195913757725
70615,0.0060580137513934484
70616,0.004146439354911652
70624,0.0018653901268884962
70629,0.004452419774997439
70631,0.5717271696165028
70632,0.008438213644522616
70635,0.008501958932890897
70636,0.006454878025688694
70637,0.0019010650207607828
70638,0.0004173504751043114
70642,0.007062261171139058
70645,0.03392172109154414
70650,0.06689661980568147
70653,0.05277453988240914
70656,0.003001665621990815
70657,0.001987052597368672
70658,0.012205883493082293
70673,0.0003875392159713203
70678,0.0009412595593952165
70680,0.0019771803644420987
70684,0.3085802332963618
70688,0.0014915843021298437
70691,0.00961172124547333
70693,0.0004361863307656257
70695,0.0036276604738631245
70697,0.013132919084814195
70704,0.0012912084167855436
70706,0.003063170730431501
70708,0.001343108494881176
70717,0.5803800413000647
70718,0.011013874837779594
70719,0.01376637723349695
70721,0.002447735234829678
70722,0.0030497451239027856
70724,0.001930723222337213
70728,0.0021906320123593176
70735,0.5833595360280662
70739,0.0009337291551800329
70743,0.012538564786925773
70745,0.06783681733989823
70747,0.0025024921017596192
70750,0.007412546464470791
70751,0.0038027792016411587
70752,0.0018059790059583262
70758,0.004770911035232729
70765,0.0006963749986178655
70766,0.0012198754014473884
70768,0.0019740013020714446
70770,0.0005686617687918011
70771,0.0011108733488729586
70776,0.0003244946101471514
70777,0.0036721752765404717
70778,0.0007720629356598928
70780,0.011882967132095714
70784,0.019607365289407944
70787,0.00688162482022487
70788,0.003970683648927923
70790,0.006474463133870156
70792,0.006828392172509288
70793,0.0012712733967000219
70794,0.008154123296606506
70797,0.0014245918982451354
70798,0.001920189229661296
70803,0.001181210282466987
70804,0.004069600072519908
70805,0.003249221552189986
70813,0.0005027926841381318
70814,0.016829441136829857
70815,0.0007358391315535481
70817,0.01654958454191046
70821,0.005699296646768106
70822,0.011079300006670461
70825,0.03910807368873878
70826,0.003548899195393585
70828,0.01305418996281665
70831,0.002567768811862889
70833,0.00984869253080925
70834,0.009604737313055825
70835,0.002066452704367313
70840,0.0030337904439965984
70842,0.0014400025535620795
70844,0.00394303115742729
70846,0.013593108570752856
70847,0.0013076691135771286
70849,0.010960724176360171
70850,0.4372667407125256
70851,0.0014781473807968062
70853,0.03189833457634929
70854,0.0010246430354219403
70855,0.003566631150705387
70860,0.023046586516550713
70862,0.0008475617467085809
70867,0.003503787663612837
70869,0.003547432636104592
70870,0.001786144554308802
70872,0.004803156752822851
70873,0.0014827330915351273
70874,0.006114506583946273
70876,0.009599463038219175
70877,0.0036976183986755823
70878,0.020354978172358415
70879,0.0029967333893001344
70880,0.3133618531903039
70881,0.0074594593778974155
70882,0.0002063888211388746
70883,0.003577712417102336
70884,0.0007274531434059507
70885,0.009041113644571348
70886,7.380294506101302e-05
70890,0.004199743694199594
70891,0.008369316905426652
70892,0.008667093385591268
70894,0.005545685948315565
70898,0.001500143281602983
70900,0.0010529367594320426
70902,0.0012468591258320092
70905,0.009478590973614287
70906,0.011613106866827868
70907,0.2995214011614418
70908,0.002462319264003739
70909,0.005343579840809572
70910,0.2881339970218914
70917,0.001190524505086992
70918,0.0029892497776547993
70921,0.01056024326189631
70923,0.002017040721794835
70925,0.015323869691554803
70928,0.2783839490783676
70930,0.09911774354662788
70934,0.014740320548375768
70940,0.005224198171260374
70946,0.0045280908864626605
70947,0.04388354687220168
70949,0.0034143501170763686
70950,0.0032714198543471805
70952,0.0037328582342836644
70953,0.006856317562754975
70954,0.003997851461465345
70957,0.03490482678455249
70958,0.010789458261645204
70960,0.03618987439475788
70965,0.00309790628208583
70967,0.0013767687414522115
70976,0.006668564046071564
70981,0.009024141912881286
70985,0.0004631292074643468
70987,0.0004486417744022285
70988,0.0013047052502342324
70991,0.004672401832733281
70993,0.4743767448635062
70994,0.11948731963755471
70999,0.001181166477006065
71002,0.0022147392831977425
71005,0.004154139389114983
71008,0.001970314900449299
71009,0.005986904103120996
71010,0.00042395615051346266
71015,0.0014281857973252377
71017,0.0007842222898509748
71020,0.003931685002689338
71026,0.009168857991593112
71027,0.02023749080308631
71028,0.007369756832666762
71029,0.014208470750236873
71033,0.014291335052721673
71035,0.004231103719309678
71036,0.007179580140664476
71038,0.4654957383457737
71039,0.001241049687968704
71049,0.012471914075980691
71057,0.002598061637812608
71058,0.0026415794794467616
71062,0.0021791983194419315
71063,0.009700247019848961
71066,0.004940443971793577
71067,0.003303748123817792
71071,0.0019075918527340005
71076,0.5268663811165079
71078,0.020329439241097043
71079,2.851233559757975e-05
71081,0.0031603155658787093
71082,0.00015652223066180815
71083,0.0021406903734573343
71084,0.0012377156638915048
71085,0.007707387173470735
71088,0.003821762762234718
71090,0.002851188958806651
71091,0.0022194193342048355
71093,0.07493749740823748
71095,0.016767385800823313
71096,0.008015933830422503
71098,0.021543304013352017
71099,0.0015755183232773816
71100,0.013878083785431171
71101,0.0077936287893011135
71102,0.03011136615981661
71105,0.008277346973456721
71108,0.0017405344989724011
71113,0.0033089963802226258
71116,0.0030467391139905385
71120,0.03901359306837359
71122,0.010873053677472768
71124,0.011705813753644576
71129,0.0006269530301427204
71137,0.001454925797686463
71139,0.006623994329552024
71141,0.0129145491960086
71143,0.015850202832216012
71144,0.008841937862669947
71146,0.17474234200276073
71148,0.0009560670717226551
71149,0.0011729843983333457
71152,0.00015489193547725048
71154,0.0008786439057034765
71155,0.0005467121669881278
71157,0.0019634179666689765
71158,0.004726433891193945
71159,0.035454704065134644
71161,0.0036190682701404417
71162,0.002778946314752432
71163,0.006231445761121024
71165,0.005972973264564457
71169,0.0007448025212600898
71170,0.0016420654145052702
71172,0.001501109306893115
71175,0.005261452947492916
71176,0.009557623827705993
71177,0.002223114950973143
71178,0.012135070026358457
71182,0.022017259826220784
71186,0.0030180152955332678
71188,0.007365512751882598
71190,0.0006364714714180139
71195,0.0027455367695220505
71197,3.788262925215127e-05
71200,0.0017043188789308877
71202,0.0024845525141256775
71203,0.0020484419865912542
71204,0.0011943360290389447
71209,0.004292753227721813
71210,0.0014471666008199018
71211,0.0013956974193593764
71214,0.0172512494407514
71215,0.0023926733313405484
71216,0.004579354976854213
71219,0.004689071998401003
71220,0.0003446218936439514
71221,0.0008249241659846234
71222,0.007874832990791699
71223,0.017086008026279097
71224,0.3864953483454763
71225,0.007455891269842078
71227,0.005009593140376609
71228,0.0008697881178822644
71229,0.012523314566970005
71230,0.002305304501581346
71231,0.0035238543733786217
71232,0.006237824933898075
71234,0.2894280097941833
71235,0.017961277750051238
71236,0.030356834927662717
71241,0.010105070683365245
71242,0.0002529303099071236
71243,0.007810357197999577
71245,0.0016312212558343673
71246,0.005059755796655667
71247,0.001106205753479922
71249,0.0030290659635356667
71252,0.0018486579839301403
71254,0.007092038244242979
71256,0.0018299091412420322
71262,0.004856930470552865
71263,0.0019675652356833362
71271,0.008526393510103002
71273,0.0033706876517958623
71275,0.0018781438171082535
71277,0.001972157900866715
71278,0.00025816411589730555
71279,0.05016669661257875
71280,0.006925717207222475
71283,0.00612850773757413
71286,0.008125453780777288
71287,0.004582066262584051
71291,0.0008516751707149232
71293,0.002052760823586771
71295,0.022470615221955894
71301,0.0043331791983498924
71302,0.0038457372884961624
71303,0.002066262722127894
71304,0.0068678879833120945
71306,0.053434336303114685
71309,0.06421218809637316
71312,0.003957488467835729
71315,0.0011451389100037778
71316,0.0006427311931104872
71319,0.0010844173745518512
71322,0.0013237942674285115
71323,0.008093357016686195
71325,0.004697671195861625
71326,0.010818138249830755
71329,0.0026015899000865115
71332,0.02079913732759257
71335,0.005612222709402937
71338,0.025945545742030136
71339,0.0024031774680956766
71341,0.010860592090009074
71342,0.07398991027822986
71347,0.0001679342616195544
71351,0.06882340500642001
71355,0.024253333745518333
71357,0.03916077305595381
71358,0.005229935698082797
71361,0.030457585869817876
71362,0.00812095842594092
71366,0.009089564308060155
71373,0.0005024116750434115
71375,0.00899958998195916
71376,0.0015060640762057972
71379,0.003525345919612135
71382,0.0007587997169863273
71385,0.00088163716178572
71386,0.0030351255215194813
71387,0.0020083459565808444
71388,0.005673610448287291
71390,0.4361507436491629
71391,0.005100118058682377
71392,0.0014557053410023655
71399,0.0016629814783762635
71401,0.007072995664761371
71402,0.010794092087820551
71406,0.005387195567042274
71415,0.0035839508531785467
71416,0.001252636875506127
71418,0.0035736935611768756
71421,0.0007527324645078628
71425,0.0015393779240711876
71430,0.0010496919931852046
71433,0.13477794809722837
71440,0.0028494246782614207
71451,0.0019910496992614087
71452,0.001362288321906007
71456,0.3803102996791505
71459,0.029083658422592806
71460,0.0008872467968289359
71462,0.005272458570830338
71464,0.0035807119036018044
71474,0.0019159839278791648
71476,0.0025329624524313044
71477,0.01401804320133537
71479,0.0033684258330012825
71480,0.006460332991670027
71482,0.0025097904316742233
71491,0.0023631487304788586
71493,0.0031773196431663757
71494,0.005975697152184543
71495,0.001010412384652798
71497,0.0022647939550505406
71498,0.0037561948030978673
71499,0.005893684106103152
71502,0.010291210391550313
71509,0.07635542846773617
71510,0.0009181114864199214
71511,0.00518160642308123
71512,0.002304126294865915
71513,0.0004718769162533743
71515,0.02078293738830795
71516,0.0036767118051146616
71518,0.0012376918155765427
71522,0.003058112815224997
71523,0.004717873365152253
71530,0.009146537070090017
71531,0.009804667200868979
71534,0.011734512271324549
71536,0.002150866256512581
71541,0.001575919418057988
71544,0.00114068119116362
71548,0.002643644674609711
71549,0.0016514674185706883
71552,0.004208021511528747
71554,0.0029047019272901223
71556,0.0009971184490920036
71559,0.000664781921424531
71560,0.0015096650545179367
71561,0.21265835878302278
71562,0.001959942104786343
71563,0.0038793230447020243
71571,0.0006731312682034643
71578,0.015950251812536835
71580,0.001271808411929679
71583,0.22271339210623634
71584,0.014427448801974673
71586,0.0024289055101459852
71596,0.0005947245552597849
71600,0.007119697098811728
71601,0.0057075503109331885
71602,0.0070532698604200555
71603,0.014070549222092539
71604,0.005209129341455578
71605,0.0008044886406081184
71611,0.0036806700002760557
71617,0.004661521245492654
71618,0.0009100947999196407
71625,0.2578921095995478
71631,0.019468636866913695
71632,0.04603247675368473
71634,0.013867432472055569
71636,0.4770754049153473
71644,0.00845629225497846
71645,0.03921330656165626
71646,0.02388341853795842
71648,0.004188417520417613
71649,0.0006430663065912322
71651,0.0032632197224576284
71653,0.004550366854232271
71659,0.0022730238026111944
71662,0.006266007527517122
71666,0.0012382885636464825
71671,0.015206695448251286
71674,0.016209328746124102
71679,0.008663728115704747
71687,0.00014258292564856912
71688,0.0013752571516582237
71691,0.001640154739273026
71693,0.002715014910164745
71695,0.003932640432114874
71697,0.0006550310584954068
71698,0.0025595076688415498
71701,0.001502324943742301
71702,0.0015266122824043609
71705,0.0010038247429694244
71708,0.0042448099215740874
71709,8.62931522584168e-05
71710,0.019525735985373043
71712,0.0031124474625079867
71714,0.0024788883374958137
71716,0.0005866579048169724
71717,0.0001658919433772535
71719,0.0017371683610336512
71720,0.0054027147482197295
71721,0.0009317760460450267
71722,0.0008714401941492996
71725,0.003374533937703487
71726,0.003596289678077356
71727,0.011798703283955986
71729,0.00230978354552346
71730,0.00930240517937205
71738,0.003345286220720501
71740,0.001092387062739432
71742,0.001106136736271617
71743,0.008527024764059508
71744,0.014046053110171658
71745,0.0016264379361172843
71746,0.0012139805498297635
71747,0.0024669373110682976
71749,0.0006390335661832638
71750,0.0018665015426591954
71752,0.000616168451675026
71754,0.0013729969889018255
71755,0.007526857288590838
71757,0.0008451968010883544
71759,0.00286727001442653
71762,0.0005952788948508994
71764,0.0043387816123881505
71765,0.0052971297149649165
71768,0.09116355359938451
71773,0.0013521293124963139
71774,0.00090687641238226
71775,0.01413266773031604
71783,0.001095503397275746
71784,0.001531543572473179
71788,0.006155395841678932
71792,0.0009694923576722038
71797,0.001671705908383984
71800,0.07220662834490592
71802,0.002813004504187417
71804,0.009257079230847912
71810,0.17805815451381884
71811,0.001875329214145405
71813,0.0028957056396018907
71814,0.01225180508945921
71822,0.023283867292944207
71823,0.023882947400817985
71825,0.12998953112912237
71829,0.006303491275219985
71832,0.004430129266078451
71834,0.00031057571523462413
71835,0.0005266586069529582
71836,0.0030987133908572037
71841,0.0015269687323497018
71845,0.012771308060311373
71846,0.014790912644277983
71847,0.006163230480477013
71848,0.0061120572032822605
71849,0.003236564352707516
71850,0.0046423415755674135
71851,0.0033617806877605082
71853,0.0020442423476049218
71857,0.00438536275088179
71858,0.001443421525357351
71861,0.6021628416971029
71862,0.0011346450794217033
71865,0.03046674603101222
71867,0.014801923240609085
71868,0.002005837194019601
71872,0.0020705727111490673
71873,0.0004450569607845435
71875,0.012427158292688568
71888,0.006548255436555078
71889,0.3236947114185649
71894,0.001377203700643957
71897,0.0031913954753771106
71898,0.007997183570701484
71901,0.5676263450871735
71905,0.3790094635710316
71907,9.662265032586668e-05
71909,0.016999703434431777
71910,0.01731717711167991
71915,0.012111811414277954
71917,0.002525837666967604
71920,0.2775497758894066
71921,0.006093520812314573
71922,0.007778074035688044
71924,0.0031801046618324808
71925,0.3107894889331242
71929,0.002090582582572308
71930,0.00034458860164211205
71931,0.008910236337310768
71932,0.005417433978515092
71939,0.007591279351973353
71942,0.002571807208530924
71945,0.005219935977668599
71950,0.003438096123213067
71951,0.0042548536976258905
71953,0.00737420429036738
71955,0.0004811581204658083
71958,0.0029296661814940273
71961,0.002961170932081445
71962,0.003179300787710467
71969,0.005446853069187425
71972,0.007095065549989
71976,0.0033784215219610455
71981,0.0124948905562964
71984,0.005370874599359779
71985,0.000781572117862452
71994,0.004873899908958663
72000,0.0014002955617082907
72002,0.0020355312059548475
72003,0.034322288387697
72005,0.01776785073200906
72007,0.004065005552502409
72011,0.02058471408074284
72012,0.0004915309822757713
72013,0.0007021472188343648
72015,0.0029524318834057155
72017,0.0006954508593325075
72022,0.0037939863284066387
72023,0.0011782929242518721
72024,0.0036803073344244728
72025,0.0013765036478551804
72029,0.0032812578300930417
72030,0.0013687324689836077
72031,0.0033589026405547373
72033,0.0008315563976035016
72036,0.00983747448797832
72038,0.002786710914874457
72039,0.004817840508549385
72042,0.0024993474670167194
72044,0.0029281183991899684
72046,0.0008033986998266928
72048,0.013167087455970013
72050,0.023659214705886243
72051,0.005256051917872513
72055,0.0032880953075355803
72056,0.0021667721410556307
72058,0.05594882147924039
72059,0.03499515506859029
72060,0.0019134227998106785
72061,0.0005644348453618751
72064,0.013789000590048709
72071,0.00020455840054001007
72072,0.0012371487427164736
72073,0.0007143218773390781
72074,4.552477930380665e-06
72077,0.001500110303602494
72079,0.012517248871201234
72082,0.43306143055163626
72086,0.0013202997853824989
72088,0.0031528428068680675
72091,0.0007660356058359295
72094,0.0013127005003280502
72095,0.000946026839770467
72097,0.00023433450438518333
72102,0.0003411209322810506
72104,0.0010199959505276532
72106,0.00041483059717435737
72107,0.00045652028652075577
72109,0.03745350373718017
72112,0.023968726938486465
72116,0.0026110014145341197
72121,0.0011308459194115158
72125,0.003882713700462715
72127,0.0025246244664424446
72128,0.0008810776407401746
72135,0.004265685692742858
72137,0.008439379979548812
72138,0.0021959384072425822
72139,0.0001236262719510317
72141,0.001427098716914439
72144,0.0008758241390429419
72146,0.0015793994468433505
72147,0.0026114948085130085
72148,0.004492560702025669
72151,0.009915635226189764
72152,0.0010878516445426084
72155,0.0015883708353144656
72156,0.0008489852881618822
72157,0.005801356725150025
72158,0.006492872207982576
72163,0.0029916447956293657
72164,0.0017057127922146089
72167,0.0029903723273171485
72170,0.012907265384168348
72172,0.011681851627483291
72183,0.0010556150343499632
72202,0.0022202054927365177
72207,0.002208852833876663
72208,0.015298849516189197
72209,0.0029760720145823785
72215,0.001236921658069468
72229,0.0013729762204475826
72230,0.0015045544142965673
72233,0.0034368804028316437
72236,0.002455876902108593
72237,0.02234842836514645
72239,0.008638534574820047
72242,0.01692532673900456
72243,0.029074603049056583
72247,0.011665271113102874
72248,0.012222874418370624
72249,0.0035423754720773637
72253,0.013297529612271482
72255,0.008216035378239875
72256,0.014303018105726232
72257,0.005929293824377199
72260,0.007328322410229317
72261,0.002242258306478536
72262,0.025184750861242344
72265,0.0023072832867499686
72266,0.007114656968072241
72267,0.008057679314374962
72272,0.011823855443967529
72274,0.025453877194754056
72275,0.003704477322552357
72276,0.008452723559769289
72280,0.004653713960873644
72289,0.0026029145604072185
72290,0.001806474410067498
72293,0.0004414343962726488
72295,0.006661888156093766
72297,0.07910296835058009
72298,0.00029515097571305646
72302,0.002436363373046289
72307,0.010395027732626941
72308,0.004511084891405984
72309,0.014188394442561269
72310,0.003422327121085982
72311,0.017015759457296057
72312,0.0201609780364085
72313,0.0009930008048626214
72314,0.00489079677905867
72315,0.0031820303904748957
72321,0.0018063076757020517
72322,0.009173053087203566
72324,0.006372187777387235
72325,0.00583479769794071
72326,0.030995869118260584
72327,0.01894896636564192
72328,0.01660444014388192
72329,0.004166638766138383
72332,0.0013003584056885255
72336,0.004964124015277834
72340,0.0002076748223665573
72341,0.011862512857053278
72342,0.00014507429408543873
72344,0.004042598213506883
72347,0.12484049335803395
72349,0.0015914114819875758
72352,0.004601749724753723
72353,0.005460172742013046
72354,0.0010186423974952003
72359,0.061581024432488106
72360,0.060883075565930644
72365,0.08958258235085391
72366,0.0034845616072448657
72367,0.001632235070173759
72368,0.005687731087338944
72371,0.0010531792529092456
72372,0.8190064541431434
72376,0.0007463233431539949
72377,0.003747735894316764
72378,0.0022335114183894616
72379,0.003352964205752347
72380,0.005436127790463155
72381,0.00180494507319296
72384,0.005941356016977353
72386,0.0026032439039623085
72390,0.017492706547953558
72392,0.0023513722429618026
72393,0.0016027061006967074
72395,0.0031428924923955636
72396,0.0010551639585623246
72400,0.003581038907380377
72401,0.001373132794551921
72403,0.0006801019179406401
72404,0.011917916882037343
72406,0.006169565534194477
72408,0.006226125175406665
72410,0.0014270762826226406
72414,0.001604784999208004
72415,0.01632620038982783
72418,0.0012443831396418707
72422,0.004992348051564942
72428,0.005318136034646658
72429,0.0023222879580982775
72430,0.012861210570734945
72431,0.0006518231906766223
72432,0.011190310037594499
72435,0.004362143315190812
72436,0.0035124845748319227
72439,0.0031094207090428313
72442,0.0010350170876163684
72443,0.004917637580520802
72447,0.012113905371796305
72448,0.0068768030088236344
72450,0.014405413352238479
72456,0.0029593967806774302
72457,0.008892348368484829
72458,0.01567151730045775
72461,0.0018794584993203373
72463,0.0007441816099604206
72464,0.0012683752189458924
72465,0.025018827253960117
72467,0.0124940169055233
72468,0.01377503531722214
72474,0.006378311714773494
72476,0.012909799154932823
72477,0.19455631712097918
72479,0.0038724326131371633
72480,7.59144155603079e-05
72481,0.004426762207625737
72482,0.0026683516369372827
72483,0.0016243628600653285
72485,0.015923443760941937
72487,0.005293763048184493
72490,0.003940871623254221
72492,0.4413586561136324
72495,0.0022573153205268505
72498,0.010784237179784087
72499,0.16707619946107538
72507,0.0012287183866883978
72510,0.0014982206494927842
72511,0.003759007057590124
72512,0.0020637378711929836
72513,0.0009562523409047576
72516,0.002903457710883042
72518,0.008414659553685316
72521,0.008143739823390287
72523,0.008477096717445785
72525,0.0006890365121981297
72527,0.03234678707542642
72528,0.009257353662330632
72530,0.009688414087837837
72532,0.014584529346060885
72535,0.0017583943259503723
72537,0.003194276773745773
72540,0.001557645476956233
72543,0.008457681434548623
72545,0.011549845671679146
72547,0.0011478370485799834
72550,0.0019840939662964015
72553,0.008328200893645669
72556,0.005620871600732753
72557,0.001509710709590876
72559,0.0025319996921262496
72560,0.005575799987010248
72562,0.008090828272701987
72564,0.0013156238140762469
72565,0.0009704952742810228
72566,0.003134858471759912
72567,0.0029424360525652383
72569,0.005421131126708686
72572,0.002220355050188658
72573,0.013364888250098158
72574,0.0025774238257227264
72576,0.009856245709211998
72579,0.005376060510658838
72581,0.007541256446977914
72584,0.00948078549501892
72587,0.001765595072029735
72590,0.13423403775365733
72593,0.004083866229596415
72594,0.018970449690754714
72597,0.007914802543419981
72599,0.01050641043470973
72603,0.00839345937578399
72607,0.017405909248937795
72611,0.5196674204005167
72613,0.01713538740701221
72622,0.002794364753543357
72623,0.00517382772843126
72624,0.0019289832558444598
72626,0.013284552704638226
72627,0.0012548661635259483
72628,0.12819069703254204
72629,0.002467997795410405
72630,0.00021493840494405886
72631,0.0024763418780972346
72632,0.009435599504726756
72633,0.006923072431955985
72637,0.006197246598129373
72641,0.004082614321619905
72642,0.1127777911187519
72643,0.0008438980178581486
72646,0.012115040236712808
72648,0.002928342928193727
72649,0.02323871242930002
72654,0.008350691851097412
72655,0.01904548196036132
72657,0.5169902158676144
72659,0.0021472447191582832
72660,0.03590598430597064
72661,0.002819985706495082
72662,0.0016806565245652254
72663,0.006644927985819687
72664,0.009038044907396398
72668,0.0025854141421616603
72669,0.0007604470602789961
72670,0.003622783555552308
72671,0.002688737990564975
72672,0.0032013713057659626
72674,0.0029783620981119053
72683,0.0015827849701699724
72684,0.0027082943514604475
72687,0.25783893085633053
72690,0.007652561993756834
72693,0.00200507410417301
72695,0.00014120919708281252
72696,0.008291092597696713
72698,0.03551445727991707
72707,0.0265006204192502
72708,0.0020210036309828584
72712,0.018442827947448847
72715,0.0012340242004069458
72716,0.28442241747580377
72717,0.0019110969133819167
72719,0.04409702507863604
72720,0.07398003104348333
72721,0.0071074542398519664
72722,0.0038968144901484728
72723,0.10837621263753168
72724,0.07950124457898798
72729,0.0007865442307969698
72738,0.002225222234732103
72739,0.004169968378826464
72741,0.007242098936364172
72742,0.005024620184585056
72743,0.004425487399326793
72744,0.008011864353754441
72745,0.01665195681025069
72749,0.0042259643828385955
72752,0.006117298993754545
72756,0.006876683224440094
72758,0.42621008954810946
72761,0.013228670792328274
72762,0.0014267022459414215
72764,0.0037907277732770837
72770,0.015177133494721532
72776,0.02601009421408646
72777,0.005810372757600538
72780,0.0015527607831356074
72782,0.4924568335408988
72784,0.0040346143383067365
72786,0.02922262333483548
72789,0.0032272712535738584
72791,0.00635636055140565
72793,0.0017434193255839055
72797,0.0023150694502605375
72800,0.0006642031489165153
72801,0.0023965568747486223
72802,0.0044605958802626244
72806,0.00222501922948811
72807,0.0030759393523099687
72811,0.00448973212353276
72812,0.004995878140625467
72813,0.004815542253524327
72818,0.0002182131474740336
72820,0.04767942933996531
72821,0.03422707589984379
72822,0.005587399105425061
72825,0.0007683891112513964
72828,0.0019297706498927845
72829,0.016090136561146613
72837,0.0016821301019256801
72839,0.0028984629073898816
72840,0.006162862517218683
72844,0.004253997271276423
72846,0.01420201257451564
72848,0.027038545991009324
72849,0.0037992678774978555
72850,0.0010267867748891522
72852,0.003793137917274389
72853,0.0037612804874487186
72856,0.33608308975020784
72857,0.005345909376308622
72858,0.25042929818791426
72859,0.09349972294504096
72861,0.004355821756385937
72863,0.7310337333359869
72864,0.0005589559416173325
72865,0.0013907913384300819
72870,0.980629933437374
72871,0.004100772823001926
72872,0.0024766592196992458
72874,0.0027144822306728092
72876,0.0036575962985903538
72877,0.0018861950621625258
72878,0.034402500846275434
72880,0.0014984167163502
72883,0.0015407741801500754
72884,0.002984133790429671
72887,0.00814882008273524
72889,0.006784356274070172
72890,0.002033361242199525
72893,0.014537725549321352
72899,0.03591128508671152
72900,0.054425330376427876
72902,0.006425329251513024
72903,0.005025201129534138
72904,0.02304220341893292
72905,0.010578884037911683
72913,0.0047916188483851695
72914,0.011000451024312357
72917,0.004028400816702934
72922,0.00732664340218153
72925,0.12144734271029077
72927,0.006310671366003743
72928,0.0008137388492621027
72929,0.011912623602649624
72932,0.00310397344970958
72934,0.0016795708997359266
72935,0.0016737936669969774
72938,0.015097338029381215
72939,0.0035722758086086403
72942,0.005076504409867928
72943,0.0643810489730211
72944,0.6331809593421138
72947,0.020074767077766488
72948,0.013846462088380453
72950,0.005332734589455522
72951,0.0007904165298520088
72952,0.0007400725031320005
72953,0.002789348993704028
72954,0.0026943766518112426
72956,0.001967281001641326
72957,0.0017098850707138857
72958,0.0025018949095754104
72961,0.002340344745962567
72963,0.030947690811768555
72964,0.001225562553040014
72967,0.003783122481326229
72972,0.003329181885887248
72973,0.0017710490659054259
72974,0.008493097644249666
72976,0.005823383910704052
72978,0.0007518631655550086
72980,0.0036570744833011094
72981,0.015518448364416678
72983,0.0030993056141843866
72985,0.0033912612838048256
72986,0.0054899182507283616
72988,0.00520762104360749
72989,0.007855977306959694
72990,7.447603470278364e-05
72994,0.0015552014886157021
72995,0.00926784526310007
72996,0.005597604364548656
72997,0.008968182882273353
72999,0.01181157847834323
73000,0.009613863886642583
73007,0.01484361998959525
73010,0.0015998488991122866
73011,0.00014767543645242522
73013,0.002073593875568035
73019,0.0012836818843234821
73020,0.014452666910243044
73021,0.005862877917416393
73023,0.004623926280158833
73030,0.0014555814551963807
73031,0.006271266025067046
73033,0.012857098501713096
73035,0.018242512889408157
73036,0.012429455756828101
73037,0.3664186715372818
73038,0.001944958307381308
73039,0.0011830198325493303
73040,0.002159354658384928
73043,0.0016636146292521691
73044,0.014850774604981699
73046,0.00044811107370257476
73047,0.004806213893479126
73048,0.0015485719481121126
73050,0.0025527817115129645
73053,0.0031528611381069
73055,0.004394705857401496
73056,0.008457223527468171
73058,0.003113128955425587
73060,0.0019114429248983135
73062,0.004586858788917192
73063,0.0031722740123013705
73064,0.0018949846103928983
73065,0.0010418355486448035
73067,0.027871538513426896
73068,0.0052209937284573285
73071,0.0011981268073293309
73076,0.0032609016896978397
73078,0.0008031883141945562
73079,0.0001785880039849625
73080,0.006430374924284034
73082,0.297986542198606
73084,0.0017447752868330665
73089,0.00565056259161978
73091,0.0009079554282818137
73092,0.00133350088220504
73095,0.028458443247145995
73097,0.04858086960972299
73098,0.006840864748580295
73104,0.006880632567571332
73109,0.005632241451248062
73112,0.0034973550767832995
73115,0.0053893703905461285
73118,0.019749296284347184
73119,0.005558599667145591
73120,0.00036470450324585084
73122,0.05100043136829845
73125,0.008624228338778404
73126,0.0021318197674525877
73127,0.0013412797644889644
73129,0.00761983011952978
73131,0.0006932145471203957
73132,0.0012416062733155095
73136,0.0016997900139834941
73141,0.0017798987477992238
73142,0.009067183550045021
73144,0.0026342847742837493
73145,0.0025006528672453054
73146,0.023127621269734628
73148,0.0020138119613095596
73149,0.05966818382648935
73151,0.0009266634723823982
73152,0.005220947525564852
73153,0.0014952395825690754
73154,0.005392042703611167
73161,0.004070912034278151
73162,0.009320209685773049
73164,0.005012611286046258
73166,0.006722066801443521
73167,0.010229408581501162
73168,0.0015201602551264024
73169,0.0028894989462060145
73170,0.003854223966832652
73171,0.0010581245056003048
73173,0.0014564124049738256
73175,0.00972716149633431
73176,0.011785720633544515
73177,0.0016215283173637914
73180,0.007328026245200855
73184,0.002014274427725854
73186,0.001799321660169785
73187,0.002248424989352073
73189,0.00546841779024523
73193,0.006750822255043792
73194,0.0012043697065370336
73195,0.004799332300706476
73196,0.00044073552358521505
73197,0.0021752405349422786
73199,0.031723699514269746
73201,0.014058737331618444
73203,0.007322897760280624
73207,0.0011175489233764828
73208,0.006566940341107648
73211,0.011723304786710631
73213,0.43832859015177617
73218,0.0028087684368395148
73220,0.01170502362988252
73225,0.0030447927343030014
73226,0.015842005460316624
73228,0.006245180205660648
73229,0.0008103455313713258
73232,0.002130499569013537
73235,0.3854724770268739
73242,0.003527468498134752
73243,0.0006080285662217763
73246,0.0044914892426563685
73248,0.007825915060333038
73252,0.006597651375907253
73253,0.00404503245457508
73254,0.0029570731805464968
73255,0.0012309032319281017
73257,0.001629626227516818
73258,0.0008897265241334876
73273,0.0009380132440248276
73275,0.5550002073199694
73277,0.011755016528866288
73278,0.023526099001366853
73280,0.0005472339390639078
73281,0.0033694940479496115
73282,0.003933144149246161
73283,0.0019534997651953507
73284,0.0018264764506654286
73287,0.0009333208381705121
73289,0.26787030591913036
73293,0.0016335981909792734
73294,0.0009519465996524023
73296,0.0021808152272198966
73298,0.0019058214964120775
73300,0.0016884230164233638
73304,0.002444992220010077
73306,0.013428246842827752
73311,0.0009472073943378442
73312,0.006408690471218594
73313,0.001577067574849099
73315,0.0035857150521758645
73319,0.000908075900149873
73322,0.0018492817442126528
73325,0.0016199173868903676
73327,0.002834396428433475
73328,0.0021804022506639537
73330,0.0007061387927264124
73331,0.0010014659987414862
73332,0.000510742570295122
73333,0.0005054598421200632
73334,0.0009918263498977875
73336,0.004627478390704973
73337,0.005774824704851812
73339,0.0005994301094683428
73343,0.0020392666366401803
73345,0.003807482887009726
73346,0.003051939522747921
73347,0.007031939891202216
73353,0.004949032487808257
73357,0.028530360250730035
73358,0.001907634770938805
73359,0.0029941811595169242
73361,0.001428140097360312
73362,0.0005457717576143246
73367,0.0068785783271536
73371,0.0021407503212089595
73372,0.0022974318425040717
73373,0.011990099129218538
73377,0.003589473722332845
73384,0.014989073086288647
73387,0.00067021225115268
73389,0.014579825937045104
73390,0.004188857507244134
73392,0.0018720988108959172
73396,0.005056134513165101
73398,0.015129691042951868
73401,0.0034630825796534456
73403,0.009112731292036484
73407,0.0038597931801912693
73409,0.0030971575599823813
73410,0.003994077329143651
73414,0.0032698893428087287
73415,0.001503368431369994
73417,0.00734717930699659
73422,0.0027294097835499982
73423,0.007337190247103842
73425,0.001026125733454286
73426,0.004966335810308404
73427,0.005143229125005434
73428,0.017439550956842388
73432,0.005339367136146928
73433,0.008269362105745574
73436,0.0005301548806042634
73437,0.0021587908775567276
73441,0.0034663330217329907
73444,0.0037611050806140743
73446,0.008737568110764406
73447,0.005173649918374415
73448,0.0024752810636904992
73449,0.2856245564106412
73451,0.5199417166991924
73455,0.0032872617944690137
73462,0.008323857540183775
73464,0.01704838646714846
73465,0.09374161421428026
73466,0.004237363953209018
73467,0.007106590276410613
73472,0.00153840426978229
73473,0.0008919029966569416
73476,0.008548345028900846
73478,0.008233443934030662
73479,0.03359712191346365
73481,0.0093240298904481
73485,0.006611721583887388
73486,0.0007038404463074945
73495,0.005951079972515163
73496,0.010803862908102006
73497,0.0007215826924597462
73503,0.0009402014475040629
73510,0.0010648628752498138
73513,0.04434264774669531
73515,0.00778989362523869
73517,0.043906150507337656
73518,0.36514565692443773
73525,0.0013469480960876115
73526,0.002877392529035803
73533,0.007269384554166264
73536,0.08665190000157749
73538,0.00401768537197925
73539,0.0009672031396437462
73541,0.0013590179156751153
73542,0.0010107606656172806
73543,0.0008038521205191295
73544,0.0022312073084379187
73546,0.002013748340671416
73547,0.006946675593036849
73549,0.003153636331150944
73552,0.00106781932329416
73554,0.0049638520555216545
73560,0.0011208985660542397
73561,0.01601037437243569
73562,0.07207010910998075
73565,0.018413462121739936
73571,0.043165078868236235
73572,0.0024584222368954993
73575,0.0031189801730358746
73577,0.02423793671156653
73578,0.011594048657643217
73579,0.0007602495308278369
73582,0.006524819141917524
73583,0.0014724776793861593
73585,0.0009745492636792591
73586,0.002629133104316061
73587,0.012277116133457866
73589,0.03278915767812088
73590,0.004877915328212509
73593,0.003364937204797705
73595,0.19939423627157457
73598,0.0035078828971549874
73601,0.001746870098717305
73602,0.001713300699100398
73603,0.005661532927956031
73608,0.002594505220464215
73611,0.005314716420411572
73612,0.013137785894166884
73613,0.0006461692851419284
73615,0.006597372410285861
73617,0.014096743136562518
73618,0.0066520864624363026
73621,0.02511592271415558
73623,0.01838765548226351
73628,0.002380245356096263
73629,0.0024628850101143383
73630,0.31567598610762565
73631,0.005789676567711553
73634,0.00768914246591338
73635,0.011871398925882085
73636,0.004311021831515719
73639,0.019553602730611484
73645,0.0030823948478700784
73647,0.007331938404550747
73648,0.0051066316551540555
73649,0.001875053738864086
73650,0.0183517400767976
73652,0.0018851267088572051
73654,0.0011827431090804595
73655,0.0008520568462369239
73657,0.0054939470403555
73658,0.005856691694988615
73660,0.009073490583308365
73666,0.0007842960831034458
73667,0.00104205967950714
73669,0.011858826502439034
73672,0.0039998169993478135
73674,0.4490508491993669
73676,0.004447976490880883
73677,0.0009208308076041904
73681,0.03427194527942321
73682,0.0023098254800679357
73686,0.38292569075103694
73687,0.0048664248699983575
73688,0.016403222090392963
73689,0.03241022384792838
73693,0.0007043386573539945
73694,0.009479403554909166
73695,0.0067305351976174954
73702,0.0022821369178317604
73703,0.0013926063912810761
73705,0.0029840763235587623
73707,0.00795582137128634
73710,0.01854916084577025
73711,0.001589126569186871
73712,0.008920920033496368
73715,0.002231484694265176
73719,0.011638733071583798
73721,0.003091904853443826
73723,0.25274208269452164
73725,0.0022110510857973895
73728,0.0014876717420554805
73729,0.0036445619990387677
73732,0.0029863455679413234
73733,0.003368569440113449
73734,0.003741853831269106
73737,0.018757175205107827
73739,0.0008022429246672076
73740,0.0012185897551403187
73742,0.007406429894097124
73747,0.004072669798719177
73748,0.00501842499051219
73751,0.004513151135332416
73752,0.0024290203494096124
73754,0.004256624908713334
73755,0.007896543977499464
73756,0.0036832505902357733
73757,0.002233653702386471
73763,0.26201251095771666
73765,0.4181765997564139
73769,0.017422049979940776
73772,0.0068300250615098024
73773,0.005318000372703688
73777,0.00751889404009397
73783,0.0027125498793881013
73791,0.000595944139488997
73792,0.19816703589759324
73793,0.0037208044038679927
73799,0.00320342669070436
73803,0.0014772969135392639
73807,0.011972381641846584
73809,0.016012155804603623
73813,0.001685721519159672
73814,0.05714137127135929
73816,0.0018356354295056734
73817,0.004502221967116011
73819,0.0031683042555385624
73822,0.01516008969053728
73823,0.004177796674266103
73831,0.008526850906804958
73834,0.0005354766941400321
73836,0.002751265844134213
73837,0.0006550777329212689
73840,0.0023062165120419187
73844,0.008633168349227033
73848,0.0017303678157154388
73853,0.007681593479577606
73859,0.000573197561856493
73860,0.0012287969926056273
73862,0.0038122313313890105
73863,0.0025308321506765743
73871,0.0008584344716451706
73874,0.06087073916780125
73876,0.014138745051773273
73878,0.003341797636774872
73882,0.010501218427844494
73883,0.014611896128269297
73887,0.01572208605682137
74060,0.01179087764887724
74061,0.005930848527610917
74062,0.0015841836884553317
74063,0.0147543580829062
74067,0.005389624131822095
74072,0.005408227446921805
74073,0.006981172344467163
74074,0.00988519875960546
74075,0.0065633782589680605
74076,0.0065651958589221775
74081,0.004390708154067445
74082,0.02442054935919865
74084,0.0036544483693124147
74085,1.5863938313830318e-05
74086,0.0007042246395219177
74087,0.002357691678011218
74093,0.004553773764133507
74094,0.0035508914099753
74095,0.0017778556671137315
74097,0.0029346970825224346
74098,0.0025887210827235975
74102,0.0008579826050063057
74107,0.006667274406630279
74108,0.005836017157908702
74109,0.00524560840563409
74110,0.0003194292230879743
74113,0.42443443729299996
74114,0.0073375278054048755
74116,0.002235815029305661
74118,0.002574564201563997
74123,0.003757086220754265
74126,0.020322389119422607
74128,0.0013842466047808615
74129,0.002012403438468049
74131,0.0007203691028133645
74132,0.0008466288962585204
74133,0.003404830845965737
74134,0.0006465306813663665
74137,0.001197936670560986
74142,0.0031769175273901012
74143,0.000992345912690976
74144,0.00616118401063968
74145,0.006332614254975327
74146,0.0024194021034666183
74149,0.025271082758750896
74164,0.005411281800983019
74168,0.0012747927746206414
74180,0.00694304876045978
74181,0.04697338099493933
74182,0.00814723612368063
74189,0.0055926142793946585
74192,0.029880750895204547
74194,0.00249093492762601
74199,0.0013202469593014392
74200,0.0016789274876152862
74201,0.00380284041485648
74202,0.015984814379077297
74204,0.023734621431748138
74213,0.00402495701338413
74216,0.012702655862185361
74219,0.008906538091161764
74220,0.009938175518032276
74223,0.0004748248272042398
74227,0.0038108208753770715
74228,0.0018170601989703544
74230,0.0038289504388646345
74231,0.005527048902409364
74232,0.00606794206385566
74254,0.001726196050089233
44344,0.0006242468000209928
45840,0.0017415761260550606
46357,0.005779437180000811
46366,0.000788446912187272
50190,0.0008629435082027012
50194,0.0020301292342982113
50217,0.00028879754362548017
50219,0.0004620589231266702
50224,0.0026645912155554546
50231,0.02079323527930671
50235,0.0008156971688733408
50250,0.005092443034457618
50253,0.2475286031858022
50286,0.00021600512783345497
50290,0.014318770098378533
50312,0.0012333783458347229
50314,0.006840070366671942
50351,0.0018295367948303486
50363,0.0005015100402507263
50369,0.03927936324942617
50413,0.010840576281801087
50454,0.08621536546962479
50468,0.030080007278268244
50481,0.004058703161853928
50491,0.0026798311261972494
50551,0.00032800201863589164
50552,0.0026458822882533413
50569,0.003814384701028241
50575,0.0009306859253614215
50590,0.016701862547008298
50594,0.01129075905364152
50619,0.007474802361842235
50631,0.011669116349469169
50642,0.0004244462407303053
50666,0.001102458109767834
50683,0.017519145850317372
50689,0.12317327438130697
50697,0.00016778367822885577
50698,0.0014671875034335865
50699,0.0004365682141791105
50709,0.0029656579892814363
50718,0.023152390843347977
50741,0.0014369948266632095
50749,0.02438217864963391
50768,0.011851443241465424
50779,0.002415068784366804
50783,0.00036616304152894296
50797,0.024436488114820923
50803,0.0006101361733601139
50851,0.01639452653436227
50870,0.04791089266861669
50878,0.001720953028794691
50880,0.0037709316108037205
50911,0.001713985291114652
50927,0.013171492970529724
50939,0.0028812305307125245
50942,0.0058031646919010135
50957,0.0211774221146875
50994,0.003669960437463991
51000,0.0008371638080030852
51013,0.0009989929066114588
51021,0.0032217271994323697
51047,0.003933379874655429
51048,0.0017748801961611404
51094,0.0018159288224153468
51100,0.002808907718212328
51111,0.008452223902674657
51114,0.03788914842449613
51125,0.011125071055148277
51170,0.06068338047161982
51181,0.009843155202046951
51238,0.0006082193668753014
51244,0.0034726131809544292
51265,0.002003464347437826
51304,0.00046144429318020546
51323,0.0017115674550377965
51327,0.004518112725180784
51329,0.0007988074892835921
51415,0.09304971277480921
51545,0.0005776872735415041
51547,0.0009619360848984195
51573,0.008463522864463356
51593,0.15942816746274732
51618,0.01030863423812251
51627,0.003862564905544058
51686,0.0007916126030747161
51703,0.04649299468267565
51784,0.00048372787212180396
51800,0.0009888334775997767
51844,0.001667198890731772
51861,0.0004249388315695827
51881,0.004234034962005422
51885,0.000654142067611753
52022,0.0016790066653639892
52092,0.009858359129364225
52175,0.011333301750202262
52220,0.007512868675226918
52230,0.0009074849181846761
52257,0.0014837371022047615
52280,0.0017560212014030867
52346,0.003288641498322655
65428,0.010144979272958921
65429,0.01045636479382384
65433,0.0014224279417942487
65436,0.02844762213261954
65437,0.0020436781327337747
65440,0.002906652086216429
65442,0.02986530885930345
65450,0.0536708367654776
65456,0.04330186021181218
65459,0.051807334229259885
65464,0.001376191739102164
65465,0.00102442471508471
65466,0.008031333444978155
65468,0.0011461732362488331
65472,0.0004949073915801131
65475,0.00167388889418231
65479,0.33372096287739905
65480,0.004461073289635933
65481,0.046185609508213175
65483,0.009878143531530985
65488,0.0041805812055569
65492,0.33996501381326494
65493,0.10041110329781344
65494,0.015568803900626284
65500,0.03727853836723467
65502,0.0020886939070919987
65504,0.004596031170331196
65506,0.018037324270189527
65507,0.011404548200940941
65509,0.003054285617387329
65513,0.0010028528548678996
65514,0.005171760449211219
65518,0.002711128689545076
65528,0.002235140346482865
65529,0.01917012789357641
65530,0.08654406939695689
65534,0.014547972956274365
65536,0.009480733839086252
65537,0.0010056512499480904
65542,0.0008877591339059937
65546,0.002382769700730699
65551,0.0017126766581782337
65556,0.001522694483955086
65564,0.0022905196624059573
65570,0.05476020408748317
65577,0.00487789980723569
65586,0.015529199320239209
65589,0.1728549098503415
65590,0.006764551170934067
65591,0.000745047071344759
65593,0.0025020629377726067
65594,0.0686131934575533
65596,0.30184953806468184
65600,0.01005247404411716
65605,0.006933326734029645
65606,0.0009643513491748445
65608,0.007948785721978832
65609,0.0011928234998634416
65612,0.000970863950827762
65613,0.0019429831554312919
65622,0.0008576212711753735
65623,0.0018681538418180814
65625,0.0013573084127020414
65626,0.0030358990503357593
65628,0.028576916380963057
65629,0.001786470837974067
65633,0.14364521610731135
65635,0.002940532439117312
65636,0.016284788601368505
65638,0.0025801751428471084
65645,0.004287628006321674
65649,0.007503286872945015
65654,0.014219689986490244
65655,0.08024973103396996
65657,0.005415854680116443
65659,0.00797320455181717
65665,0.0012503891512494387
65668,0.07263850788413845
65669,0.0177165006182577
65670,0.00248963577934573
65674,0.24097693785055033
65677,0.0013433873639700563
65685,0.0007801099862588442
65693,0.003593347437697387
65699,0.0035533422004337656
65704,0.06138017705257128
65705,0.0015802983918892849
65714,0.3106081016553053
65716,0.06299753226754969
65718,0.006791689335253692
65719,0.0031598808240573917
65723,0.0008805428988557336
65726,0.00996059490045277
65730,0.004906225563913269
65731,0.13530346816761876
65733,0.002109191601725203
65736,0.005447726596732512
65738,0.00044199126544262337
65739,0.003841519548103376
65740,0.004376423096668643
65743,0.09820115462032457
65744,0.06082686367478709
65750,0.002331962032779596
65751,0.10951975732107226
65753,0.004167851268316407
65754,0.010152357775375024
65755,0.0017538142356422228
65759,0.1320266583892644
65760,0.0016568011536011484
65761,0.002657150423152999
65763,0.008078389254240193
65769,0.002164790502709091
65771,0.0037495000530056877
65774,0.006016845434484267
65776,0.0023134600643318673
65777,0.003116960523926374
65779,0.00027779265694365904
65782,0.002729398598268339
65785,0.004733471323964652
65786,0.005315687941355161
65798,0.007211321063849953
65802,0.003356645503315204
65806,0.002013118883857864
65811,0.13884249773755167
65813,0.0012121961256910006
65814,0.015845381243535527
65815,0.0303488353888664
65825,0.001867979546796815
65826,0.002416534731283096
65829,0.012321233513365813
65836,0.004107807924621161
65838,0.003242146460694617
65843,0.01894981279632894
65848,0.028928514930164583
65856,0.024898828873234906
65860,0.0009503550405736007
65861,0.013963273303410961
65863,0.001016490758015065
65864,0.00405024755768097
65865,0.0015312079676562135
65866,0.20346083200697224
65867,0.018545378813984235
65870,0.0021984040508045027
65872,0.0009284184019293319
65874,0.011117997763321043
65879,0.31800643023814457
65890,0.01260099329962987
65893,0.006241519045051994
65895,0.003442643458915974
65899,0.004911976918184435
65902,0.002763300848318471
65903,0.002568224623241847
65905,0.0010791013354628641
65907,0.3092776931819572
65908,0.004996777025594691
65924,0.03300862269752239
65929,0.04859683582281362
65930,0.0044936709560269746
65932,0.03480578957954064
65933,0.0440638766870374
65937,0.006332806932420634
65940,0.0010209921634676013
65949,0.0026807740297742928
65955,0.0015591139277684124
65957,0.001191069174741025
65959,0.0006333647549714852
65961,0.0007740684870177301
65964,0.007520144061651332
65969,0.006623872341324775
65972,0.0009084596376483984
65975,0.0006565350017575008
65976,0.004125797230622938
65983,0.018914518936070546
65991,0.03710145063740597
65997,0.01086103995282994
65998,7.584194893275072e-05
65999,0.0010439067977582098
66000,0.0002236557129847649
66011,0.026497825976482803
66013,0.004350946886214801
66014,0.002360304281260731
66015,0.009284854816254117
66017,0.003305300668112321
66023,0.004688690670075986
66026,0.005970151007616781
66033,0.00039976630054744047
66034,0.005103051820400384
66039,0.003905686168665081
66043,0.000741884455075902
66050,0.004456190936146837
66051,0.03549165436640047
66052,0.000977709562002184
66054,0.0030632740875391976
66058,0.023808778099610853
66059,0.0020914381688088217
66064,0.011132710531787665
66065,0.0046610572691449855
66070,0.08747934219227164
66072,0.05577308072303193
66079,0.001930450430374385
66081,0.002010816384557297
66083,0.0009799467967812029
66089,0.0010343138289285471
66095,0.004408453692894436
66096,0.01126275904397722
66097,0.3107493420572571
66099,0.01414198008071475
66103,0.00041529163437569177
66107,0.04440396284172104
66111,0.0026977704537331343
66112,0.0058716067669481896
66114,0.015893974263981068
66116,0.0074898326446117035
66118,0.00023495225285877103
66120,0.001671550771093196
66123,0.0007217966949925707
66127,0.001067230801071113
66133,0.002281127064684455
66134,0.003250730968691499
66136,0.003412614575287393
66138,0.006640550886829995
66144,0.0035827183041693073
66145,0.014566689551172945
66149,0.004782934240769064
66150,0.0036542269165717417
66153,0.0031204831678146817
66159,0.00605403629021728
66161,0.004079411864392798
66166,0.003986304150324591
66168,0.001621208571413788
66169,0.006304959130011645
66171,0.008091038587692584
66178,0.0005613416084540729
66182,0.008220779878894293
66183,0.010039405951023506
66186,0.02255871378581802
66191,0.0008712041589708705
66192,0.002566857154224222
66193,0.0009024457790331507
66194,0.003475994398704257
66202,0.01560427085281226
66208,0.008962502377060843
66210,0.008677275854511713
66211,0.009636050635072776
66212,0.09577489348337216
66213,0.003080503488706827
66215,0.02348680455817488
66221,0.007120757255200029
66225,0.003035363091569935
66226,0.05662933427516751
66233,0.005838286083259196
66234,0.01921766536803478
66237,0.0004411911989275198
66245,0.019861148207632764
66246,0.003748626093866532
66247,0.00524083008124134
66249,0.0031756692224557633
66255,0.05315147761246754
66263,0.0009002076831978671
66264,0.003385506088774597
66267,0.0016214520857736738
66268,0.000475663313141096
66276,0.001916711193525124
66277,0.01570500935728654
66280,0.001832445308646467
66281,0.14469364937174042
66283,0.025471182436390315
66287,0.008190937836142421
66293,0.0101500057536146
66294,0.003480657567787084
66295,0.1332870477329263
66298,0.008982795523885184
66300,0.0016385421415528007
66303,0.012226952451372312
66304,0.037949630380261036
66305,0.021875989777548052
66309,0.0013139957446949469
66311,0.017603269054854837
66312,0.0010310508733432102
66313,0.008867287174601144
66316,0.001267299314007451
66317,0.007742156945417466
66318,0.01999290675413431
66331,0.005658445617932702
66332,0.0015696121884996427
66333,0.009661297173229588
66334,0.003341572558175619
66340,0.016288595681557314
66344,0.004825206726869921
66345,0.0051264020285803225
66346,0.0034603599441945763
66347,0.00969828722319599
66349,0.0028350534394477483
66351,0.06480377939938554
66352,0.04550472070690654
66354,0.00029653679510953314
66356,0.014569522160463543
66360,0.002881077111562373
66361,0.0028417009829050594
66363,0.006142652525227874
66364,0.01832453763767547
66367,0.007822057579246122
66370,0.0034917716125995955
66375,0.3193651651333735
66379,0.0009109288712482779
66384,0.0025735833075444694
66387,0.006687835312102505
66388,0.013816891065132043
66392,0.0020759882215559853
66395,0.005560310012166716
66398,0.019958774215035537
66402,0.018782830763465402
66403,0.002276788709352469
66414,0.021867128903248274
66418,0.004351462606977901
66421,0.0012092064772744194
66426,0.0015401760481361876
66427,0.001556080297682958
66429,0.0007512385968472991
66432,0.002992377733756437
66438,0.08978039804262362
66443,0.0017574026590954754
66444,0.0007689000501782297
66445,0.0041846347264960036
66450,0.0014989259247427842
66457,0.0028465933899989057
66467,0.0009674257214554952
66468,0.0010914182755394643
66471,0.02589983482963882
66473,0.012089798021191825
66476,0.03417219750979406
66477,0.006924408325032423
66479,0.009885377276902616
66480,0.09726891769742096
66481,0.04440493555006611
66486,0.011650801884232348
66488,0.008921063971662322
66491,0.002819269684386034
66500,0.002746567522575754
66504,0.0012871744055978661
66507,0.0016345480941339428
66508,0.0026792923783359344
66513,0.007873004656994524
66515,0.03676661951689314
66517,0.0037578216757119315
66527,0.02771158001502482
66528,0.04237403307052386
66530,0.010494587635892807
66535,0.00640693460849707
66539,0.0016247358776879644
66540,0.004698703766289828
66541,0.001297768386496306
66545,0.005562177611290465
66556,0.06911407815079995
66560,0.0008975428467730398
66569,0.008581545243357492
66575,0.00609124247036748
66578,0.026576077947116184
66582,0.0007466260225445657
66587,0.004574370637799254
66588,0.002162657710819007
66589,0.004840263373676671
66590,0.0017423080370905964
66592,0.03506214747417909
66593,0.009414704932055137
66594,0.13903474655470335
66599,0.0007654027412293348
66602,0.00172098382549438
66605,0.00013255468660421218
66606,0.010617758115182905
66610,0.012738345533941813
66611,0.0017910962325517446
66614,0.018013351877057306
66618,0.010445493788645191
66624,0.0009716522314769693
66626,0.04633763449402411
66627,0.0015795135241694555
66628,0.0005816102513439791
66631,0.002353774025602584
66636,0.0067387385124405745
66638,0.005487762972116518
66639,9.733400337976197e-05
66643,0.0591585531505969
66645,0.09753703762103585
66648,0.01344641645257054
66655,0.003990785044833035
66656,0.016609027742494627
66663,0.007938552147840052
66670,0.0013460397708568263
66671,0.001484469916877799
66672,0.0019127797264685267
66675,0.005081696763169399
66682,0.00046179740316506834
66703,0.0011756837785909435
66708,0.1428956461181893
66711,0.0023494717974738297
67483,0.01305266759460329
67487,0.0011407669353987974
67512,0.003140435305132071
67520,0.0036336531987492147
67557,0.0024751962080445055
67563,0.007369878030800367
67573,0.0006185523954568851
67602,0.0038731711943928836
67641,0.007907487555749363
67668,0.0036867407601958203
67684,0.001006760189638881
67692,0.0002580083172526095
67707,0.004059844872889646
67735,0.0010618452648392704
67748,0.00045571486509212036
67753,0.0008901961260567797
67788,0.0005026743723975154
67812,0.01629931835400235
67815,0.0015812732323763816
67818,0.001709240902301154
67824,0.0004465110758222966
67830,0.0013444211493383125
67841,0.0021848174171663634
67860,0.0020286145880953578
67875,0.01704470853042017
67888,0.0012154511881384191
67915,0.0005463013701351336
67956,0.003936615791710659
67961,0.01944907713196655
67965,0.0003485139148762393
67968,0.00035277377171629847
67986,0.004911033585900983
68019,0.00250822055246912
68036,0.000558679047249706
68068,0.0001444974030802526
68075,0.0023375411883463522
68091,0.0032380622249735557
68099,0.0013036637581795116
68110,0.0008724911426558698
68154,0.0005483171244507093
68161,0.0003575987660428749
68173,0.0005507233266436767
68201,0.00012391102339557382
68217,0.00048713202805654345
68233,0.0018086222538327714
68296,0.0051355139207482515
68312,0.0028446346294087954
68351,0.12319993803515153
68352,0.005645421435468325
68363,0.001724667351286176
68373,0.002098502164891985
70253,0.005829814849724688
70271,0.002966332509888875
70274,0.009743931877944813
70281,0.0021215737726047687
70288,0.0009340257405621563
70302,0.0006047806926415492
70322,0.0016112758993867518
70324,0.00021434701719672276
70335,0.28482947407089626
70348,0.008444926842208818
70361,0.00035925886524193577
70362,0.12360516167769968
70365,0.0013018084446505848
70370,0.1769670165859977
70393,0.0005127489047404237
70400,0.0025825973743691987
70405,0.013411723060260108
70406,0.0008638490406953586
70418,0.002960012838563824
70424,0.013418795182361555
70433,0.06981903973360258
70436,0.0016808309697551875
70447,0.0001792105411208927
70451,0.0003172178894672653
70452,0.013185960000986064
70461,0.7918489918753974
70477,0.0006273008326652821
70485,0.0006432122566932459
70492,0.001030097225327056
70495,0.002498697975484739
70497,0.0012891771233507511
70498,0.0009035201324799556
70505,0.0025426257791520417
70507,0.00023422030827114265
70518,0.000717454607903241
70523,0.00039470616583726914
70530,0.0024359088100621776
70535,0.00076239332536648
70539,0.044917737542962834
70547,0.0017835654692475776
70564,0.0018375917548487124
70565,0.12595903224323554
70567,0.009920181406956989
70581,0.0025462191244974624
70583,0.006689098570031445
70598,6.988563728090845e-05
70601,0.00040360145955015397
70604,0.002530888654267696
70607,0.0052347820716212475
70613,0.1122553907924295
70614,0.0017885996897131053
70616,0.004984498237096236
70629,0.004287145883168972
70636,0.002909749013708643
70642,0.039664592846584176
70645,0.029145504046367628
70650,0.25989108592161897
70656,0.0019382035424142488
70657,0.0009949748738191696
70658,0.004861575419669828
70659,0.016314794348616074
70678,0.000502925014319331
70688,0.0004652880928617502
70695,0.005102302083976129
70717,0.346385003943243
70722,0.00043342877285239474
70724,0.0005830248531744263
70730,0.0017823736036447777
70733,0.003619102487049162
70738,0.0007889048772930592
70739,0.001066286126797055
70745,0.19826874345550344
70752,0.0008450127070829344
70765,0.0004919129243423908
70768,0.001188372600930445
70776,0.0005889652465152248
70777,0.003147790124769726
70790,0.0014873068113322218
70797,0.00011576403680455658
70800,0.0036803083228555576
70815,8.051510606038228e-05
70820,0.0018188285250305494
70825,0.08111327567708636
70828,0.005635479212937424
70840,0.002406557411682018
70844,0.0134058911285652
70849,0.004032929751406336
70860,0.00016815114431067914
70867,0.0011455739220715714
70869,8.361060820394105e-05
70870,0.0006755085413839786
70873,0.0009258698384770695
70876,0.0025887812389225307
70880,0.8461760349409198
70881,0.0008428238725895779
70885,0.0023402800619178247
70894,0.0024135821780977393
70917,0.0003698876449236246
70925,0.01175493402079658
70930,0.02992336493702892
70940,0.000917250351348421
70957,0.03309240515230543
70985,0.0005872902416091938
70991,0.0019766637381274993
71009,0.0043493692284691755
71028,0.001857195656995775
71029,0.0008324952667893484
71033,0.0006694033339541889
71045,0.0009858585056054837
71048,0.04846991155465991
71049,0.003640129334534522
71057,0.0011203917874309404
71059,0.002324144283516763
71063,0.003050027129182334
71074,0.0008188556900355937
71077,0.001109049342292616
71081,0.008702789097304929
71083,0.0010047839255653015
71095,0.00537355181789092
71096,0.01398033609682429
71098,0.06440450213382959
71099,0.0015287060481306938
71101,0.022689150881125986
71102,0.012403657235475676
71103,0.0012554925343352928
71105,0.0031911559683953047
71106,0.0017984414304811455
71124,0.006330851443624374
71126,0.000627607303251673
71139,0.0028277733234350964
71148,0.000335693245312802
71154,0.00048333647706106536
71158,0.0004066432402085557
71159,0.042757867657767436
71177,0.001129302215343129
71188,0.001862345790696468
71195,0.0012250463078228317
71197,0.0001442108334160191
71201,0.0027787502082372534
71211,0.0009196146675177376
71215,0.0016208255053409522
71216,0.003452799265737815
71234,0.3380977610160667
71239,0.0018222254350493746
71241,0.0070156213390504514
71263,0.0009051207722305665
71270,0.0006999217166166854
71271,0.0015996180306175906
71273,0.0032544005867174634
71274,0.006063035501167626
71279,0.02795507186126462
71292,0.00154353578008833
71301,0.00038913693047841453
71306,0.018893124565892767
71309,0.006261442375569977
71329,0.002808086192208782
71332,0.0004321550888896122
71334,0.0016625569960001029
71335,0.0009952023341711967
71338,0.0027513022439495257
71341,0.0011630363051284886
71345,0.0009216809306221881
71346,0.022472770896559746
71355,0.0249108397172463
71361,0.013140128763784249
71362,0.00942654030899654
71385,0.0006198721997522232
71386,0.002514047558250459
71397,0.000342692651066238
71440,6.572710107820175e-05
71451,0.0063664713232955425
71459,0.009475493825192865
71474,0.0010389882280859568
71482,0.0013556310178604474
71522,0.0019386066880406987
71523,0.0017904606836383209
71534,0.0013822919228418814
71544,0.0015874203438401551
71554,0.001182291399041065
71562,0.0004391413031805995
71563,0.006639994463062024
71570,0.0017439197874724675
71571,0.0013732043050878595
71572,0.0031122056894319636
71580,0.0003448545618214419
71584,0.007292561353184721
71600,0.0008413567669283685
71601,0.0037110044404107686
71602,0.0024100130851340907
71605,0.00038553741428484263
71607,0.0014014086489365501
71611,0.0008206886958178509
71624,0.0021829078967575844
71631,0.015209903979224773
71632,0.3237570871682508
71634,0.003370876238638151
71648,0.0004791709510742672
71650,0.0015580696539137
71653,0.001488135399982097
71666,6.150480427233645e-05
71693,0.0014108292550056472
71695,0.002125753154491895
71698,0.005333799617327643
71701,0.00252018565892397
71702,0.0009461327719662835
71710,0.001833330202479068
71713,0.005552516315526025
71714,0.0005896151220056911
71719,0.001598360261998803
71727,0.00375861442975547
71728,0.0015987695861416852
71730,0.005244387087114984
71743,0.0041368868626603305
71744,0.02777203488585159
71750,0.00024978355262674737
71759,0.0005329765339328486
71761,0.007371477005960655
71764,0.002654640081891161
71765,0.005863226298442439
71770,0.0006574863533504663
71773,0.00035068626928765983
71774,0.0005139400050910834
71784,0.0005546551026920632
71792,0.0008950516933303942
71795,0.02109998654496952
71812,0.0025322953193687697
71825,0.06408459369589796
71829,0.0013180786366818983
71833,0.004801576550717324
71841,0.00046047260348412174
71851,0.02974497946293422
71857,0.0006913267859738012
71858,0.0012392615554016899
71862,0.0008720732668608833
71865,0.011194683600794156
71875,0.002147805940283575
71888,0.0018745461178513029
71889,0.34695843715093233
71894,0.00031568304400111973
71913,0.0002928075368486885
71925,0.5825742384727595
71931,0.00043833503598365376
71932,0.0022887314193555893
71939,0.004845554991019875
71948,0.001694998345657901
71950,0.0026785286002539797
71957,0.0005697360838978507
71981,0.003087726090430708
71984,0.0039572462997856436
71986,0.001295030478827868
72007,0.0003063946843207051
72011,0.0025817082876155506
72029,0.00417055688287716
72038,0.0013068337305816948
72042,0.006222514443847928
72044,0.0008569706355274658
72053,0.003089110313161569
72058,0.001117914889629223
72059,0.08906586211088283
72077,0.0019605300055054484
72088,0.001268365050517518
72094,0.0005676826103812755
72109,0.0010237424660859444
72112,0.01578048831350512
72114,0.05124939259858133
72125,0.0038756213354472976
72135,0.00010021103624395858
72137,0.0012751232986485978
72151,0.0049834325278062305
72152,0.0015334490977644678
72157,0.0032479204724435045
72163,0.0009715195382419326
72165,0.0025025648617589655
72209,0.0013625010930120192
72230,0.0010896643131284105
72233,0.0018362882452644797
72239,0.2005455331503142
72255,0.011911002943920983
72257,0.002305677121714017
72260,0.01714906472093682
72263,0.0004837289660995181
72266,0.007246723632978275
72267,0.006688588050194843
72273,0.013419388375545705
72274,0.008316945507361624
72280,0.0007316576118929341
72290,0.000370720794960958
72297,0.07744450479183441
72300,0.00012722580638095787
72310,0.005435036214492639
72311,0.005555060054826525
72314,0.0013199950319449146
72321,0.0026800748806399244
72326,0.004961067178563788
72329,0.00362606408137704
72340,0.0003260570107249663
72341,0.14154952565412407
72365,0.7233579686420916
72374,0.003346168689149699
72396,0.0018759542356242985
72401,0.002841850582812905
72411,0.012973040232707341
72422,0.004648415930852062
72430,0.0018985896937351158
72432,0.0023261027815808604
72435,0.04228950999398817
72447,0.002980731402836818
72448,0.006666966367912061
72457,0.07992102733414055
72461,0.0010260415358383308
72463,0.0003122257717946869
72465,0.009108164738220466
72467,0.03278796561183481
72468,0.002921972407443517
72471,0.012582190289945432
72477,0.3456545179337302
72479,0.0022510976989470045
72485,0.05834342749106024
72495,0.0010866541681597236
72498,0.007044456935349485
72507,0.0013795762340899995
72518,0.010505340365472718
72527,0.00820864123792011
72537,0.0007177685761872425
72553,0.0005305488213766657
72560,0.0003734803058116473
72562,2.72517069590314e-05
72566,0.009573915661769652
72567,0.00561716712142332
72578,0.005078987312077852
72590,0.6630778630412429
72594,0.005320041405523962
72599,0.004327422865287012
72613,0.007549710899308066
72623,0.002644747306668854
72628,0.21525668963503694
72633,0.011334870719255694
72636,0.0006512777706158565
72642,0.6276328924051912
72643,0.002912414116959067
72648,0.0002792538188887464
72649,0.0009370369445252677
72655,0.0020448891824979454
72658,0.0002692507834620091
72659,0.0003557212853827996
72663,0.008498602563568278
72664,0.0030605251319277098
72668,0.004490848135989049
72669,0.003467706307549215
72683,0.00036972439859163906
72688,0.0036033773448114438
72691,0.0022851026798420423
72707,0.0320916628643439
72708,0.000586780828757673
72719,0.014962149872018701
72721,0.004538184350640364
72729,0.002865244346546167
72739,0.009924835440338396
72741,0.0018421651077035418
72745,0.0013080922662557879
72750,0.004214811810724762
72752,0.00238879034523072
72756,0.005476168929547589
72791,0.0022038311347615173
72793,0.0004984902726312086
72802,0.004419620311353903
72811,0.0021347409511377363
72812,0.0038627653192349716
72828,0.001380272019830734
72829,0.01092253109013714
72837,0.000397436053411777
72849,0.004854144616220837
72853,0.0003208660120295415
72854,0.0008427321367954071
72855,0.002144522062667035
72857,0.0009620640370840341
72858,0.0339991823431138
72861,0.006677696280826109
72866,0.00029560964120970546
72871,0.0030183282558271787
72887,0.0033718895224381486
72890,0.0011156168483865108
72902,0.0025038267296250078
72903,0.006208515424614592
72904,0.014979882120806993
72913,0.016346402450456977
72927,0.010218433749079416
72928,0.0001669388342165637
72929,0.003312566322216881
72934,0.0006758335549401111
72935,0.004578614286367258
72938,0.006497436939712174
72942,0.0008262239323165506
72943,0.016942048792327545
72950,0.0015710589968286127
72951,0.0006385678329268169
72954,0.0008958120594095071
72964,0.004505532830379002
72967,0.004355320741581606
72968,0.0008029265802215129
72973,0.0015330162212285803
72981,0.0011591323754223145
72982,0.013616736681270865
72984,0.002411390835065298
72985,0.007476042992418395
72986,0.008052259945416307
72988,0.0017887691301376194
72989,0.007341098723335
72990,0.008240815746084377
72995,0.0011469917889540293
72997,0.006535100742007665
72999,0.001795252779103072
73020,0.005940262826977341
73030,0.0014197086023690036
73033,0.005206352658961987
73055,0.008919612390955001
73064,0.001445154456986728
73072,0.006676028565172081
73080,0.0016960971557990249
73082,0.5412681800714146
73095,0.031228930944689794
73104,0.004541907454828753
73112,0.005529809096598965
73115,0.001318323414640292
73118,0.0024788261734040133
73119,0.00194417073082014
73127,0.0011940724488557904
73129,0.002109031691088991
73132,0.0019489177237225997
73136,0.0028305413766302545
73162,0.0023771760158745464
73176,0.012487798406238811
73187,0.004098538337651135
73189,0.008211187722052647
73203,3.0568257220102086e-05
73207,0.00040241854603867785
73211,0.0055288237740493615
73218,0.0005345284734628649
73220,0.01430729788841689
73225,0.00043252225590388
73232,0.0012469223314847955
73248,0.007861127477586176
73250,0.00547384215113156
73252,0.0007942931513160666
73253,0.0009234677097076166
73257,0.00377813216151768
73273,0.0007201213730181166
73277,0.002048205977113398
73284,0.0006405177731849788
73294,0.0025565010971317324
73300,0.0015386795567059793
73306,0.002945692636541934
73312,0.0007732215231216922
73313,0.00268387320605412
73318,0.0015786693946936556
73319,0.0008592164080262011
73328,0.00038485629661142465
73334,0.0004968631994303046
73341,0.012077828593309116
73348,0.0017635806661290847
73372,0.0006198102171454418
73384,0.005075277650775582
73395,0.0021322570629195357
73396,0.0056196839659121796
73398,0.04048390320132292
73401,0.002149112076989047
73403,0.0030097554366122136
73407,0.0011654859182145046
73408,0.0006258844807121095
73409,0.0042996597531783105
73410,0.001457962066077991
73417,0.0014197317158622623
73425,0.000545427380592278
73428,0.00333548679834601
73462,0.008043199712800894
73472,0.0012236163946142866
73478,0.002657797372950178
73481,0.005931290948256124
73485,0.005057701716031586
73495,0.006908631032790667
73525,0.002075666854314267
73526,0.001959892654500242
73546,0.002473574254786457
73549,0.0010418757991502627
73561,0.006122050598802931
73562,0.29352382291077944
73571,0.2757134366104708
73572,0.002204227543018633
73575,0.00267011823234816
73579,0.005186761317654114
73584,0.0014950136398591725
73589,0.0569197531519678
73590,0.023695385587186518
73593,0.003097418855256072
73595,0.1266655648203625
73611,0.007081159099348583
73617,0.0012346108464903107
73623,0.018305046559592548
73635,0.005252823104167245
73654,0.001400905155162463
73657,0.0034251671159034303
73672,0.00457629402080317
73678,0.0010101327658006511
73678,0.0010101327658006511
73681,0.004877630900843598
73682,0.0006192627892261209
73688,0.0032208666754025266
73689,0.003121240543983734
73694,0.0025049980589428892
73702,0.001887070249466913
73703,0.005463906315077026
73710,0.005810956975835488
73711,0.0004994900079492042
73737,0.015249776649112286
73739,0.001342655525278708
73742,0.0016736675822696325
73747,0.0033450438301924896
73748,0.0032690696230786515
73754,0.0031368098347162084
73757,0.008831701180567928
73759,0.018690202044103557
73765,0.7320465822776167
73769,0.004355833341317708
73772,0.025178090775230703
73773,0.0011929696425794856
73785,0.0007310536938437936
73792,0.18407812186338776
73803,0.0008324931834831578
73807,0.006667669652990365
73813,0.0008036094149180156
73814,0.10361523316307003
73819,0.00178379180875611
73831,0.005815431020280098
73840,0.004506087127725075
73853,0.0032911019902449492
73871,0.0005208996745247025
73883,0.004626206182705526
74060,0.007547464595650379
74063,0.0042567387536418776
74073,0.006569548183774748
74086,0.0004828143217605092
74126,0.006267234925191168
74132,0.0035527243078337834
74134,0.0034214705160616875
74137,0.0029698900562138094
74138,0.002052921371347405
74149,0.0026587190801951486
74192,0.04445763526851135
74200,0.0006690104718131078
74202,0.0038303039821740237
74204,0.008581430094056866
74216,0.0006984569871048927
74256,0.005257800967912075
74257,0.003305596575588842
74261,0.006126887929811567
74262,0.0020829660092393093
74263,0.005820277611203563
74265,0.012130677440803823
74274,0.0003266275842542302
74275,0.0032190014600056334
74282,0.0055324631858821305
74283,0.00853521236043652
74284,0.001172541010757635
74285,0.003613887169401566
74288,0.014457607207171316
74305,0.0003621354414134014
74306,0.0242354160404497
74312,0.0009486624358055964
74319,0.0012906672952272948
74320,0.7695000887319794
74322,0.009432022464474252
74326,0.0009722671480032384
74340,0.005082961005669911
74352,0.007055921414507586
74360,0.003867623768631924
74361,0.004149909057144514
74368,0.01677614705822478
74376,0.006765376414361812
74388,0.015265874924063956
74390,0.002331700650435704
74391,0.0012542258200324034
74394,0.5597400357759076
74409,0.002691865158408601
74411,0.008366657931112863
74417,0.005475385770964658
74425,0.004286609479565742
74434,0.0004896326671937119
74445,0.006418403930196871
74455,0.5304963339226588
74473,0.0016941495873550071
74481,0.0029746278267559294
74503,0.0008034207085955748
74505,0.002355930540527796
74506,0.00244971900129184
74508,0.0013428902478490894
74525,0.004154670630746101
74531,0.002377306066085618
74536,0.02633421035036109
74539,0.0013651597238826952
74550,0.003134111481092517
74560,0.0001514255680207435
74574,0.012048531184651708
74579,0.004985469030935117
74581,0.005379869953368715
74590,0.0008635889360695376
74610,0.0016858804802348099
74625,0.0011297756413218571
74626,0.000804444329599487
74629,0.002867454730600394
74639,0.005325967878672421
74641,0.0026307837551457986
74647,0.0026114273638634788
74659,0.0009613935782301682
74660,0.0016006985985719483
74676,0.000552340579097067
74687,0.01668983117059775
74688,0.0015666144005432418
74709,0.014913770927282972
74730,0.030236159323641917
74756,0.0045493052869540595
74765,0.002596819764112786
74766,0.6091033930780566
74778,0.13237142550703226
74783,0.0032724576137632584
74797,0.0024449399756555157
74805,0.0030633222809973524
74808,0.0011589742255527248
74814,0.01881337653947845
74834,0.007053568201504124
74837,0.0004454907410667189
74862,0.000997287389772755
74878,0.004135842319596592
74882,0.00032570356971193176
74883,0.003932747426139818
74885,0.004971339466448436
74893,0.0035354724464590798
74905,0.0035392213877016208
74933,0.00036289662729975
74938,0.004244781062432492
74939,0.0019101720449289762
74940,0.013436244240545568
74942,0.010448034642691756
74956,0.011853328883091869
74971,0.002784732409707999
74973,0.0009510638969344024
74974,0.000817258966429685
74975,0.0025923909784233267
74978,0.0034710597728049497
74990,0.1291386125148297
74998,0.0035695947157481332
75006,0.003655480596199069
75021,0.009184497981303207
75026,0.024755536123025904
75030,0.0016941472937845796
75044,0.0021907868044199227
75046,0.0003437801924328328
75054,0.0026189123695566814
75057,0.007633090093007882
75066,0.005505035325788797
75081,0.0018064802920695494
75092,0.0012481046390318007
75096,0.0003750992241331704
75101,0.0037879624966664026
75104,0.00796035821406752
75110,0.0010669204272926295
75112,0.0036064527047147904
75121,0.01825199508174119
75128,0.018322707099206803
75131,0.000917195850286969
75132,0.005368558014705837
75135,0.5118142617916365
75137,0.0034388530378831367
75138,0.0008295381945303941
75139,0.0230228600712009
75140,0.003534679156337696
75155,0.0017353023647852335
75160,0.011220984352189494
75164,0.0027891122621598544
75166,0.014028805552282135
75172,0.001069986367787126
75187,0.0071467298552093115
75188,0.006048039325168025
75190,0.014110936731270458
75191,0.0002931788739099562
75192,0.012857764584966663
75194,0.02497792176547483
75206,0.0029831991940581894
75208,0.002782223472825406
75210,0.0006658412723980568
75212,0.006044217756070692
75213,0.0026658555857924943
75215,0.005854625877518694
75220,0.004901370173317054
75225,0.00022334396373306113
75229,0.0034635333240174626
75230,0.0008554956668727398
75246,0.0278132339669984
75248,0.001214096041368671
75255,0.003403741458858256
75259,0.003651414840960979
75271,0.013048233511813893
75272,0.0038337407145691235
75275,0.001375015134398088
75288,0.0006831202315572321
75291,0.004465455622231259
75292,0.0033513192414974546
75293,0.004833545608436022
75294,0.005973555338427945
75305,0.0020520115931682704
75306,0.01166560404205813
75307,0.0067172084939999
75312,0.008245680471922178
75314,0.0009307646347255786
75319,0.0016150574597829084
75324,0.010259442757060271
75326,0.012341142767412303
75335,0.09717841667577426
75344,0.0005702695020996293
75348,0.0007109075905811611
75353,0.005451982314001883
75357,0.004423254034811832
75370,0.0008857048470773642
75382,0.0023986346693837305
75388,0.6113995365788772
75389,0.0005060060997213377
75400,0.0010895195622296699
75402,0.01850945840885046
75414,0.0053012276482536
75425,0.023294352282753228
75430,0.001203241431012228
75442,0.0024172096511014597
75443,0.0014657699286520173
75447,0.013612537885577206
75449,0.004893976124623577
75452,0.1256556624544077
75469,0.05537131631723405
75491,0.0022467435151461617
75502,0.008325842389304224
75508,0.0029641627441273806
75514,0.0030409786354856964
75518,0.010281471122426953
75526,0.0017571859507592256
75535,0.0007785351734320001
75548,0.005782529627005418
75556,0.007483159997141604
75563,0.003195909309332457
75624,0.009116732788705213
75625,0.007940082287924796
75626,0.002392116133972281
75629,0.016552684627512776
75632,0.0010377769044485133
75633,0.0005915391378898021
75645,0.002542348391044419
75647,0.007537602944832291
75650,0.004409458471068805
75657,0.0006954099095197128
75671,0.0014176678899583363
75672,0.001058762469247734
75677,0.0010109310962147656
75686,0.18288800504038458
75708,0.0007447013277204448
75731,0.005610176033742503
75736,0.0013980954364378572
75738,0.0026078735252805605
75763,0.0018929813115253849
75764,0.002149863511569757
75765,0.004471585235554491
75786,0.00047971088833251004
75790,0.0018382487241566184
75795,0.008045606513087061
75816,0.03514776673233636
75819,0.002107365544171755
75825,0.0005329142514916603
75827,0.0008931364955985323
75835,0.0002283849558685332
75836,0.00464359233466631
75844,0.0016072618290930542
75851,0.005924136977275555
75855,0.00455653353918185
75856,0.001458734110174252
75866,0.008317644118129956
75895,0.030585642559905847
75902,0.002529058110018753
75905,0.0010074832920694337
75906,0.0017547523308047458
75919,0.0030083798966364715
75928,0.020364854317780044
75931,0.02134936355698474
75934,0.004288029854079695
75942,0.001955575846011568
75945,0.0008861238432056243
75946,0.0034307320398610694
75948,0.0072706878114888
75966,0.0064834000581463665
75967,0.00211682066467806
75971,0.0007811686816598861
75978,0.009192157368361306
75988,0.0037974066678166728
75993,0.00044169411640179154
76004,0.028741836959957454
76008,0.003626323673182763
76017,0.000883703857546935
76019,0.00201007625210153
76038,0.0062973497080100515
76044,0.0005450945540171974
76047,0.008207517285655382
76054,0.003119266623484423
76056,0.0034850870496800084
76057,0.013959520772315109
76062,0.0031617915824830884
76065,0.00485600419220719
76079,0.002356045978090709
76087,0.0015431694228411595
76089,0.11537166114758088
76093,0.012303475312807578
76099,0.8666805482505685
76103,0.012715885736445368
76112,0.002912387401060253
76116,0.00014290973186742738
76120,0.015867907224042688
76123,0.00045293616201590723
76131,0.011623573164960066
76138,0.000469647751888297
76143,0.003140791600060846
76146,0.0025534464683028054
76147,0.0054257998281291445
76164,0.0038164016231311527
76167,0.0020154525187436414
76173,0.0033105829825044457
76177,0.006192574573440701
76180,0.0014299604878830665
76186,0.034767767165245066
76206,0.004708838578152266
76216,0.3278041621680285
76221,0.9013337238818138
76222,0.7730677592541494
76227,0.02622305055943775
76234,0.02054669092906255
76240,0.0016031554127466554
76253,0.008376399122301766
76265,0.00098014540152787
76266,0.0031488731645423363
76278,0.0005767115594329912
76280,0.0024773600835985747
76285,0.0004404783278705019
76290,0.0017807522425940844
76294,0.0029861700542104957
76295,0.0016389015854631475
76296,0.004176557338682709
76307,0.012116223100831673
76318,0.0005379705820575207
76323,0.031078167515244743
76324,0.00468544394448552
76325,0.0031976151945955797
76327,0.002524019694897932
76329,0.0015133020454533982
76330,0.003995248595475176
76331,0.0017313035585151126
76333,0.0036498358997743255
76335,0.010818774209313075
76342,0.0343071727374307
76345,0.012612170056330502
76347,0.07485581616912428
76357,0.0005992887860916339
76358,0.0005632885248265991
76359,0.002254686127859996
76362,0.003937825821081566
76364,0.011049453132034752
76377,0.00358464427245228
76381,0.011762446584975432
76383,0.0027791578721681233
76387,0.006384628825090147
76388,0.0015720482458152576
76391,0.7976535121914172
76395,0.009020444152101455
76398,0.4609800462263188
76413,0.003244968086143112
76416,0.002953858020015379
76418,0.002608204245590973
76419,0.005122940768649301
76424,0.0009661385652834201
76427,0.001328613007611288
76440,0.021528714342070394
76442,0.0024929649935138028
76443,0.011794839925778103
76456,0.011219526316110603
76458,0.03579784588154519
76459,0.0021922549693860903
76469,0.02157088587414284
76472,0.0034620039233915945
76476,0.0010218871875477165
76477,0.6767342794153142
76486,0.29836430723763396
76487,0.6388572142296379
76490,0.010307901344534692
76492,0.029267781528794664
76512,0.11701173438062379
76515,0.0012013820523432037
76516,0.003038310773087602
76524,0.01434746147241818
76526,0.0006475456704402317
76527,0.0068284054143578
76529,0.036002409168595303
76533,0.0026286176511364535
76541,0.0035883327768519023
76544,0.0016864325342222184
76547,0.002476327930106159
76557,0.0069931033036937495
76568,0.0010174566370477788
76578,0.011236863148319022
76582,0.04035851722837154
76585,0.0009755794640775902
76587,0.0031907442966290986
76590,0.004764700993347721
76591,0.0024080764552755845
76592,0.009131486568563572
76594,0.0014709392645681518
76608,0.005496099539589737
76610,0.0038870007614777587
76618,0.003456208747559784
76638,0.08670102186415489
76646,0.011790567037852322
76660,0.005469540873140665
76663,0.005273423965311614
76672,0.0035731509228445727
76682,0.002632506580885129
76690,0.04395749595761934
76696,0.038586019234725676
76700,0.008633528218330168
76707,0.003260617507008721
76710,0.0030887357229076643
76711,0.001428056331047798
76712,0.007453109281651306
76716,0.0034775763560758346
76718,0.009646198532540184
76725,0.03420198544909659
76728,0.017850847898443326
76734,0.0030248422757770026
76742,0.003168350142728624
76744,0.008951704208894897
76748,0.003655108683335951
76751,0.008665802376104434
76762,0.004340736453349917
76765,0.003141645935369514
76767,0.0037995903149554305
76768,0.007211133915558889
76769,0.0006851758987451135
76771,0.00303052313626785
76786,0.8291085703498522
76787,0.38289642361331333
76798,0.0004563433779153719
76799,0.027998647576792726
76800,0.015912876292308916
76801,0.0007871570395443641
76808,0.00738041041435044
76816,0.0010309449947378132
76817,0.0021344037083098353
76827,0.0016284538365849428
76829,0.011077677912693101
76830,0.002809797946906316
76831,0.014699751586295254
76841,0.008175269470116956
76843,0.0015190767602152621
76851,0.004113669034624375
76852,0.0018227561866350794
76854,0.0024378147700468912
76861,0.0037536440030046503
76862,0.00866373094732029
76869,0.0009271473634258712
76871,0.0004628116675307724
76881,0.0049426508596328664
76882,0.0288337281764863
76884,0.002287092316173554
76900,0.0011811743475617321
76902,0.009028707264722815
76906,0.00278182797207433
76913,0.018433171916462078
76916,0.006832986712794108
76917,0.003694090603962988
76918,0.013939476500312707
76930,0.0013820722758069788
76936,0.0017856643381638606
76938,0.0008850599127881869
76948,0.0069405083602095425
76957,0.0030623073377806583
76958,0.0032670187269758723
76959,0.0012295646765235865
76966,0.01340631949415274
76972,0.5600025049436179
76975,0.32367348401414314
76979,0.015472386018180014
76987,0.0019534759585539785
76989,0.002714991180886293
76994,0.004245823788762057
76996,0.0067459454519570505
76999,0.0016416334857149053
77007,0.010333223259550505
77010,0.00453331360122011
77013,0.03240776146791489
77022,0.001780950250613731
77024,0.008704076323379464
77027,0.003533900893625808
77030,0.0034052758273973487
77039,0.000681960819420118
77049,0.001990410506364986
77058,0.022424296270962103
77061,0.002279050422067967
77069,0.0026501825244511436
77072,0.005375600549745049
77076,0.0018868706989161408
77077,0.011452362724351352
77080,0.0021172242283627745
77081,0.28050484711664814
77084,0.7352596325149439
77109,0.032638791389017874
77124,0.001441846116354569
77136,0.018213803552963745
77137,0.011268799609004747
77138,0.004342565279756993
77139,0.005749672332828599
77148,0.0052136546936157255
77154,0.014356087029879635
77155,0.7333135325426847
77168,0.0004808809938419319
77178,0.004407935505232916
77183,0.1004166167201916
77185,0.0016393218289737122
77189,0.0021223977860196403
77190,0.005373987218816436
77207,0.0025517592385053385
77208,0.0015441528489094495
77222,0.00161388250267674
77223,0.030735277215892684
77246,0.005388136098930895
77247,0.007040707898345222
77250,0.015208818072181666
77265,0.0005196144752343083
77266,0.0010301190629410453
77268,0.004532259147412912
77274,0.0042120020264293625
77275,0.0019056613710254277
77282,0.5975434025671041
77294,0.022481765786859592
77304,0.041690756011172274
77308,0.001969319069214223
77309,0.009927083705983943
77311,0.0003978133590798493
77312,0.008760275235175667
77330,0.001543493843346444
77333,0.007553557786906654
77351,0.011623634083083544
77352,0.0009665727810090313
77364,0.00046571742390169704
77366,0.003506971910815526
77368,0.0052226154476333695
77374,0.0006858141613970194
77377,0.007289033966616375
77383,0.003643203196622668
77387,0.0037884061839216316
77390,0.007135183778584607
77395,0.16328394237680444
77400,0.0027394774163348365
77407,0.002600443577813178
77417,0.011832743373925371
77419,0.001930000427733415
77450,0.4100636093614291
77452,0.0002763711008333034
77456,0.0028732824133766454
77464,0.007614001727222697
77473,0.007301399566626771
77477,0.007296062891955172
77480,0.6799816349555561
77488,0.004881995303594026
77490,0.0035514725973455476
77491,0.04957470410778015
77496,0.004894980436586003
77498,0.0002752047334175645
77505,0.01739993655971743
77508,0.019021986359667526
77513,0.0022831363701504973
77526,0.0003817850367538528
77528,0.0009563937221523438
77546,0.007110031281161778
77550,0.0005941812982428046
77551,0.02241436073578901
77552,0.0009145478043044109
77554,0.006055324643347182
77556,0.0012779423624694345
77563,0.0018590073744836218
77568,0.0022600975441560505
77569,0.0034680509698649825
77572,0.022439985143113184
77579,0.003058358550498856
77583,0.001767936059117181
77585,0.0030487834664698478
77591,0.002434617003083436
77593,0.0052281727816968215
77595,0.003038590091021094
77597,0.012506204760843733
77601,0.01276158133606803
77608,0.0059851635168173675
77612,0.0028985821442771872
77620,0.004457169338192103
77621,0.003788828986080729
77628,0.0006995437519986181
77630,0.00771518665749764
77631,0.011450716969021859
77635,0.0036694921858312804
77637,0.003133292150096077
77638,0.008493460281145556
77641,0.0005606251450170058
77642,0.0025483767369718965
77643,0.01721348043571567
77646,0.005204078274228767
77651,0.0014632533856947785
77653,0.0006290232764808297
77655,0.001209426608989816
77661,0.001235262682462877
77662,0.013896654919270909
77663,0.003712912969076701
77666,0.008029999427322862
77668,0.0074249688566352745
77670,2.2238890851520627e-05
77673,0.001145647331518836
77674,0.00010346353022980765
77675,0.0011451840741647252
40204,0.004013911703169739
41634,0.00038781149739464306
41728,0.0012050668447587186
42129,0.005187775626902145
42956,0.0003883238884900615
44197,0.0004236100295298834
44216,0.04517799211304606
44217,0.010163452796531561
44288,0.0036881755649638692
44344,0.0025447873185004584
44346,0.0006289844578285817
44420,0.04657962477632105
44546,0.009936569233690852
44685,0.00023903762739616025
44711,0.010529720134319532
44721,0.009312142258383428
44755,0.0038908883233475457
44756,0.002367725427044751
44757,0.00960268363727155
44792,0.0018007840552508975
44793,0.01702260617979665
44846,0.010166625697314717
44849,0.002334375783813039
44944,0.0006148382788417681
45017,0.0019974347408657053
45090,0.01935191783157996
45184,0.0007562439072145691
45252,0.14632210949963895
45253,0.006086166737521382
45254,0.0021859526662338364
45304,0.007475100733966361
45309,0.010191423652417288
45310,0.011207708745126135
45311,0.002096080201452864
45359,0.0002881232470603272
45477,0.0010811359066267064
45530,0.0006143997464697198
45562,0.0010488138627276552
45568,0.004832509154610489
45571,0.0006310811864234304
45620,0.014862500365082328
45642,0.0031050408481356974
45744,0.0017714809701296827
45815,0.002364203854735473
45818,0.0014822548779477934
45823,0.002625344514781575
45828,0.0007476136462736027
45835,0.001218965959001735
45840,0.001602367345501083
45853,0.0012984724983998639
45896,0.008477426751428827
45906,0.001748679019667763
45925,0.003146973203967658
45926,0.010029892024640078
45936,0.0013881602554111922
46052,0.0026080735701539313
46092,0.006485972216590692
46101,0.006674598325084338
46155,0.0025999438491002814
46178,0.0008993848031402666
46263,0.0011078804968148038
46265,0.0018999401926210607
46351,0.00011156108204784868
46357,0.0031629203404655356
46358,0.014940840689613925
46366,0.0007145558117619854
46503,0.001986958476804201
46507,0.0008168427200746334
46558,0.0034768589246205713
46564,0.0002374259674067956
46569,0.00343290790045347
46572,0.0008297256673552169
46573,0.0007698773724416906
46574,0.0069010846013723105
46582,0.002232636794713551
46583,0.0026324065026144612
46596,0.0015594187967753485
46727,0.012770061979220376
46793,0.0011155187951446032
46913,0.0007708653207531355
46918,0.0012713150157979665
46922,0.0033091403636306875
46982,0.021132988408474506
47011,0.005353511394335327
47026,0.0005492706176692539
47102,0.0036745106254542676
47187,0.005262736234457315
47191,0.016941521936611675
47192,0.06460081350120674
47205,0.0003816971336067667
47224,0.003064916407967879
47236,0.0003990892942040622
47239,0.027220273368952063
47242,0.0021800618227634638
47402,0.0011512237637728165
47408,0.0023860749695731607
47421,0.025267679216106197
47422,0.01855773992639756
47425,0.002756297602808188
47507,0.026906279680443936
47555,0.0017300784802930112
47566,0.017859303801476406
47585,0.0007749407395758914
47600,0.0009164461571507307
47675,0.0017258359487817097
47679,0.001052470015894019
47751,0.0009319456870890226
47768,0.0002905842272685713
47769,0.0003915359404247489
47772,0.0015295348709410761
47782,0.01016803134097302
47843,0.00025964180105377183
47904,0.008254752064340858
47913,0.00039659306443441846
47914,0.005359393467262268
47998,0.14631175258435494
48004,0.015290860970867185
48036,0.0003706987073209476
48075,0.016192759274729948
48114,0.0015408052197339204
48170,0.020388754639345506
48179,0.001593140565410223
48217,0.010227080514052673
48369,0.0002449212003330769
48494,0.00380890726232241
48515,0.09716175407805844
48538,0.0016494317953425384
48621,0.0009628523188875221
48926,0.00703978975474923
49010,0.010716838520531418
49014,0.004444844316580427
49015,0.002762177890193
49016,0.00022985487750242553
49025,0.0012171511894444379
49044,0.000529802483894831
49147,0.00041282895230768373
49181,0.05126192927219234
49184,0.008966959015781331
49188,0.00396652270715195
49218,0.00045919479940408493
49268,0.01506106178299016
49273,0.007310231646611164
49277,0.002864117004257451
49278,0.00036518376742112506
49380,0.00356836512022407
49449,0.002906207852696731
49454,0.004258158035218564
49469,0.009050280193785797
49474,0.0004414802964999897
49475,0.0006002405641970065
49478,0.012803072628509818
49484,0.006270223499264909
49529,0.021499579064385866
50171,0.009446425554643423
50172,0.0026412139925206446
50179,0.00249430567577126
50182,0.006912481800586503
50187,0.015689678095716364
50189,0.005697627540330788
50190,0.0018558703807294748
50191,0.0018134540746574876
50194,0.0007684263599909594
50199,0.002761253898297925
50200,0.002666044864399956
50211,0.0062365267668427924
50217,0.0017345155211129998
50219,0.001384978290635164
50220,0.0009212709046536151
50224,0.0474504515723507
50225,0.09122920126680041
50226,0.0024635519299784237
50227,0.023959971283556723
50230,0.004688560710818105
50231,0.0019777663419109927
50233,0.0003836818991544194
50234,0.07360677262317782
50235,0.002605969594034368
50244,0.003000371818444633
50250,0.003592928046816694
50253,0.04999087711784105
50256,0.0024432343459025404
50259,0.014763542439849852
50277,0.007223506789157889
50286,0.00048702593204766895
50296,0.007805181669039262
50300,0.001123583835480686
50303,0.009260668475951122
50312,0.001088258068601467
50313,0.0005627266237810404
50314,0.023067915669250018
50318,0.0003435659036747562
50319,0.00048300837486223717
50320,0.0009256950156006327
50324,0.0025177905486844544
50326,0.0017244246325832128
50334,0.0004009675764471779
50342,0.0003224357870088707
50344,0.035835957387833926
50351,0.0007696763393805355
50363,0.001453845932142524
50366,0.20585336857342748
50369,0.025105075788058772
50379,0.22623229945945597
50396,0.1321307705329204
50399,0.005786199287210098
50400,0.0024791054175438997
50402,0.0026640088895233905
50412,0.002409699884474446
50413,0.0072700426019722195
50414,0.00046439990077681625
50416,0.013754445904576543
50422,0.011999623021344266
50425,0.0023295128971924355
50426,0.018195317045108426
50427,0.0039368610238423385
50428,0.001119748824223835
50434,0.0015812492298405347
50442,0.0030530689529153243
50445,0.011977433342749233
50446,0.0018199153726542907
50447,0.003636801772557196
50450,0.012603204913194293
50451,0.01673012249328104
50452,0.004536470494572608
50453,0.004728314757066762
50454,0.044390310698423995
50462,0.006311147416651947
50465,0.01736398416931131
50466,0.004252550057135515
50468,0.042218697447739054
50470,0.05889507644965204
50473,0.00738444413572465
50475,0.018421222920397703
50481,0.02340848005090408
50483,0.0015558173153398234
50489,0.0023350337703962614
50491,0.0025620735688169373
50494,0.0024784192295834026
50495,0.009605963612718062
50497,0.001795631200857838
50500,0.002191195675035072
50505,0.0010981667947116624
50507,0.0009995309382889533
50510,0.0032129990091340007
50518,0.0006361858775428928
50521,0.007670790649934587
50522,0.0040432521395850265
50526,0.002665865670184766
50530,0.018171189808395074
50534,0.0017842422416163932
50542,0.0006643480228772444
50543,0.0037962861930467846
50550,0.0014201433540094353
50551,0.0007815328421530293
50552,0.001287923549777525
50553,0.006441767177063188
50560,0.010174077393047527
50567,0.008577291741186018
50569,0.006027280553270605
50571,0.012573325960134996
50572,0.025463885533043688
50573,9.314372690301845e-05
50575,0.0019964685986633675
50580,0.0016068250863635369
50585,0.0021507910490333082
50586,0.028013367148497552
50587,0.0007315654289310763
50588,0.019893129535698512
50589,0.03496555345744976
50590,0.010271903923076624
50593,0.017018589629920405
50594,0.027718376001471624
50595,0.0014492533844463677
50596,0.0963304962737952
50597,0.03507920794690641
50600,0.0005456436661401066
50614,0.005804980683401862
50616,0.019461473893048784
50617,0.007994501022024555
50619,0.013791808145696903
50621,0.0012504939830869071
50623,0.00036303439479091213
50624,0.001113142366817253
50631,0.008463161067758728
50632,0.0004514732092169514
50633,0.0018372271743227367
50639,0.016630003829248112
50642,0.002508578624209771
50648,0.0056827421425973525
50655,0.0009145443584411326
50657,0.007363238215264428
50660,0.0006544683449150367
50663,0.04379351459210314
50666,0.00042735797832490043
50671,0.00026373135518872344
50679,0.00222894217767761
50682,0.02554537546501514
50683,0.008056771248708803
50685,0.24529443817840807
50688,0.004513303414696348
50689,0.142087202774698
50697,0.00066900732979195
50699,0.0007451051919909749
50709,0.0007786767673647873
50718,0.0055520462430888
50719,0.04478951234497939
50728,0.0005393020703373547
50729,0.05335167095987423
50733,0.002939318323645466
50741,0.0022810847303477524
50749,0.00734659601180335
50754,0.024956455958268484
50763,0.00027734915111860654
50768,0.0699337226411855
50770,0.0029837650179979887
50773,0.0015966131711292499
50780,0.0005185978015677357
50782,0.026237025917305364
50795,0.008619021012157876
50796,0.005718825953027697
50797,0.03359087249334389
50798,0.05147605316055379
50799,0.0009049871294252362
50801,0.021609881444929157
50803,0.0006794794439552739
50804,0.0007294088257091163
50816,0.0014991323938944512
50817,0.0007771462439066368
50821,0.003126386141834792
50823,0.0013072251931978047
50825,0.0014392446055779258
50827,0.003954693128840098
50830,0.009130805345244268
50831,0.006463269624869188
50839,0.0011546055167398486
50851,0.019212418102651434
50855,0.005303051907205842
50870,0.03530581347717097
50875,0.002531837490400985
50878,0.00411840486130221
50879,0.00606498599308985
50880,0.003700004028153128
50885,0.0017320127619135034
50886,0.0845323058876144
50888,0.0005552248076221783
50897,0.006048643886116065
50899,0.0030615227517618413
50900,0.00044760498500670266
50901,0.0012516764673830315
50906,0.0039001949220985885
50907,0.004903075461410805
50908,0.02154483827058621
50911,0.0014233460362653915
50918,0.08360662114031119
50927,0.03858452989758674
50934,0.020911020412271608
50939,0.004821330377166073
50941,0.001080428592216119
50942,0.011911843211819597
50943,0.0017878340143879323
50945,0.001761599888733818
50946,0.013849462228615089
50947,0.0003663525959762217
50948,0.10888656274997255
50956,0.0009115028970501621
50957,0.007817518733865415
50960,0.002596019519321568
50980,0.0008701849171871889
50986,0.0012740533610091868
50988,0.0016591060329784813
50991,0.0027309628798358986
50993,0.00027520043575456695
50994,0.0013137066385699315
51000,0.001866412114527266
51001,0.015535376055645287
51002,0.008592320375906128
51003,0.0018517763334436556
51013,0.004475172507947779
51021,0.013776372590411127
51022,0.012970732568993303
51025,0.002249924155752152
51033,0.004938498248989099
51035,0.0027364894409752146
51039,0.017595261434881968
51040,0.0037411533934231253
51041,0.004032623125783613
51042,0.038903461354904856
51043,0.00252725950052561
51048,0.001651489483042549
51053,0.0020250583882697013
51061,0.005751240895262218
51063,0.002389674296153311
51072,0.007865731806695555
51078,0.011482949007709325
51081,0.0036492267609923626
51091,0.0011228246901057745
51100,0.010365368027667674
51103,0.0026504741895678756
51107,0.01960977309992642
51114,0.04634722596513995
51115,0.04713350014869073
51116,0.0035696766741871986
51118,0.006307870993640384
51123,0.004964258726574213
51125,0.023886736014119885
51152,0.0008015702661737462
51155,0.01688927576928919
51170,0.02554086161496502
51171,0.002072332692468213
51179,0.007044171552864628
51180,0.030766086334126648
51181,0.002892160901818308
51183,0.0015114258594921973
51192,0.0002392999264476633
51193,0.05748618097179785
51201,0.0019023311262534788
51205,0.001069122001722908
51211,0.0017295900700941126
51217,0.004329685909785193
51219,0.002266298512978102
51225,0.003430929249688997
51227,0.0002201077570224367
51234,0.02437128643903052
51238,0.0010319956879509856
51239,0.015690860749005026
51242,0.00043402111082523786
51244,0.008885422417495705
51254,0.004983138311988518
51255,0.0007516695731049295
51256,0.000205435653445453
51262,0.006378643515631884
51265,0.004804473960531922
51285,0.004687184548844658
51298,0.08522197226815835
51314,0.006310666668606114
51319,0.0006609544136218358
51320,0.01816492663381293
51323,0.006962526222870858
51327,0.02944882002392864
51329,0.0011482863127424922
51342,0.0063129208115630326
51352,0.014401706349977807
51356,0.20976057781400723
51357,0.005000789928239098
51360,0.01091015982539497
51361,0.008642925992633402
51366,0.014010394825840673
51372,0.0018933406497596362
51373,0.13572450686207335
51378,0.014589437763672275
51379,0.00485281979123041
51380,0.0009879589439846508
51383,0.0035715109236934077
51387,0.029843779800984876
51391,0.01178942221715897
51402,0.0005666777723813913
51415,0.021927331687366207
51416,0.0014416263556421276
51427,0.0003796192437810345
51437,0.0001853504462810171
51443,0.00142861856748148
51450,0.0010519737571612366
51453,0.0020469828129682124
51457,0.0004121086812241576
51460,0.0042244501749246115
51462,0.3993095196787896
51474,0.006988916796375186
51475,0.004036718670336117
51481,0.009126556163024643
51484,0.07142815251561604
51488,0.00010527063750296062
51496,0.13585014371750403
51504,0.005629710771804227
51508,0.0005373594449574049
51522,0.0015400327211710194
51524,0.0007953254733292427
51529,0.002367906992456477
51533,0.000714718131873206
51540,0.0014180474687984347
51545,0.0013824050342009263
51547,0.0008018265576553606
51548,0.028191314929342848
51550,0.01910412785003798
51562,0.0006527673356983215
51573,0.009230896228518639
51591,0.01544435502505942
51592,0.09646524821759178
51593,0.17912042960831298
51618,0.00327146252513519
51625,0.003056100503172345
51626,0.0020371940184947105
51627,0.003213436437723959
51639,0.03443413840219024
51671,0.0007334468741877505
51672,0.0291800388081147
51686,0.0008283382206366502
51687,0.007442566546226351
51703,0.010984974417147415
51708,0.14094202487389348
51733,0.20753743937093982
51738,0.0030116477179811044
51755,0.006702721692164633
51761,0.004965621030988373
51777,0.0022057081492163643
51783,0.0022000837080580673
51787,0.03878840125157353
51800,0.009099649619522265
51809,0.0027504527209520767
51819,0.0016167919815339984
51835,0.00836734843832031
51844,0.003844076595920551
51845,0.02308820010699813
51855,0.011896846732555895
51858,0.002194309878221337
51861,0.0019567322995683568
51868,0.08522640337137956
51876,0.0049956040666704555
51881,0.00910590658108175
51883,0.005995737309855672
51885,0.0005374126535198742
51888,0.0032716687114768455
51889,0.15337479521999317
51894,0.002010163720581275
51895,0.007060705192980453
51899,0.010309600654554938
51929,0.009229273623346227
51932,0.005449655383097797
51933,0.2264621556220338
51934,0.0006098676588305973
51938,0.0027436602532157827
51956,0.05383610241562464
51959,0.00016243138773748087
52003,0.0006867423228429012
52022,0.0018776534064157647
52025,0.004611618832396999
52027,0.0020864597452354295
52028,0.002681863382294316
52036,0.007265723755802924
52058,0.005139321134902427
52059,0.001465601035531186
52082,0.024525862440251057
52087,0.0030612096725672624
52088,0.010040554964310822
52089,0.0028140001159055322
52090,0.004128555031358734
52091,0.002714338245570417
52092,0.06420180806890241
52096,0.0003023012500708917
52110,0.06892530043857738
52117,0.025575368065282232
52120,0.00021967663164111363
52141,0.021170187414903854
52145,0.02394814276438195
52146,0.004627122148304446
52147,0.022308528724205214
52167,0.0010489225722636892
52175,0.004806783629799268
52209,0.002497920547133487
52221,0.0010553095996125449
52230,0.0012445109769261401
52242,0.0008511126942286053
52255,0.013234227950306519
52257,0.002987356907664756
52258,0.03918283415746915
52259,0.0012580796276797064
52261,0.01429752938790091
52269,0.0015133480065960398
52275,0.002267696131204543
52276,0.020591851365697383
52279,0.0072993262439386055
52282,0.23701553741986114
52289,0.0027421325021293724
52290,0.008176232382053414
52293,0.0001998806266445671
52294,0.03158931836852541
52301,0.002283640510781467
52307,0.0041326080281679275
52308,0.0010599808628665732
52319,0.002811022035812535
52330,0.0059891854375108975
52335,0.005417167584799028
52346,0.008082325939512254
52348,0.00040977184601416396
52356,0.021192822565412703
52357,0.02092950131986838
52371,0.005626180634089584
52376,0.07931113061704557
52444,0.04251359909114653
52458,0.0008268781220159785
65428,0.009114444072255739
65432,0.0011318994112471845
65433,0.010428848953761428
65435,0.002054876905484826
65436,0.08031383783375526
65437,0.000883386792610698
65440,0.001745105101750508
65441,0.0021614992931354173
65442,0.030515541809044883
65445,0.13218334759455122
65450,0.08219365943753436
65451,0.034195498169449765
65454,0.019304747556700048
65456,0.05904702395191852
65457,0.036768199346252424
65459,0.09616045455906977
65461,0.0048571725074036485
65463,0.0019463907124077622
65464,0.0011504578992349137
65465,0.0014562446239864408
65466,0.0038789492885565853
65468,0.0010803997430616026
65472,0.0012577781734460227
65475,0.00797831760553653
65479,0.0953408246756424
65480,0.012474990313334676
65481,0.025309663324325844
65483,0.010488177516724085
65487,0.02802277763286637
65488,0.0015852444034885527
65492,0.34317061499794144
65493,0.045943848830318865
65494,0.028162462296611564
65496,0.006903579685693496
65500,0.10228221807722959
65502,0.012765245354140097
65504,0.009326272963019348
65506,0.006653762621446641
65507,0.02960821727648406
65509,0.0036703453379577726
65510,0.005252643098053088
65512,0.0047753795388441826
65513,0.003652600049735075
65514,0.0019875123810214152
65517,0.009551557338560241
65518,0.006466535845143121
65525,0.0025967750343221406
65528,0.005935771302076723
65529,0.0312529000316421
65530,0.03413333353381949
65533,0.0014390084494206013
65534,0.0055014806407634505
65536,0.014586126864668283
65537,0.0019572318723742703
65539,0.0018496699440167731
65542,0.0008306079654160835
65543,0.013684980308287412
65546,0.0036958462803850355
65547,0.05510243561944902
65551,0.0015072075383677703
65552,0.00158497045275045
65556,0.004723339017106694
65559,0.0013878582954410603
65563,0.4456788366814992
65564,0.004139720583865686
65570,0.012126494446905405
65577,0.028905559082069713
65581,0.013587964938607639
65582,0.0040187716468453255
65583,0.1437574856539478
65584,0.025136867852082724
65586,0.05817211796532247
65587,0.013141969375851634
65589,0.13504169316303483
65590,0.009609435757093759
65591,0.0020945901048322856
65593,0.003628959717280181
65595,0.0014558208367207901
65596,0.014512926151961907
65597,0.00042129725609923194
65599,0.0004162829120207768
65600,0.025507166112057316
65605,0.011107430705495741
65606,0.0028225661545255507
65607,0.0008947521382570644
65608,0.0011351940570076531
65609,0.0007266472182713874
65610,0.03229455633195479
65612,0.0008886974518255187
65613,0.00011729914220581076
65614,0.0004895311788825591
65618,0.0008544912231584358
65622,0.000562820071475643
65623,0.003557160665665124
65625,0.0026840570059332228
65626,0.0032149100867734045
65628,0.008006636654840948
65629,0.0016807845823844445
65633,0.2583781696196992
65634,0.0014969376343171542
65635,0.023043145801978044
65636,0.032823181866269716
65637,0.0028335917655107285
65638,0.0025672436118573698
65645,0.013017586544430469
65649,0.005846053971831859
65652,0.002482339468719988
65654,0.11930804935582934
65655,0.2610458905840532
65656,0.01081894974386685
65657,0.002738768076758829
65659,0.008698499008487327
65662,0.04372241214806143
65665,0.0044312007716638905
65668,0.034575679290722916
65669,0.010482941383049437
65670,0.007321261516771914
65672,0.001913760093491981
65674,0.2162919745742527
65677,0.0010995507480820233
65681,0.0007641705154240326
65683,0.0028551588904922546
65685,0.004550948617935961
65687,0.0077213313812119376
65691,0.00010901778602930096
65692,0.3396994002050407
65693,0.0032656247988200574
65699,0.003524126122457172
65703,0.0037955197648223866
65704,0.018217864420954438
65705,0.001290055564766148
65710,0.0036840975084043055
65714,0.12148182536855043
65716,0.10936713934011627
65718,0.010369691197323857
65719,0.004082738132404572
65723,0.0013695484324441987
65724,0.0016571712372074067
65726,0.047651054308086596
65727,0.3395804860194608
65728,0.033416157269431146
65730,0.003757734517127344
65731,0.06855809662931327
65733,0.014020792518331295
65736,0.007387692821765279
65738,0.0007856546538163831
65740,0.004883462888446407
65741,0.004637747112658818
65743,0.048558820717900845
65744,0.01854667541568518
65750,0.0005162430454394844
65751,0.0872720609869177
65753,0.01005961335562314
65754,0.01224453363784191
65755,0.0020041507017424165
65759,0.025709188014520632
65760,0.0015098551115844037
65761,0.001238023135149398
65763,0.00954288388556133
65764,0.0019755041572867994
65769,0.0035207011203239732
65773,0.0016212817418675676
65774,0.03535108200037023
65775,0.0006542907863556676
65776,0.0028810477812411736
65777,0.01983857061404591
65778,0.042262041443503255
65779,0.0003108755445408973
65783,0.000922303656563773
65784,0.006342532225570064
65785,0.01964127803682474
65786,0.002484109872671519
65787,0.00042162204548257563
65792,0.0031245571346427284
65797,0.35116604038853966
65798,0.007292454610333057
65801,0.005172208839107586
65802,0.013779600360721778
65806,0.003883253224207147
65808,0.005331380437535106
65809,0.0011616559703643546
65811,0.004717866676513401
65813,0.0005726629578890096
65814,0.032511518179202184
65815,0.01276469340764947
65817,0.0031241350404737347
65823,0.011235725796376111
65825,0.002768936957763871
65826,0.0013495117986729295
65833,0.00425811529008568
65834,0.007356302309316821
65836,0.005525239783617203
65838,0.005548599047903563
65840,0.0003458701046438309
65841,0.047893550377576706
65843,0.035668559300110786
65848,0.01320872287536505
65851,0.0007916867215699309
65856,0.0400660442084761
65861,0.02170637576269554
65863,0.0015133750972853356
65864,0.005079852983139178
65865,0.0011837158506692108
65866,0.11298929839567591
65867,0.05270099822699629
65869,0.0038093309858757488
65870,0.0165842430167437
65871,0.0012026101361367145
65872,0.0027866332153839634
65874,0.030073386873225017
65876,0.0012953729770782867
65879,0.05509637989625093
65883,0.05724890976138725
65885,5.280778783978764e-05
65886,0.00023993146990440372
65888,0.10473018664765084
65890,0.003559617823722353
65893,0.014982197059779809
65894,0.001615160034014807
65899,0.005821838870494851
65902,0.0012509115013864384
65903,0.0008755466229988245
65905,0.0013327111741788763
65907,0.07375863982441513
65908,0.009285420273362892
65909,0.0012786188295457073
65911,0.06027275988906301
65924,0.04548378091293848
65928,0.007143453161819786
65929,0.01839383183222375
65930,0.0026489055069404276
65932,0.16882059943468114
65933,0.01304881121952971
65937,0.07884255270775851
65940,0.008744623340035404
65946,0.0013912926096101457
65949,0.0063644572227094616
65952,0.007809574744141548
65953,0.026360400224521404
65955,0.0003372069300166047
65957,0.0016747177360112203
65959,0.0006782377500454919
65961,0.002960770075641465
65963,0.743494003076471
65964,0.0021811825725865657
65968,0.0018533470464562293
65969,0.009977670854642712
65971,0.028165426442143333
65972,0.003184375004582582
65974,0.012070964127768997
65975,0.004961948681001702
65976,0.03025711383004647
65978,0.05819826066828918
65979,0.005110961686186897
65981,0.045300782379810056
65982,0.0059831014135657366
65983,0.03223663218687345
65985,0.02047058432028769
65987,0.0009121538368148544
65989,0.0005140393032492831
65991,0.049276923638635915
65992,0.0006677550849051862
65994,0.017739168845203036
65997,0.024707025672397544
65998,0.0014866598013159014
65999,0.0004333828022064371
66000,0.00040322569789990817
66002,0.0036605910343801163
66006,0.011218982293846358
66011,0.024387471961481832
66013,0.003888858882069779
66014,0.00879777532496898
66015,0.006531836404500385
66017,0.0049804344024899985
66021,0.0024352740823108403
66023,0.0012144870234895736
66026,0.02039827493814256
66031,0.2073953704390983
66032,0.008211291422219269
66033,0.0019454430432804238
66034,0.01923798805186318
66036,0.000992775878573923
66037,0.04134158549301401
66038,0.011632074814379162
66039,0.011187489834625414
66041,0.00044136671931789323
66043,0.0009250880097194092
66044,0.0004472249531826848
66046,0.000703486855728474
66050,0.0021636512005842067
66051,0.1418999325917002
66052,0.0011218576131453086
66054,0.0007993560008638364
66058,0.002226564398704149
66059,0.00627368110849633
66063,0.002512968785632234
66064,0.064613897268069
66065,0.006728147228384028
66067,0.0019340568793874532
66069,0.2701858116637004
66070,0.048467770056430916
66072,0.18615079756526343
66074,0.0015198814653967988
66079,0.00516611008526485
66081,0.002611316483975334
66083,0.0005085088407752466
66089,0.0011566262965919368
66090,0.0029304102382179237
66095,0.01914783188614318
66096,0.018377864918857494
66098,0.35338281266900057
66099,0.05547675854914024
66101,0.0012761550489646246
66103,0.0011465177349697627
66104,0.0016345016135347582
66105,0.004846373788803693
66107,0.021021307942383487
66108,0.08551469171551036
66111,0.003915091284155575
66112,0.024317867323224863
66114,0.07464893241475637
66115,0.2999520263315762
66116,0.005202246453498015
66118,0.005292413375365399
66119,0.004557171774379252
66120,0.006483614106811904
66123,0.003072201524220725
66126,0.002425397615890638
66127,0.0020583396078234155
66132,0.002610180315050336
66133,0.005040418902564497
66136,0.0031638548394081964
66138,0.03269693380149067
66141,0.001380888886014924
66143,0.014148992695382523
66144,0.006182779292838482
66145,0.002757298755169239
66149,0.003717622849123567
66150,0.005535172144110204
66152,0.028183546563042512
66153,0.0012131857765172965
66156,0.010972285150218811
66159,0.013540261508779522
66161,0.007486828379741114
66166,0.022473477930034035
66167,0.0068541070781645745
66168,0.0055333295487939305
66169,0.00521456139992366
66170,0.00868771633511077
66171,0.0033742838023810163
66172,0.41439715067963323
66178,0.0020163124488361867
66182,0.010334066158446484
66183,0.0072089643126549054
66186,0.007466631867998753
66191,0.006121997221866462
66192,0.001402942386832646
66193,0.0022399546546166605
66194,0.005102975064921562
66196,0.005650613862167663
66200,0.18309353102109083
66201,0.0009110996309766391
66202,0.057696240989017614
66208,0.013116299389761481
66210,0.007114631066435233
66211,0.018490318756406755
66212,0.17589381561412287
66213,0.005526801199405434
66215,0.04058234814792798
66218,0.013095673937144541
66219,0.33929817637730575
66221,0.020981808336984334
66223,0.00018676558419040743
66225,0.013419371317034998
66226,0.04314712570431246
66227,0.004092205038767947
66232,0.004245758525328926
66233,0.012691663627191938
66234,0.019935634636188176
66237,0.0018000590215701147
66238,0.011292857451421905
66240,0.06611703798788107
66241,0.000501930047700735
66245,0.11822038970416802
66246,0.002691789630581616
66247,0.0029833991291262963
66249,0.0023728500052753866
66250,0.0018205278379264647
66253,0.0036206123030235685
66255,0.02884558296048434
66260,0.002286854300034278
66262,0.0009328436732322313
66263,0.008494085014641956
66264,0.005901276588389694
66265,0.001169002684565023
66267,0.01131762471740862
66273,0.019959276780132467
66276,0.004042436296901292
66277,0.007698620579803457
66280,0.002399509962283421
66281,0.10470808991459167
66283,0.018937561998109427
66287,0.00927079181624469
66288,0.0036558176578155486
66289,0.03814384431742576
66292,0.08184438231513466
66293,0.026504411126107685
66294,0.0007716316680273091
66295,0.07771512680922338
66298,0.006874134110033113
66299,0.0017657361478959092
66300,0.0034572954039851656
66301,0.0005176667213570746
66303,0.005029387004737227
66304,0.018830228131034157
66305,0.007688765562299078
66311,0.05701768842608188
66312,0.0030235794919358876
66313,0.013411607509953632
66315,0.04756324050290808
66316,0.002579454959266197
66317,0.009110387940832949
66318,0.054679083818540156
66331,0.00657708922456291
66332,0.0028373149061491423
66333,0.012810170991996614
66334,0.006693062287914873
66340,0.04975609807332123
66343,0.0066117624269937175
66344,0.022034897140663347
66345,0.007007975405651685
66346,0.001784910149070561
66347,0.0116567264445633
66348,0.0007630602345858427
66349,0.004614079451041676
66351,0.05158359660060742
66352,0.022851038839249688
66353,0.0020600114590064965
66354,0.0005693859579751122
66356,0.023866175132089492
66358,0.005415293183288629
66360,0.004729661844264914
66361,0.00652994453981097
66363,0.014349629408036291
66364,0.00577352384336274
66367,0.010453277498690019
66370,0.003947628288950126
66374,0.0026842091221955093
66375,0.21777408419920444
66379,0.0020303450057608083
66381,0.0016836776933295207
66384,0.011181518205341188
66387,0.015025791684926891
66388,0.019573008185590796
66390,0.0009046575404859872
66392,0.002468685009700349
66393,0.004684191007651178
66394,0.009976086547898022
66395,0.004376168695120593
66398,0.013658993599756862
66399,0.0011201727206919024
66402,0.02636183480114405
66403,0.004014475952795398
66414,0.014812346982835484
66418,0.0029525532438143035
66421,0.0017956154878662391
66426,0.001498327166570928
66427,0.001225511628903325
66429,0.0010406426005512602
66430,0.0018643979304952731
66432,0.0014457160890561063
66433,0.0004489277601432901
66435,0.0002487029851200109
66436,0.0009943093879359252
66438,0.08435720080525062
66443,0.0010115326696855938
66444,0.01995457253204626
66445,0.0011298521479433214
66447,0.000589481607817518
66448,0.003455459827417706
66450,0.002910723225012482
66451,0.017173522809575185
66455,0.010153498585707894
66457,0.006443319692538977
66460,0.017723926875677913
66461,0.0026197129239453345
66467,0.0027225349212293935
66468,0.0046149116811769605
66471,0.02064406464757065
66472,0.00011187724420417247
66473,0.003198302107402657
66476,0.05393527799517756
66477,0.011814618508236703
66479,0.009465306438010924
66480,0.003921401662874655
66481,0.019543764039774487
66485,0.027509160829116017
66486,0.012484710428855919
66488,0.007177783034799649
66490,0.0037785448015513136
66491,0.0011642426445570737
66499,0.0006255674389671939
66500,0.0021872955009965664
66504,0.004192456388887355
66506,0.0017563632882097945
66507,0.0016343938070302406
66508,0.002529267172394344
66513,0.01929886501501124
66515,0.01557290613046077
66517,0.005872654381269314
66519,0.004526506074122493
66527,0.055417408795149295
66528,0.01771448820241381
66530,0.012901762848954893
66532,0.12910200419388512
66535,0.008032015490350151
66539,0.0006350854283338309
66540,0.0015721337642186231
66541,0.004725474667099515
66544,0.000491447702361878
66545,0.006409616688554322
66546,0.0005479078643619353
66547,0.006916023426799214
66556,0.04253068321719561
66558,0.006932485004438829
66560,0.001053606214534856
66561,0.16395766497177805
66562,0.020721977258048186
66563,0.19593730837757575
66567,0.0011248953825271292
66569,0.013057130544461613
66574,0.0009591928722099656
66575,0.006686248601172567
66576,0.000657270967030951
66578,0.03605831262847993
66580,0.03441968577282443
66581,0.0015816544802422104
66587,0.011897045158601549
66588,0.0014472074958275644
66589,0.005189395379010815
66590,0.0025278522469602245
66592,0.02251025926792151
66593,0.017359631647486568
66594,0.06780003377405837
66597,0.0027951056037572044
66599,0.0022099938207703704
66602,0.0011641016198910342
66604,0.0003815263411773007
66605,0.00019385545054801474
66606,0.010179060498423171
66610,0.01152063798979952
66611,0.001992318827760209
66612,0.07356848560043477
66613,0.015796543070664727
66614,0.010897712997255164
66615,0.0015656573359652342
66616,0.0014614459078710134
66617,0.016155289717551084
66618,0.010653533798162652
66620,0.006873033446739199
66622,0.022645632816199274
66624,0.0073395359262658656
66626,0.002636091317963531
66627,0.00146385388211529
66629,0.000491131368118204
66630,0.11288199289643976
66631,0.0027200557651856755
66636,0.0037401897534536377
66639,0.0004722237541761007
66640,0.0005546943990663894
66643,0.2303411277538108
66645,0.042496365086845275
66648,0.04069582223315192
66650,0.011463556896372873
66655,0.003439258236896146
66656,0.011645926830189215
66658,0.001382110702448678
66660,0.0002524891764992859
66661,0.0011393980288720987
66663,0.009502399622891797
66668,0.008597777556694323
66670,0.003995156654062861
66671,0.0008465035430018103
66672,0.0017509585536892602
66673,0.0021230511290308255
66675,0.0024189681282550985
66678,0.0033905106739518507
66680,0.042107040684375326
66682,0.0002724732429935874
66683,0.0033199021783788915
66687,2.469811255516758e-07
66693,0.005738840089004571
66696,0.010124178920241901
66703,0.0006832174119322386
66707,0.001456458772682604
66708,0.15915576687758515
66709,0.02997437429476801
66711,0.0019672273416082714
66713,0.00047772854201350186
67483,0.007948880836090097
67487,0.004518039677953798
67492,0.0014785744021779963
67495,0.0014995573380789328
67497,0.0034293726117776134
67504,0.001882827615966867
67505,0.0017738384103926997
67512,0.004208384238021218
67520,0.005015354465643133
67531,0.0011194018190932408
67534,0.0005428196987764322
67538,0.0023997387400219116
67542,0.0004732223009113702
67545,0.0006125366886629692
67547,0.0002237491541812563
67551,0.013530929832978614
67553,0.029565738667143696
67557,0.003067638480251377
67561,0.0014733288957955823
67563,0.0019736418764151717
67564,0.0005294041062947776
67565,0.00919150892358548
67566,0.000558339670107547
67567,0.0036659108321042974
67576,0.000952532186812296
67581,0.00033071646184638606
67586,0.00042036048037627223
67588,0.0012537129623382281
67590,0.00017159820086237368
67602,0.006507927429285179
67608,0.0009472322988051951
67622,0.0010765291910750131
67628,0.0017891982107745407
67629,0.0006248898477452572
67641,0.007967261295385195
67642,0.0028742777241128536
67643,0.0011075362997134798
67646,0.006628571640315634
67647,0.0016339874492919352
67652,0.0027191543784041384
67657,0.0005309713329176641
67661,0.006825113369995773
67665,0.00048442992438787357
67668,0.004719074020409404
67670,0.0004812602566695547
67682,0.01386225732411066
67684,0.002763688495735492
67692,0.0008613373017960174
67693,0.0006475919454516726
67705,0.0006123865940710064
67707,0.01295630765946516
67716,0.0015158042219850978
67728,0.0013919733285123782
67735,0.0013167788505422458
67739,0.0012061722771600592
67743,0.0010128340166588733
67744,0.0017052598199409927
67747,0.0019271570986009764
67748,0.0009426054609641608
67753,0.0017718442907941484
67757,0.0011100640828291014
67762,0.0030735621537308216
67764,0.004681778316586675
67778,0.07636097312259836
67779,0.0012187911223322237
67782,0.001252114159671617
67783,0.0011685542348285163
67787,0.00732248363900963
67788,0.002585454416142353
67789,0.001967717432394294
67790,0.011350560917465707
67794,0.006811355467689153
67805,0.002497100375726258
67809,0.0023947812615099403
67810,0.0010361670326248175
67812,0.06181275899667962
67815,0.00842948099947366
67818,0.005059486704633582
67824,0.00032257427869967614
67830,0.0025228519242811213
67831,0.003397801016814526
67841,0.004525266000005958
67846,0.0006639235904707967
67850,0.003354599773639662
67860,0.0053384167022281215
67864,0.002850054236335742
67875,0.0011494196381577493
67881,0.0004831536802165496
67888,0.0028831799351668012
67894,0.0011502566292467258
67898,0.003950219024257028
67900,0.0011301927809410155
67909,0.003770127455041362
67910,0.0009216807790881288
67912,0.0018692976506315255
67915,0.0007635037550109843
67953,0.0005616108909416423
67961,0.021424896538923942
67965,0.0006955287394814873
67968,0.0010564648977018187
67986,0.006383443634984263
67988,0.0002196403698512979
67990,0.0025745696843309583
68003,0.0013240799425065447
68019,0.0048374203448387585
68025,0.0022263872668008403
68033,0.001007011185457435
68036,0.0007940750181624731
68038,0.0011858651477146909
68039,0.0001698745033965573
68047,0.0014170059288264145
68051,0.0013642767122748092
68053,0.0023372601337208368
68055,0.0016547627506491676
68065,0.0018709921266236316
68066,0.0030126464620039385
68067,0.0008920802117172301
68068,0.00236035583709367
68069,3.251988383127002e-05
68075,0.005247767854954842
68081,0.002223047092092102
68090,9.17063386032529e-05
68091,0.0035271356462148883
68099,0.001572449073504324
68110,0.0042341719452114795
68113,0.00037464794389399387
68142,0.00010695973391247545
68154,0.006061817904784834
68155,0.001048382840482379
68173,0.001345393886720273
68175,0.003363672435269634
68177,0.00252483940890713
68189,0.004733697289792357
68201,0.0005359630696397187
68202,0.005924722758924764
68206,0.0019162133268264053
68209,0.0004018841750477819
68212,0.00035192743061083755
68217,0.0009742054448317103
68224,0.0006444662608467032
68233,0.0019077558892637856
68240,0.03315492860106431
68255,0.0033537837384399693
68266,0.000621105188586436
68280,0.003159930491830805
68287,0.0007739108346357837
68296,0.1444757349469819
68303,0.0004270680648382981
68306,0.0018339006885460878
68307,0.0007399224908609546
68315,0.0006748697190550794
68319,0.00024626254223149426
68322,0.0020517473161995982
68348,0.023648497233874452
68351,0.026035599542187995
68352,0.0035936990018364564
68363,0.0018177333680063853
68366,0.0025047348733051593
68373,0.0046929154676477874
68375,0.0008894191417823236
68379,0.24655126091908114
68381,0.0007851221605058122
70245,0.0008701802299244332
70253,0.005948861508650751
70264,0.010514243841740833
70269,0.378145772841559
70271,0.0069955914188733785
70274,0.012767943902670836
70276,0.002721240475511847
70277,0.0009536971304858936
70280,0.0028194180868300923
70281,0.00234133158756307
70282,0.003326647206140525
70288,0.0006018888639842152
70290,0.0031872989156237082
70294,0.0037735436316412565
70295,0.004396512337133067
70298,0.0005280450281583852
70299,0.0006427873884933921
70303,0.01918608368838703
70305,0.013662296143058297
70308,0.0024774231840308993
70312,0.0017599338379878354
70318,0.004067148507945893
70324,0.0003136392271634568
70333,0.002166727843361661
70344,0.09385179998391872
70348,0.051562191394804564
70349,0.0012250079450484713
70357,0.00335074521819254
70362,0.09598337008335715
70365,0.002009439086597167
70367,0.003536756222321826
70368,0.0004264835929765889
70370,0.10708673976882808
70386,0.0067562178839332436
70389,0.001036539933133831
70393,0.0005185807000424444
70400,0.0037930356655650078
70405,0.03292040196889858
70406,0.0012569516583086713
70408,0.0016055646209253594
70411,0.0009984344961208496
70418,0.004437615481677914
70420,0.0023013619842654144
70424,0.004728312379097967
70433,0.12892961848753703
70442,0.0005658712893175312
70451,0.0028766566109458777
70452,0.013175054022725176
70453,0.0016654190251905244
70455,0.002722105401063826
70458,0.013202720226275007
70461,0.4914394293797161
70462,0.002528385540134066
70465,0.00011814518028768075
70466,0.07152330746907062
70477,0.011676027771659788
70481,0.009005445599481103
70484,0.004774015423057955
70485,0.003110848432634774
70492,0.0023420323445541642
70495,0.00454437573909083
70496,0.0008378495442045408
70497,0.0015214334548405946
70499,0.005095664143779164
70503,0.00610487772590914
70505,0.003027146607274176
70507,0.0006120023219387706
70518,0.0011652440654710047
70519,0.0009660818579723515
70521,0.0008464708897487258
70522,0.00040737451037209144
70529,0.0017751691469632502
70530,0.0032563461618623953
70533,0.01597035500687108
70535,0.0024459309203780704
70537,0.0163962678814778
70539,0.035022317886090004
70547,0.003930477242782531
70554,0.004423662967567506
70559,0.6010287362779454
70564,0.004715869963060875
70565,0.13383990029186113
70567,0.01018259841249552
70568,0.0030377101164001984
70572,0.0008686854832088852
70576,2.7432260994025878e-05
70580,0.0012745721422345413
70581,0.005002103656632442
70583,0.0050857126387046795
70592,0.003512546405786027
70598,0.0008154867367187478
70604,0.009415214028771757
70607,0.004007721491075762
70609,0.001159953369032717
70613,0.09050063029568399
70614,0.003485935873747475
70615,0.004323357023735297
70616,0.0074810317579722
70629,0.002999063859457261
70631,0.3517647625668306
70632,0.0017062864404887718
70635,0.013822310193357877
70636,0.0019516450852328704
70637,0.0014372124243514017
70642,0.049831326005456464
70645,0.02524252660448016
70650,0.15801762363664779
70653,0.13961545358810715
70656,0.0009496003334672348
70658,0.010532106710846766
70659,0.0041279823720386235
70678,0.0006049866665875447
70688,0.0005758972194313452
70691,0.013505818326242041
70693,0.0008628362864390084
70695,0.036175865350489764
70706,0.0023256357532483916
70717,0.362109110418347
70718,0.008695304469182452
70719,0.0058791102446405395
70722,0.0002509974988684797
70724,0.0017216076512902873
70728,0.003487931480594953
70730,0.002131553670571919
70737,0.01623242656836912
70739,0.0032992056901058097
70745,0.06552817066713687
70747,0.003604011353232543
70750,0.010054324792625137
70752,0.0019618908981103777
70755,0.0003830309812656982
70763,0.0016134356136565523
70765,0.0003693757131544907
70766,0.0006343881248203307
70768,0.0016734698772095148
70773,0.0014198447350493666
70777,0.0022965346132413304
70784,0.2959534855390109
70788,0.004277010223584643
70790,0.0010977875118247853
70792,0.0021618080531394784
70794,0.0015184348557444598
70797,0.0013698705619425953
70798,0.0006646678183960668
70800,0.001258090008075257
70804,0.011541106594173905
70805,0.0002593277029481517
70813,0.0011120018338929053
70814,0.009445513727932089
70815,0.0013522164522692013
70818,0.022895819176030913
70825,0.030644192901270576
70828,0.005160229513523023
70834,0.006363477667052613
70840,0.006891568179586838
70841,0.008275588007023743
70844,0.006462134530385491
70846,0.029855797321330035
70847,0.0009645687448970459
70849,0.019266227734259914
70850,0.6696147337119001
70853,0.06488662502593198
70855,0.0032924225494154837
70860,0.0029058427555758914
70862,0.0011579525700899209
70867,0.0030717236042157405
70870,0.0006377080545987031
70872,0.003461695008504524
70873,0.0031682968721206805
70874,0.0012851957383396941
70876,0.0036190181057573594
70877,0.002051013210091776
70878,0.00010179779357940845
70879,0.0003571010181231671
70880,0.6903254698747106
70881,0.002586078783160769
70882,0.0011353790631612646
70883,0.002026089778535186
70885,0.002999927913204942
70886,5.462253148530008e-05
70892,0.0016110085020499048
70894,0.0020471545769401305
70898,0.0005422186180134195
70902,0.00048621151529175204
70907,0.5547412250700203
70909,0.011351648548310061
70917,0.0016933686280743083
70921,0.003975332287962654
70925,0.00869317657843021
70928,0.15053469826822852
70930,0.14044099964008586
70934,0.02652260258694647
70946,0.004054433202599424
70947,0.01006677961645282
70950,0.002738098645401588
70953,0.0017745309804933606
70954,0.002881590110464426
70956,0.00297468926757861
70957,0.03563732268843147
70960,0.01572020164268237
70964,0.001365309033601659
70965,0.001389595436494007
70976,0.0031703227170758437
70979,0.0002064717632079608
70981,0.008439679213735816
70985,0.00016883025115662707
70987,0.0020463651854659643
70991,0.0011901539872687114
70999,0.0004063996388256197
71001,0.0014793213684100987
71005,0.0032208030286460273
71009,0.004173955053009505
71010,0.0003551294800657908
71020,0.0028591449748885376
71026,0.008354083692694131
71028,0.007165319126223699
71033,0.0033991986692799617
71035,0.0014980173635289842
71036,0.004742961155192388
71045,0.0030988517790707867
71049,0.01442413055596279
71057,0.003645127136203973
71059,0.003325968783105334
71063,0.004391799103243093
71066,0.001989241527249328
71071,0.0008374285829704477
71074,0.00045943152150267904
71078,0.0013341639921694041
71081,0.0035900423924451925
71083,0.0009703654980214932
71084,2.7981720804332354e-06
71085,0.009460259812977137
71088,0.0026622924087872568
71090,0.0012905744665379546
71095,0.010769344876755358
71096,0.012632878745614678
71098,0.05545762291797454
71099,0.007452320029936712
71100,0.02342203679124064
71101,0.01914636831975126
71102,0.020917466875632083
71103,0.003356677159476566
71106,0.0008776404133610407
71116,0.0031797432094142503
71120,0.018188557017840685
71122,0.007258499057321546
71124,0.0053733731449131066
71141,0.012529858496435528
71143,0.005747786725186805
71144,0.004851926126709285
71146,0.36349622262982256
71148,0.0008188718934970505
71152,0.00012262500357126596
71154,0.00039897514102872053
71157,0.00037332840655705796
71158,0.0018520072299228016
71159,0.0465610598687166
71163,0.001837201050939296
71170,0.0033215858752023266
71177,0.002852041788155196
71182,0.03664329354659074
71186,0.0017289466757152406
71188,0.00202307468338306
71190,0.00022095888053001532
71193,0.002331143456190558
71195,0.002884652413634693
71197,0.00024859676107924234
71203,0.0036908209178034717
71209,0.001590764853623146
71211,0.00085655338644188
71215,0.0010242935953021527
71216,0.0025240967759363325
71219,0.002474191198198108
71220,0.00043133010958669183
71221,0.0009536293809363056
71224,0.47481741469974986
71229,0.008949054134173738
71234,0.18548707575323398
71235,0.006149456612725522
71236,0.0030731767450309397
71241,0.010316988226105089
71243,0.011195973078049721
71246,7.262583108206318e-05
71249,0.00035955571376384334
71250,0.005956852698413535
71252,0.005838267012291847
71253,0.0025572155485514875
71254,0.006997945473109027
71262,0.01440826558719511
71263,0.0025970928978610737
71271,0.01251768476344105
71273,0.0033791007969043
71274,0.00787431306829625
71278,0.001692092719312531
71279,0.042747167177605204
71280,0.0037364475704565014
71286,0.012500537674703023
71293,0.003210879650344144
71301,0.004434188985966569
71302,0.0030764440365455884
71303,0.00479703638002393
71309,0.11599764940742786
71312,0.00786950309127077
71323,0.0017254300964968674
71326,0.003328545707132236
71329,0.0076891616999068164
71341,0.014427527805262326
71342,0.05151433628166753
71346,0.03642451441914362
71347,0.00015070319798743853
71351,0.553659059199633
71355,0.031117027050741344
71357,0.0060112309226321315
71362,0.0499607350904197
71365,0.01686202538212932
71366,0.0050170479015541865
71373,0.00023972917577822872
71376,0.0014754862924229663
71379,0.002310304704369305
71383,0.0029440095940864207
71385,0.0013565737863023267
71386,0.002221187354343926
71387,0.0023095093497016196
71388,0.0028407004321070206
71391,0.00479600017805394
71392,0.00587620028620628
71397,0.00047229514740079856
71402,0.002214974771446288
71406,0.0053622736614865685
71415,0.0021741857068084706
71418,0.00047951062274916197
71421,0.0011009682894573772
71430,0.00025462554293656856
71433,0.7826082650227595
71440,0.002116272756352066
71451,0.001437673756543267
71456,0.46270513633249455
71459,0.008911612136910295
71462,0.0022340459365132134
71464,0.006467010186516182
71472,0.0010810922801606424
71474,0.002877712907812
71479,0.015600444329935756
71482,0.0064685617294143
71493,0.0012753533230884287
71495,0.00028936966039175526
71498,0.0007681684465727884
71501,0.004517785390965009
71509,0.1246063975334012
71512,0.0009147510191920416
71513,0.0001651974618246586
71515,0.0048921081663305535
71518,0.0015444577380642952
71521,0.004068110476435884
71522,0.002036129420864423
71523,0.004752391820166548
71534,0.004379838277946057
71535,0.0014354273362734774
71537,0.0036176091537589647
71541,0.0032329024640120004
71544,0.0015212823214956644
71551,0.021120422398421424
71552,0.001437193273382273
71554,0.004110781750482549
71560,0.006028557174602793
71561,0.09882459187986972
71562,0.0010632814851472892
71570,0.0017000616328673949
71571,0.0036217480185564118
71572,0.002671938489997878
71580,0.00038728845179976997
71583,0.11975255417753353
71600,0.0023047979937770875
71602,0.0076730019893148
71603,0.002911037705204621
71605,0.00010842178965668836
71611,0.006600809938580722
71617,0.003321159517815907
71618,0.000858719313466291
71621,0.0034499018808137076
71624,0.0020708445762177958
71625,0.7828857213568846
71631,0.02626262475250558
71632,0.8020596959151917
71634,0.011884933234162209
71644,0.010204382111895487
71645,0.010527409951450479
71646,0.004985838673515086
71647,0.000905078786283801
71648,0.004945205466978525
71649,0.0006522633087865744
71662,0.003809062894054737
71666,0.0028301777963883864
71671,0.00526808269904481
71674,0.016962377561827852
71679,0.008409097128335053
71691,0.0014495330842712595
71693,0.00071019864051628
71695,0.005507426578731531
71698,0.002189813743019325
71701,0.005156126406410182
71702,0.0009491129461521548
71708,0.0007638639240467776
71710,0.00962412570836972
71713,0.017088937910304657
71714,0.002889882022065744
71719,0.009598631882071811
71723,0.00292454679607041
71726,0.0018117386093593718
71727,0.004828030974561053
71729,0.008797487626439905
71730,0.01355990205175282
71743,0.007280834735872069
71744,0.010471027854296806
71745,0.007738044121655239
71747,0.007433801892248683
71749,0.00024441865333361626
71750,0.002734836248502594
71752,0.0019215162794043795
71753,0.0016521236284734687
71754,0.0009582370065563052
71755,0.00016989064807281903
71759,0.0024368852501648816
71761,0.014361673598860265
71764,0.0069583005863715994
71765,0.007280768761164079
71768,0.0540072567969008
71770,0.0010113405747560293
71772,0.0003128968062836519
71773,0.0036340812412285943
71774,0.0011824181815857406
71775,0.004365015494402914
71781,0.0008266036217340159
71783,0.0005304970808808035
71788,0.0021063390635547162
71792,0.0016506142764240589
71804,0.005466667574660792
71812,0.002645756202625194
71818,0.00098941372156169
71823,0.051596924796053496
71825,0.06124692296291442
71826,0.001217058161988227
71829,0.0045327451387395514
71832,0.0017667326930304644
71833,0.004807196590824288
71835,0.0003527557958049947
71836,0.0009299436850778034
71841,0.000962329003521655
71845,0.0066373212465721055
71848,0.005065113200058249
71850,0.0006945465907424828
71851,0.006537830189806783
71857,0.00024564639598048514
71858,0.0018555315543871587
71862,0.0003167978863776806
71865,0.032212971599819035
71866,0.0028586190198452597
71867,0.013062924881171754
71875,0.004721085703764314
71889,0.254530557335536
71894,0.002469855145632239
71901,0.4920105784804126
71903,0.0024294375984173816
71907,0.001427720360671291
71910,0.0033156318164850843
71911,0.0003457124824349588
71913,0.00034750286035112993
71915,0.0026459808563185257
71920,0.7007545748489704
71921,0.0028235747930801126
71922,0.008501889267043953
71924,0.001062786434871512
71925,0.3794524776243101
71931,0.004805731386833939
71932,0.004569825267239111
71939,0.0046437334869896384
71945,0.0028151044448188316
71948,0.004503321104779575
71950,0.008901728036903868
71957,0.0010798194986500155
71958,0.004161882409228168
71962,0.005497242353606304
71965,0.010667307968018153
71972,0.01206212445455198
71981,0.016279570156509757
71984,0.0031057343211586272
71986,0.0011988742187473628
71994,0.018714044466169595
72002,0.006317991844442555
72003,0.005934482051874926
72005,0.00721016569236542
72007,0.0006360243980129571
72011,0.006387549052351712
72015,0.0019519919355792345
72017,0.001950638010391647
72023,0.002418653131779499
72029,0.002853296350463381
72038,0.005602900262054043
72039,0.006466709005307411
72042,0.0076926608905936045
72044,0.001835110197254975
72046,0.0013779346666269558
72048,0.02675393602736401
72051,0.004915769633146307
72055,0.0014928897200584092
72057,0.006013601508655082
72058,0.0186579645445141
72059,0.04605673680348416
72060,0.0005319744415634214
72061,0.0013667160306585742
72079,0.0013892461784762976
72088,0.0009312411682100802
72091,0.0002899134978301955
72097,0.0004980748436618651
72107,0.0008012315900582681
72109,0.0056976606075312105
72112,0.009380502459184967
72113,0.001380476402825385
72114,0.010345577265168965
72116,0.001788628322688405
72119,3.834560770023876e-05
72122,0.00016821218259758798
72125,0.0018788243022027523
72135,0.0016149451419241675
72138,0.002612342169496298
72147,0.0017918757132086459
72149,0.00059165265359788
72151,0.0058063077257006065
72152,0.001213703674615994
72163,0.0024055205172211426
72164,0.0007214398222427755
72165,0.0016050176007335766
72172,0.0025760868134320704
72182,0.0009267959209040633
72200,0.0014036543048738975
72206,0.0017346508624865645
72209,0.01157296552175014
72229,0.0009180052140728436
72230,0.0019384663860779635
72233,0.004018931869671169
72239,0.10340787821676202
72242,0.006290873081740499
72246,0.0007015617801866488
72249,0.001461392354075712
72252,0.010716807812963278
72253,0.006857376761949387
72255,0.010011402193559863
72257,0.029321535152835827
72260,0.004433747156862765
72261,0.00033321319770468645
72263,0.0006481358741105556
72266,0.012699746410117502
72267,0.005357048774741949
72270,0.0008123599684409365
72273,0.0014354666268582717
72274,0.018999606971919193
72276,0.003279750702128881
72280,0.001393595353060836
72289,0.0006868022111054382
72290,0.003502465448703187
72293,0.0020189822728709016
72295,0.002872258134616762
72297,0.11048444457054032
72300,0.0007665750423036174
72309,0.02181464429558002
72310,0.020134866678048896
72311,0.008112061291955082
72314,0.006068648798855694
72315,0.0006751834070203291
72321,0.0010993736538446246
72326,0.002858837291703285
72329,0.006643540570369354
72341,0.04257095205432798
72347,0.8010944945209623
72349,0.0013132599903325258
72353,0.0012270569509916021
72360,0.008612692436453444
72365,0.2397359295858044
72370,0.007264538989971187
72374,0.005551042606483035
72375,0.0023570864041228784
72377,0.0007574791175893375
72380,0.011184949069608313
72381,0.0025585819697697756
72393,0.0015289792142766585
72400,0.0030637434506636378
72405,0.0014667050426425173
72406,0.002386039068191897
72411,0.004669968133701353
72414,0.0015213008256606813
72422,0.055341638574020406
72429,0.0048173137966102935
72430,0.009451341114554099
72431,0.0009366547024637624
72432,0.007668784591087559
72435,0.0023195304609925265
72436,0.001812103137795324
72447,0.004985448328555388
72448,0.005077928388835897
72450,0.02771810353542513
72457,0.013025117359080166
72458,0.00903537736676076
72461,0.0017898192228589832
72463,0.00022290105759191262
72464,0.0006864433230069462
72465,0.02577782781884021
72467,0.028850801242502846
72468,0.0013688980804654831
72471,0.00934788047857608
72474,0.002419488378800936
72476,0.006294523865028955
72477,0.481069656643049
72479,0.0019942834002023195
72482,0.000920496610835446
72485,0.031026538999013975
72492,0.5782750304522168
72495,0.0010343427026156314
72498,0.006818172086895571
72499,0.7054512980941863
72499,0.7054512980941863
72502,0.004445268053536267
72507,0.002034531662259211
72511,0.0023416836617083593
72517,0.0012790419344744027
72518,0.00829305097113512
72523,0.01096726512470053
72527,0.016634642942699184
72530,0.00407120172146771
72537,0.0003521790900952948
72540,0.0020863280464093236
72543,0.003320561824236308
72550,0.0010676110482110302
72553,0.002461331533459159
72560,0.0030387232929879097
72562,0.0013707583369543335
72566,0.0028158074569397356
72567,0.010153692581979696
72569,0.004644026723018079
72576,0.006866286380893218
72578,0.003914719620236816
72581,0.0005974108003767967
72584,0.006430854745435089
72587,0.0030595811868349898
72590,0.4303402871996561
72594,0.01662356146069171
72597,0.0020301855829716296
72599,0.0053027530020037066
72607,0.012260509576775332
72611,0.004032718184311552
72613,0.00842804741705972
72615,0.002027102872521807
72623,0.0015310341499041615
72626,0.009277661420067909
72628,0.1090107885858576
72629,0.0008742119068258118
72631,0.0007768522135455062
72633,0.013124451628276301
72636,0.0003423600124088905
72641,0.00699355484282681
72642,0.3044615366394665
72643,0.003080410909012522
72646,0.01399367442685748
72648,0.0007537279289699955
72649,0.011895734285978473
72654,0.004224198643613964
72655,0.0036333688354135284
72659,0.0004967091717291268
72661,0.0027647265064697567
72663,0.01752533381731083
72664,0.023583598899313964
72668,0.002539031387943634
72669,0.0013234859898076077
72670,0.0003970465058449547
72671,0.000798029321459033
72674,0.0012813604072566163
72683,0.0008784171110817602
72684,0.0014310631193964367
72687,0.9434397812886057
72688,0.059062600365869924
72696,0.0032394870730829096
72699,0.019835857131722867
72707,0.06706131661974486
72708,0.005809653182931073
72715,0.001892850097745381
72719,0.07725090416457589
72720,0.1277781488721755
72721,0.007909048689791528
72723,0.38740922999818306
72724,0.1626948250203514
72729,0.0020839762302304276
72739,0.004901810677031219
72741,0.0030654520012175757
72742,0.006412226384142749
72743,0.003968966543232449
72745,0.01976309002145562
72752,0.004422750656068576
72756,0.0026058433840562244
72764,0.002556797691607042
72776,0.07317346640262633
72784,0.0024626755646969195
72786,0.011890634802337971
72793,0.0016510529946176912
72797,0.0011271352432553
72802,0.0009131785978827048
72811,0.012205909936679967
72812,0.00483012250933957
72813,0.0001459917719663505
72820,0.004731059433531461
72821,0.1418967833844993
72822,0.004586721198801083
72828,0.0012762902250214403
72829,0.04088851449650825
72831,0.0036001776005828642
72833,0.003294148824964646
72837,0.00206861603962991
72839,0.002397451080016444
72840,0.008040783614447666
72844,0.003999032934237251
72846,0.027135032961562406
72848,0.007274614180275674
72849,0.0017640284069017685
72850,0.0004330501113132856
72853,0.0005942370626794751
72854,0.0028183308127555672
72855,0.003939093427371988
72857,0.0014037847590454913
72858,0.0430780452076757
72861,0.008403328871596248
72865,0.00032321658096759974
72871,0.002466521835441425
72872,0.0015139014564372237
72874,0.0013138924762299508
72880,0.0005913823256587684
72884,0.0019581238651011747
72887,0.018287946830690877
72890,0.001228853728185679
72902,0.006073565716100738
72904,0.008493909733371005
72905,0.01671073452889715
72913,0.002454343820595933
72917,0.014373732355291267
72922,0.007174300321779535
72925,0.6470398671902001
72927,0.007105119714493522
72928,0.000618594255746659
72929,0.01883170392522593
72934,0.0006282235197966571
72935,0.0056548415823641646
72942,0.0011471042182000539
72943,0.015299090439770121
72950,0.0063893888377432526
72951,0.0005612582903454129
72954,0.0009161514880337187
72958,0.0013166864809241545
72964,0.0018330674781352396
72967,0.001456692307871143
72968,0.001144345681096122
72973,0.0007180785055457955
72974,0.008979081751971013
72976,0.000813112044955924
72980,0.006729370602191432
72981,0.010034630252935585
72982,0.030870271317654064
72983,0.003453842534690751
72984,0.0058321404282325
72985,0.007835581979062794
72986,0.012264107999853857
72988,0.0004230715639380215
72990,0.0070315210347296035
72997,0.014237988895908896
72999,0.00517059690251959
73007,0.004974357548071684
73010,0.0006307598252460423
73011,0.00033698570173326426
73013,0.0014996404697831625
73020,0.01100139099946874
73021,0.004519909086457517
73023,0.0009856969396147192
73030,0.0007491667227599942
73031,0.0051858333815394285
73032,0.0022740281602720157
73033,0.021926588916688333
73035,0.009488274026666294
73037,0.35611424865762986
73038,0.002023859022300616
73040,0.0005227880273382877
73046,0.0013661605089446249
73055,0.013627773671782554
73056,0.0038715458588178407
73058,0.002228608211332706
73062,0.004192145313140121
73064,0.004522999571123581
73065,0.0010154998850389848
73068,0.0032583133844470607
73072,0.007556026354718969
73078,0.0011552127277310122
73079,0.0018021350316497744
73080,0.004944806404003425
73082,0.4620128162489089
73084,0.0013809213999836155
73089,0.002927958323607141
73091,0.0008764573180535414
73095,0.02265351683350413
73097,0.19107611961069354
73098,0.014041081358013751
73104,0.005926554962296415
73108,0.0014221512291372521
73112,0.01169739081646668
73114,0.00364911836232502
73115,0.004565773737133729
73118,0.0024018194945548835
73119,0.006118755267138017
73126,0.0016506004575245097
73127,0.0010923364558815965
73129,0.005904742910719505
73132,0.00535477634400613
73136,0.0048184323724387804
73137,0.05672482971722629
73141,0.0034830846356969734
73142,0.002599407674093333
73149,0.0013075630475231274
73151,0.0011555873152937664
73152,0.002649322309648674
73153,0.001381127501408405
73154,0.003410209561994826
73161,0.0014415827861253322
73162,0.007587366161656134
73164,0.0005945893546700149
73168,0.000557481887456314
73170,0.0010845189805741063
73176,0.010419611938048403
73189,0.03778813571489551
73193,0.010767281100488824
73197,0.0068418933946387695
73199,0.0047230652565120506
73201,0.002410273207550419
73203,0.004305675719195095
73207,0.0010003258200721073
73208,0.0014514764521457403
73211,0.011998894604335055
73218,0.0007204864985451063
73220,0.009299225313498497
73225,0.0013494331266150528
73232,0.0034423561454442636
73235,0.9327686847326436
73242,0.002668687254388854
73243,0.0003320702675179564
73248,0.007268894939265978
73250,0.008771240992328498
73252,0.0013759298824372072
73253,0.002234851545478575
73255,0.0004106314137609983
73257,0.0017569950017347555
73265,0.0036456453573942564
73273,0.0015918679738177208
73277,0.00047680498811702787
73289,0.6121976104852406
73294,0.00024221963944739817
73300,0.0031286120668330883
73304,0.0032216303106037862
73311,0.0005884780141528812
73312,0.002965376448079535
73313,0.0025602039113823494
73318,0.013820456097314979
73319,0.0010132464044550111
73321,0.0014073114429323723
73322,0.0019380517173441638
73328,0.007600924767110047
73334,0.0004230636876702636
73337,0.00613999214043188
73339,0.0033519131908952685
73345,0.0012657774395989415
73346,0.002240765967343691
73347,0.012358332411324916
73353,0.006121915185051482
73357,0.0019496477482093902
73358,0.0011615227530896045
73359,0.0027352827316819853
73361,0.0005431294207217438
73362,0.00043998226258304564
73363,0.00022696444499316953
73371,0.001469576765968841
73372,0.0018459154497084827
73373,0.002754931360008136
73380,0.2800849502400046
73381,0.0016074308720091406
73388,0.0011066522823891518
73390,0.002604117277204244
73392,0.00026591572822349006
73396,0.0050614690062946105
73398,0.02321992658941709
73401,0.004462973003350596
73403,0.004950151334721561
73408,0.001797575059421659
73409,0.0017522534329069792
73410,0.010953869669030582
73415,0.005835442284221392
73417,0.001569159409001036
73422,0.002581436885819939
73425,0.0009101077552221446
73428,0.008990909075703447
73444,0.0008949076437679716
73447,0.002933279577804931
73462,0.011690351406849236
73465,0.8823702596759714
73467,0.001563780360290107
73472,0.002686131108850787
73473,0.0012027760187855322
73476,0.0014291130637459697
73478,0.004020261883376386
73481,0.010954039419249965
73485,0.00634534442393887
73488,0.0016670048586379341
73492,0.0011971158337565084
73495,0.008696617154773885
73503,0.0003907695954343347
73517,0.12446721380978559
73525,0.0019138611310623905
73526,0.0016611980432234546
73533,0.004618073758827547
73538,0.0014360235102316527
73541,0.002275544001534026
73543,0.0007757960726029852
73549,0.0012569102876110701
73554,0.008090201423417542
73561,0.004395801138133817
73562,0.2752289172275755
73563,0.01642433878193653
73571,0.13448066210967954
73578,0.00681097220739436
73579,0.0056651124787201815
73584,0.002918685963138112
73586,0.004069300095163099
73587,0.010174879902216692
73589,0.08520762192654903
73593,0.005732565570958829
73595,0.3135724317440769
73598,0.004424276647666859
73603,0.003244167122797159
73608,0.006592617429748522
73611,0.01393865890034679
73617,0.008718182904589429
73618,0.021445278171258072
73621,0.004950942146249631
73623,0.016632466892741248
73629,0.0007819283562530451
73634,0.005574478519103051
73635,0.02404960338915685
73649,0.0024993208588130716
73650,0.018662434487021828
73652,0.009746388411940785
73654,0.0033925722032652136
73657,0.0024054128817891213
73666,0.0009931508924628958
73667,0.001722316670793417
73669,0.005902901829751446
73672,0.005508112841517618
73674,0.8736907445343656
73677,0.0007624078105968009
73681,0.006203184494840927
73682,0.0020488788699936414
73688,0.012159740326582683
73689,0.004885757940980334
73693,0.0010369165688757602
73694,0.005579092132136713
73695,0.00242829216661177
73702,0.00618834027478796
73703,0.0008239736914657005
73707,0.005380699412842901
73710,0.01129789684411304
73711,0.0007583373477201016
73719,0.007622722384809497
73725,0.001171178872000498
73729,0.0022937161037655312
73734,0.00026785500357201015
73736,0.0010251422086437695
73737,0.02320179378323827
73739,0.0013669468754317425
73742,0.008741839755167844
73747,0.01123015427716733
73748,0.007643577939283808
73751,0.0007678563106308958
73752,0.00438359745594902
73754,0.0026213802408480893
73755,0.0024301111317347013
73757,0.0025588800028759195
73759,0.010962132962916826
73763,0.7702949123557574
73765,0.719288462892482
73769,0.019260207545629814
73771,0.0020247667121802582
73772,0.05187707140317643
73773,0.0016303173343080555
73792,0.033165912521009325
73793,0.005706140204712369
73803,0.0032305725461077126
73807,0.010601949002673762
73809,0.0050590168987739385
73813,0.0006914500782022186
73814,0.1708235137940959
73816,0.0008744079995129014
73819,0.003401059349412234
73822,0.00420473904211031
73824,2.388688806925538e-05
73831,0.021600447382445837
73836,0.0015659529249936824
73840,0.007238036282238565
73844,0.004692362721004702
73848,0.0007591336140363599
73853,0.0007288137538063257
73860,0.002236080288998447
73862,0.0010026243489484605
73863,0.001134622693163569
73871,0.00095027281641607
73882,0.008228277467384502
73883,0.006827971791382053
74060,0.026125090624535153
74061,0.0071630255246802116
74063,0.03263128088115964
74067,0.0019961666110147607
74072,0.0015044983297887223
74073,0.013560301825252297
74074,0.011376283938190828
74075,0.008417868839586076
74079,0.017690925100509153
74082,0.004320647052833775
74084,0.004134399096625171
74086,0.0005992677037492625
74088,0.0009638079795517167
74093,0.048210142182299014
74097,0.001655451302344733
74098,0.0029343025165303603
74102,0.0005086306930833169
74104,0.006065004853583908
74106,0.002335307534159749
74107,0.005039261381048294
74110,0.0011111784564526042
74114,0.008972482834324579
74116,0.012763663015065757
74119,0.0022845044721245696
74126,0.018690787321598262
74134,0.001773514128964897
74136,0.0020437894658846653
74137,0.002470713276415872
74138,0.004048733822107949
74144,0.0012796382018720562
74145,0.0038131783391357746
74168,0.0005303116976895342
74182,0.012234990908606259
74189,0.00937105409557079
74192,0.02736877961543799
74194,0.01752093603780985
74200,0.0017950158090121217
74202,0.009467203030919113
74204,0.010093266800129765
74216,0.003040082606982528
74224,0.0010360068305177452
74230,0.0024595428866035027
74231,0.004903897060440167
74254,0.011586578335104514
74255,0.00023493391306517948
74257,0.003404216727819835
74259,0.002128188426518709
74261,0.005664573398764508
74262,0.006814036277122061
74263,0.014130607106500851
74266,0.0024315693487837555
74269,0.0028583790244994956
74273,0.0007723441330419379
74274,0.005437091257193146
74282,0.002146432205844686
74284,0.0004728790214475026
74285,0.002722911268513109
74288,0.011560679297407483
74290,0.007655481377384949
74295,0.13231510556895615
74304,0.16138851627306455
74305,0.0014486036730340403
74306,0.006669889715137829
74307,0.002800817205192458
74312,0.0007616646040877248
74313,0.001550500136893632
74314,0.0012949349992086806
74317,0.0025042261534391807
74320,0.04069865756055362
74323,0.05591884416491089
74324,0.014213693566899437
74326,0.004521304589519882
74327,0.003181367207753318
74330,0.0021559507809522037
74332,0.07976918201999035
74338,0.0018893746277993575
74340,0.005998052353584311
74345,0.006735742943003385
74348,0.0007086662352313754
74352,0.01924792422199072
74358,0.006428683266528574
74368,0.03757770375400245
74370,0.0024824247130828757
74374,0.002708011026848287
74376,0.0061279778155332925
74377,0.0038518767234080532
74384,0.016805841422985867
74388,0.01833645494650698
74391,0.004646021620092274
74392,0.002562682371083962
74394,0.0039766849390082595
74407,0.00040973028618670055
74408,0.005601770318677334
74417,0.005320431728744877
74418,0.002896515165350313
74431,0.013097525867189713
74433,0.0013424238595740711
74434,0.0018903073846609842
74438,0.02174141177488706
74445,0.010215494410136118
74449,0.008326970031766641
74455,0.07183346109895872
74460,0.002407185653773398
74463,0.0002589390598939038
74466,0.0007013487424110995
74488,0.010853306653905999
74493,0.018345763461423824
74501,0.0008739706622083805
74502,0.014752375332891827
74503,0.007963523092946317
74504,0.0002992432803410169
74506,0.0017319948213281868
74508,0.0018136643094395456
74525,0.006838580584022955
74535,0.0038441267292805576
74536,0.03509583999112383
74550,0.00947491319583998
74555,0.0024067121895719836
74557,0.002054830656929318
74558,0.004932590306642265
74560,0.001081745103001091
74562,0.0024293973717772377
74563,0.024814049719806983
74576,0.0016013407075207808
74578,0.001915440389796524
74581,0.002333618638482275
74582,0.002755030230947337
74588,0.004109897429531992
74590,0.004581951842366766
74596,0.0012416460858522401
74597,0.003232159941590691
74599,0.020700306913965696
74600,0.003529551183021937
74601,0.0005058728144315375
74609,0.010654667474252439
74613,0.00010326097811229985
74628,0.006541057902303941
74629,0.0252535623107024
74635,0.014437318935878525
74636,0.004078681553211032
74638,0.0056428668923611995
74641,0.0038447226541170145
74644,0.15393706745553928
74657,0.002065581544199454
74658,0.0015614071012727301
74659,0.001429041059663031
74660,0.0018657989649080052
74667,0.0023590945202888926
74675,0.015997474605409946
74676,0.0009383332633941685
74677,0.005225578568672523
74686,0.0020441538967631125
74688,0.00493607059902501
74689,0.0018354259122385806
74693,0.003123079776932815
74695,0.0023319519149255768
74697,0.029365162492253873
74706,0.014762953125157519
74712,0.03653172283854941
74721,0.006150466390547616
74729,0.002985255297458758
74730,0.09993001529048515
74738,0.18982442768967664
74741,0.03703642940989492
74750,0.0027777252236548516
74755,0.005174216036502461
74756,0.004044936584236702
74758,0.0025179568006023618
74761,0.012188263598852656
74762,0.010044319400942503
74765,0.0063023066620875486
74766,0.4890913649881377
74769,0.005363458638097333
74777,0.8872772481373805
74778,0.24105082480750326
74780,0.03215623545253353
74783,0.0014639698974780587
74785,0.002799660220265771
74795,0.007704707922124563
74797,0.001483191464847331
74799,0.007260613529817077
74804,0.0038772193649853387
74805,0.004335562769210915
74808,0.0008542795879649802
74810,0.2663633499465248
74814,0.015770127970910833
74824,0.011976048827670407
74829,0.00027982587463393254
74830,0.0031451547153960742
74831,0.006675423960141619
74834,0.006938479206770423
74837,0.0028758100146055073
74838,0.0009826444145815117
74857,0.0024413849449156067
74860,0.005701701589002072
74862,0.002281576346192795
74871,0.017178222352211992
74873,0.0038266496384879896
74878,0.0057224079921234915
74879,0.0016707893077908481
74880,0.0021282784899776305
74882,0.0009465579608867214
74883,0.008524275815972008
74892,0.22223580899950407
74905,0.0028130677633575554
74912,0.06161977343133135
74914,0.002136547397097138
74915,0.0009094608314964406
74917,0.0028799702251147644
74920,0.0063126754274087146
74923,0.007563608205224446
74924,0.0018123397567108837
74929,0.005483694683445699
74933,0.000387241770299793
74934,0.016352766114203665
74936,0.0024948743112204533
74938,0.0075898524994958685
74939,0.0012017487239457641
74940,0.010471490041824828
74942,0.01890540977827696
74943,0.009757651960049147
74945,0.0017482025424421256
74953,0.0018426545611323398
74954,0.019234939313819747
74956,0.026795218864410116
74958,0.02223818643374333
74959,0.14840597707499528
74966,0.0009950897175798347
74970,0.006281764722053021
74971,0.0014842217546630313
74973,0.0013249076994922063
74974,0.006531960871051228
74975,0.00684474455325993
74978,0.00818050843988404
74979,0.002595223611758784
74981,0.9363204251495937
74990,0.08926289601982106
74992,0.014263556220184282
75006,0.020138632785474037
75010,0.006894459600129688
75012,0.002054676823085022
75027,0.25743772887481714
75028,0.0040902387336986595
75036,0.004629286639219827
75042,0.0026799510782318445
75043,0.0003720324513750323
75044,0.010063191364233165
75046,0.0014477175420203393
75047,0.0001358304917380831
75049,0.006713347928359349
75052,0.0024567178026858208
75057,0.008649190364388847
75062,0.016814458544909386
75063,0.008238529638026524
75066,0.011870208070578885
75068,0.018486457665496746
75069,0.0006793806071729437
75077,0.0033903983330188896
75080,0.0037703398774066713
75089,0.002165557044731471
75092,0.0029828838206137263
75098,0.003709707526322689
75101,0.005007929185530501
75102,0.0026076432908294636
75103,0.0020322638348053115
75104,0.012239305239717469
75109,0.0024018311700074453
75110,0.0037940546933384798
75112,0.00881176852031948
75121,0.02175924431149327
75125,8.887675816273648e-05
75127,0.005657662556519246
75130,0.026935657246457658
75131,0.00492181866590037
75133,0.009928295352280025
75135,0.07545847683130907
75136,0.0006467282484988796
75137,0.012097252494781281
75138,0.0007709747379892714
75139,0.02585609290888419
75140,0.0076048708218073415
75148,0.005416384352174216
75150,0.009363565394427372
75155,0.0016245034857864699
75161,0.002501022263092109
75163,0.003901267612355541
75164,0.008438711700634568
75166,0.06286330634152505
75175,0.0025800200484164208
75176,0.001017300069765297
75179,0.02277677652846395
75183,0.014317527176134154
75185,0.006393922374957507
75187,0.007212059383589986
75188,0.0036592364586566653
75192,0.008006413426606452
75194,0.03591793548202342
75206,0.005695068619979387
75208,0.0013251370192498568
75209,0.0013740403771419576
75215,0.005640451866203944
75217,0.0026518659628138753
75220,0.013953748677280598
75221,0.0292041710079768
75222,0.0015247598447576424
75225,0.0008316462991472069
75229,0.008272279017692863
75230,0.0009701003258143863
75233,0.00334144065155973
75240,0.0006851918299038427
75248,0.025564788252363645
75249,0.008110293855976461
75252,0.0007504429686317522
75255,0.004136588587886007
75258,0.004204560684832803
75259,0.0008948912230875131
75262,0.27629329877815223
75263,0.010341248093455059
75264,0.0021137439921998613
75266,0.41485229176289956
75268,0.9641741316631882
75269,0.720860208627605
75271,0.027308381832108555
75273,0.6516231084586297
75275,0.018620372853119564
75291,0.0031507291720875882
75296,0.02017640308071494
75305,0.006857328288826404
75307,0.013606756017592628
75312,0.029601437868546604
75314,0.0009111590291527487
75318,0.00029737812093099335
75319,0.0013357934823656013
75320,0.00083069261582019
75321,0.001577923294723832
75324,0.002780586556844724
75325,0.017601559164688394
75326,0.01657017820160135
75333,0.0033043493049524264
75335,0.10923166778195728
75338,0.0011194174600667323
75341,0.0023090232291312443
75342,0.006224205783249854
75344,0.0020602218017814235
75345,0.0051419635539402325
75346,0.020459259176416913
75348,0.004499557651128138
75349,0.0024021622957841734
75353,0.007623407594640738
75357,0.003217753277535264
75362,0.009320069817102393
75363,0.004245043129702025
75365,0.015736560688490376
75366,0.005208208187848541
75382,0.0022240615923905514
75387,0.0006649829818826483
75388,0.4735964633992909
75400,0.00039344767416750286
75402,0.005753586741461553
75407,0.00715639152657504
75408,0.004552623784133269
75414,0.011464758746923214
75416,0.002448246815793671
75422,0.0028064139025583265
75430,0.0015362151561018032
75440,0.05956303412841207
75443,0.008836703341813471
75447,0.02156402999293134
75452,0.06823099883241955
75460,0.0011064405657238905
75462,0.0328317862775168
75463,0.011274663670644433
75465,0.00832443465708386
75469,0.039593986614292545
75485,0.0038679153193828825
75489,0.001586352108174908
75493,0.002257358540269394
75495,0.0015396769911222529
75496,0.0008383430586107456
75498,0.012929774203859223
75502,0.009193629109923288
75503,0.0032800171429276455
75508,0.012930380614472407
75516,0.0075155124855165265
75520,0.0061291817373550364
75526,0.006963510686266212
75529,0.009564029999273334
75532,0.0034838231520314495
75535,0.0016181373010990309
75538,0.010053031279564743
75544,0.0028520179808520464
75548,0.005070217342801785
75556,0.0027946558986866868
75560,0.008229482050161687
75563,0.006529387077350084
75566,0.007257088020862292
75567,0.04166605986459596
75568,0.5245142455249318
75570,0.016566874055608895
75574,0.0027212155684662727
75579,0.0266032443952744
75599,0.011163608053660432
75603,0.006195650886397704
75607,0.5198133013963184
75608,0.011290933316273727
75609,0.7273736144005024
75610,0.7234664528910619
75611,0.010474807608821027
75613,0.0030958628945216646
75615,0.021831990060485962
75624,0.017082703079019535
75625,0.0003730775850283675
75626,0.0006824159228105112
75627,0.0005115465686639404
75629,0.03803186478740792
75630,0.0012898506593549963
75632,0.0021141885523809196
75633,0.00021227311379687204
75635,0.0031471935556039226
75636,0.0015052252958700715
75637,0.004887432232632153
75638,0.6877233539476736
75650,0.005410057251321501
75651,0.009147618252407128
75653,0.0065850455640602944
75657,0.004080626926027137
75664,0.005538696862734533
75669,0.007057144586316314
75671,0.001672659402210448
75672,0.002329656344213206
75677,0.0014950106752753005
75682,0.0014438786019943394
75686,0.2511811992180977
75692,0.004005671509612664
75698,0.012441372028455064
75718,0.005442697573919777
75727,0.00759837515487024
75729,0.009882563486108432
75731,0.006264374566635015
75732,0.04539273284092697
75736,0.004343314788500706
75738,0.0036465570541510907
75741,0.00443169849670352
75747,0.01968588940220265
75750,0.9756488020922295
75763,0.0018705792325639226
75765,0.0044218876020453626
75766,0.0018171534403277352
75767,0.0037807229919940896
75769,0.009533445098214757
75775,0.006337434080432493
75777,0.005563881183617876
75778,0.009335435344966676
75783,0.0037818203637734592
75789,0.002903150188718543
75791,0.0013269374146701535
75795,0.0008738370893313355
75799,0.0013428685055275138
75802,0.003841175117983431
75803,0.01757161623496992
75814,0.014826460075409775
75816,0.026967256742560827
75823,0.02803989618698541
75825,0.003583049878669764
75826,0.0013069977547843865
75827,0.002070666370935944
75830,0.009354994711455886
75831,0.006043319663724293
75832,0.004259432285510013
75833,2.7343598314884503e-05
75835,0.002364955145910864
75836,0.008162577915639829
75837,0.05897642835573236
75841,0.00854727980022938
75843,0.021573751811321578
75844,0.01701043324346315
75847,0.0005546332699487338
75848,0.01797910255684446
75850,0.006668951144641348
75851,0.0022492990364125554
75853,0.004186240266253076
75855,0.006103067919071559
75856,0.0006166877691734422
75857,0.02051583678180391
75859,0.00014314171538021457
75860,0.0008883719967978009
75861,0.002169352801178078
