pid,label
27085,0.07691818289764953
30747,0.07907146017729001
32932,0.1435181046563401
33635,0.5331662902856992
33955,0.8011795184520845
33978,0.08623794495243943
35307,0.37691823811715985
35623,0.3366868360758997
36023,0.10697976481864256
36331,0.023411671781265395
37217,0.3401656054592317
37832,0.40690777980214815
38303,0.13624204707290272
38546,0.07651598639975397
38682,0.18611323575855104
38683,0.06266433998832559
38713,0.5983485519621247
38754,0.16643311060486837
38755,0.2371828802065882
38767,0.0786877960735836
38781,0.43913419812298066
38791,0.015489191115516865
38828,0.0978619192211376
38829,0.0616442087538256
38904,0.6650364064481991
38914,0.17089271102339623
38945,0.27900777946871796
38948,0.0822669338251587
39002,0.1576824353268423
39010,0.7578740240182561
39011,0.6421124801507528
39014,0.21818456462173597
39015,0.145777750038338
39038,0.20451425538602322
39085,0.13838935006531522
39106,0.4487106586425572
39110,0.3281402672668239
39113,0.786556784513712
39116,0.5916496790434436
39147,0.8557704464444571
39148,0.3459039645065426
39158,0.7242563484384401
39205,0.07042204524082425
39234,0.080086608835136
39268,0.01843728037943731
39272,0.6417241618465134
39275,0.15489813283867254
39283,0.45281445393545966
39296,0.07166032320373951
39306,0.05977912662917949
39316,0.2092514700275172
39327,0.04653618044102657
39341,0.20967365270785873
39345,0.11129692888417286
39346,0.03815898862608242
39363,0.009128861957564313
39364,0.25331908727621716
39366,0.20624496723303154
39435,0.07480833767676162
39475,0.31130480558252394
39476,0.12800487622685222
39479,0.32873307536508695
39482,0.19408209050921038
39483,0.20563964159630585
39511,0.19083069482555012
39513,0.5571259603174495
39644,0.04081647654127946
39649,0.6186813273463767
39651,0.3521435943217879
39674,0.5528025748100562
39685,0.38248090621583064
39718,0.35751572446862095
39730,0.4918329406820197
39731,0.14586731256642171
39734,0.09866114647476681
39769,0.5164236968855214
39770,0.40669001936261406
39778,0.10598097054325778
39779,0.39818819359348134
39780,0.028383928641468006
39798,0.5983452589594114
39819,0.13043054895601977
39898,0.07550459460790088
40004,0.2542224281034992
40009,0.028612997574243224
40044,0.20224322717975374
40055,0.024784637558850336
40082,0.2949200430313829
40083,0.22207803460206138
40100,0.2278130571682877
40101,0.05442605808148124
40103,0.06582603690240463
40142,0.518054723405392
40147,0.23874501018612687
40148,0.02452927049737107
40150,0.06153400178315388
40153,0.537134252690573
40154,0.17741123484271892
40178,0.11641679916953827
40190,0.47142019202516744
40193,0.10158293062979706
40194,0.3332404993415828
40195,0.5835642636900255
40204,0.6009352724701787
40221,0.30065792927765395
40253,0.20981696432734068
40317,0.3263314485367582
40350,0.07521654490519072
40407,0.7498981227104737
40467,0.030754490345488668
40472,0.2533774540928827
40473,0.07834248611267174
40476,0.15175987645441277
40490,0.033017840749946806
40497,0.3147030546410126
40579,0.3263356025307389
40580,0.08106146379290957
40583,0.7411057064246371
40601,0.06851975765435138
40634,0.6597079552514857
40697,0.023360601897472893
40718,0.18130476058594525
40722,0.3220092439919578
40731,0.616257777706808
40736,0.02349714444828512
40776,0.06782685690198581
40809,0.037324951806450596
40843,0.6564991749498457
40845,0.5678504034694731
40856,0.2598214619293604
40857,0.5110986573683681
40869,0.07976460419274028
40947,0.26530732353890923
40953,0.07787450458826872
41007,0.6040183165088094
41088,0.7495874744995547
41105,0.0029353101181718746
41148,0.0848167554026532
41156,0.043948146613913754
41174,0.116774860417072
41223,0.22553043135683343
41238,0.0245499761422001
41246,0.45220333539985524
41254,0.23599477538122351
41257,0.5070039485582319
41264,0.20792318300243368
41310,0.8315669474227828
41473,0.3937831181191876
41474,0.3211732391835092
41476,0.7539353355659899
41498,0.34634600433764023
41514,0.12672652705011753
41520,0.14382644885821808
41522,0.13141722855056265
41524,0.6304933280750235
41532,0.10026321755389339
41548,0.2533387626467843
41558,0.1695365478133995
41570,0.2411229297319397
41582,0.06562256338114446
41634,0.020546398871267083
41636,0.1862951033725956
41645,0.09167019872888306
41663,0.22432890470277345
41697,0.2865625175715763
41728,0.23719518548982702
41742,0.09534459954800414
41781,0.026902889372378093
41829,0.6048778613887844
41854,0.4898426307267383
41924,0.025123900515898773
41936,0.2413095321164778
41943,0.8880628221219126
41974,0.3944224340317181
41975,0.35265410311664624
41998,0.39417519313163724
42008,0.5615691895607592
42030,0.18222900802497036
42031,0.11518975535673166
42053,0.4070199268938701
42066,0.14448481688771134
42124,0.0809462375623986
42128,0.08803121163867235
42129,0.14332844199194827
42142,0.16160411338932332
42146,0.2398023208978565
42179,0.20383456222621024
42192,0.0776508020082317
42231,0.06547218977788553
42289,0.18004335043348538
42314,0.48099602532433505
42323,0.03661038411073954
42359,0.36477610018640727
42360,0.05688546718730001
42362,0.845307669328809
42369,0.36620417444726666
42378,0.14121499491132977
42403,0.19743706279355006
42413,0.28280081125123296
42424,0.049024251225274686
42437,0.23263026565660236
42438,0.3093585547957259
42443,0.0583719572777325
42446,0.8425172844887927
42448,0.41204967131648257
42499,0.07384321792741075
42509,0.4608711800881323
42556,0.3037485867553931
42613,0.28043663313553874
42631,0.17519637093785034
42660,0.3034005908050692
42665,0.34326780555236075
42670,0.3224526904473586
42696,0.266370002702798
42721,0.0603639590075408
42735,0.0826421478788683
42747,0.35979831713864974
42749,0.12711128496802387
42750,0.10188144207595815
42759,0.50997801002201
42793,0.33906909898615883
42798,0.19784699956070909
42799,0.9353962799706947
42806,0.19090877944632276
42812,0.22149921176977153
42837,0.047970854907214866
42876,0.5456956246444188
42953,0.3109143082475495
42955,0.6327147674940027
42956,0.21761442977529405
42957,0.12223914738343407
42968,0.4538118410076238
43014,0.033550807925927975
43052,0.10288505797914442
43061,0.16382666724076275
43065,0.46245279593808797
43103,0.10829918569590159
43109,0.13338251325656414
43122,0.030778550067804805
43138,0.7686636480822839
43146,0.19878562493299815
43149,0.02052188031766203
43151,0.0203916398064403
43153,0.2628390010311433
43158,0.2699054004549707
43188,0.106988095122108
43199,0.06506098838834047
43201,0.2256222730706858
43213,0.033732127424727885
43240,0.09585535630900825
43248,0.17054294363612238
43276,0.427967742183346
43284,0.08115782432658675
43315,0.1625894196181242
43384,0.21067068201954986
43388,0.22154830133257977
43396,0.28162098681922043
43413,0.15459938764540782
43463,0.07588973107953538
43501,0.9422061690112046
43539,0.5408312554805561
43556,0.31038769955683676
43559,0.12577442342615386
43562,0.19852755500555752
43563,0.21520707457483793
43569,0.1349068577881489
43570,0.04607648460943327
43571,0.05448114096554768
43575,0.2816792093613371
43580,0.3480498579379485
43587,0.07794604973705842
43593,0.30855663603092237
43602,0.4785816390684379
43605,0.3191116425272158
43612,0.2875253449530463
43622,0.10070498084547855
43629,0.03051759896859678
43652,0.032442657177032305
43661,0.5757095902192609
43664,0.14441355108750753
43715,0.4379742794307717
43736,0.5078200778914587
43746,0.3800468219788611
43771,0.7031680252061929
43774,0.5353807085263572
43818,0.04217642899259693
43822,0.3811672551977269
43837,0.37449500635972766
43851,0.06901454717335646
43871,0.3430527065738399
43872,0.5215368521263922
43874,0.527955459600329
43986,0.04366601037671091
43991,0.10267472161783393
44022,0.3032051682766572
44024,0.3524815460727268
44032,0.15526096808874176
44033,0.32078562584455755
44043,0.08911183126112905
44059,0.12479962913410442
44156,0.050146933934243854
44195,0.11214616213789937
44197,0.12108320188526744
44198,0.006126166346381849
44202,0.1256230495784409
44203,0.021022958446502194
44211,0.18997225349792962
44212,0.8713835548373025
44214,0.15973864228653514
44215,0.002614473053970171
44216,0.7550116087379592
44218,0.25610652812786805
44219,0.3230472699830172
44222,0.18932000335871657
44288,0.42441463939659657
44294,0.1356248809418742
44306,0.30931345688736817
44310,0.10821334855222699
44311,0.7861562082411461
44312,0.16074367750119284
44314,0.04156733664444333
44324,0.7764008503107578
44325,0.26644945479040266
44326,0.06914541140329451
44327,0.18209858229324227
44330,0.22364432447566837
44332,0.06886455163274703
44338,0.40258341364894135
44344,0.2949957022868282
44345,0.33837157090957126
44347,0.03135564846818479
44348,0.11980399812225243
44350,0.23655044219253746
44412,0.6385660585999567
44417,0.4817861696286109
44418,0.5509788901146607
44419,0.4905814895333824
44420,0.7616707739744795
44421,0.044662599134786006
44423,0.18063854849767944
44510,0.1536956461629236
44511,0.1505776594491954
44513,0.15960688208860105
44517,0.4580140007886648
44541,0.7722575783515262
44542,0.4012523515873026
44545,0.7644194952550172
44546,0.143875699789566
44613,0.20515433269845812
44624,0.29844912870027596
44628,0.22138921910379034
44658,0.06750011481460712
44685,0.08557567926403571
44693,0.6352626432309267
44694,0.06163228014971887
44696,0.23671011519915866
44701,0.40853665936883554
44703,0.370302798195545
44704,0.1123775002827814
44705,0.0430366091155023
44706,0.06636326450439207
44708,0.061102776747177207
44709,0.1910465481022433
44710,0.5131880771671363
44711,0.15543448012656982
44716,0.5257612608227094
44717,0.2248778617720814
44719,0.397235120835199
44721,0.03826726642526696
44722,0.9094214668382129
44747,0.016736931875453463
44749,0.6325505454987207
44751,0.04969948317146354
44754,0.4047172869046441
44755,0.570742090605181
44756,0.5298909551647292
44757,0.44962281327722964
44784,0.21307181442980921
44786,0.13430903451899073
44791,0.5912267721118276
44792,0.3225345042392085
44794,0.07115536421480012
44796,0.7271469111128109
44797,0.13430721826771794
44799,0.9626807564014046
44819,0.03103464970075558
44827,0.314002318942173
44828,0.041305641874476585
44845,0.8766162083812366
44846,0.8493203898438825
44848,0.11010101573771405
44849,0.7167298100435838
44859,0.8476330784009057
44861,0.7283627471550425
44862,0.5835491759016415
44864,0.1992512052179504
44865,0.9617133519995616
44913,0.22750426787450465
44920,0.038770451974020924
44922,0.09955843220318696
44937,0.4299647763664357
44940,0.25305561133992843
44941,0.1281773651690447
44943,0.34777641423186934
44944,0.2726619269516515
44947,0.0521351905503273
44948,0.12836860679870524
44957,0.4170541291727679
45017,0.26816697985837606
45021,0.09539938917794709
45028,0.7233929889421419
45032,0.1285558281709634
45034,0.10686870136225457
45062,0.09799262918547914
45063,0.5167645089612258
45066,0.562078604017391
45067,0.2814120075851159
45068,0.33532686063937883
45080,0.5210577106806331
45081,0.44822738423789654
45082,0.14803396331351132
45084,0.1644684791223954
45086,0.2014764425048151
45089,0.7326835805262472
45090,0.21609150098283547
45105,0.16177282742403337
45146,0.19043264308800076
45147,0.16375556981177117
45181,0.6601590357737873
45184,0.22696673499999945
45187,0.931551371471266
45190,0.9987524135635617
45227,0.07870603173775102
45232,0.0722154615646391
45240,0.14780016354217362
45251,0.008629127638959653
45252,0.5583791916849825
45253,0.23865839619733617
45254,0.3196900435136294
45262,0.3981533783974854
45264,0.5462459352123158
45266,0.16935466526106002
45267,0.09892908687776973
45268,0.2603200702573691
45272,0.1904073796269648
45279,0.05205040222540785
45286,0.29523856402811516
45289,0.10558947205009186
45304,0.1578855064410464
45305,0.16237733378030822
45309,0.48664470542133864
45310,0.35569426073068056
45311,0.6500009323127982
45312,0.2045006269642448
45314,0.4940478674746801
45343,0.2451407602451963
45345,0.0928566468480557
45347,0.07316120407392063
45352,0.7264423874072838
45354,0.05598149989883966
45359,0.061221725999015236
45389,0.050137394460351946
45394,0.934981941959453
45452,0.12119425332271042
45455,0.2938928627010955
45459,0.10143169169214145
45461,0.21747053599044278
45463,0.0676482725896319
45472,0.23511303761213748
45475,0.19725264332218292
45476,0.043735907125924754
45477,0.27646724304209996
45478,0.025671701786121444
45479,0.17850257063174574
45480,0.06845227982018592
45481,0.058001219596975566
45482,0.04888224940908864
45492,0.07019823987963136
45520,0.1046929431593927
45524,0.1384419410854934
45526,0.08722650298368297
45528,0.1557556852477065
45530,0.12970002412049958
45531,0.15424165240704593
45532,0.04412818584995489
45533,0.1017054996694536
45534,0.07308732148546528
45535,0.356669506869482
45538,0.04254813771282984
45539,0.05476801728925192
45542,0.6370663231340681
45562,0.2930689701829173
45566,0.1110973832162164
45568,0.1624201798192227
45571,0.12875675398251613
45572,0.8674301614169504
45589,0.16657443715349096
45619,0.7607333100393933
45629,0.3235639925972768
45642,0.4746556195485853
45644,0.008511189164376194
45645,0.2366992859982882
45646,0.032614542394967604
45647,0.277618603263389
45648,0.059069632207302956
45692,0.09597061617737736
45693,0.9637502163180026
45695,0.38929606323701027
45696,0.03964691734149384
45699,0.21507074414348346
45700,0.12061584539385095
45705,0.22626261933746547
45731,0.7590009822319145
45734,0.6572126501614465
45736,0.24841154519146388
45744,0.2916774037612766
45745,0.3478509134828789
45746,0.07603271122335803
45811,0.06500207478920654
45814,0.07086715501357191
45815,0.11746791440728734
45817,0.09035082874677233
45818,0.26189917308829624
45825,0.3805182488795591
45828,0.26610732764207906
45830,0.11553208978822876
45833,0.38249529051847597
45834,0.06357699812738268
45835,0.2109403899973908
45838,0.1581171585446355
45841,0.06815367082361852
45843,0.05169232836304772
45850,0.02121329299785976
45853,0.20467677549853636
45854,0.11987425469842795
45864,0.34739055852576795
45896,0.5395996028314317
45906,0.11260237722401878
45909,0.2763043826647826
45911,0.7046430574176926
45912,0.1593367886001498
45914,0.3992334368336742
45915,0.2619607720642739
45916,0.28061409518005215
45925,0.29842317367476506
45930,0.3280030880662235
45934,0.0967656550139234
45936,0.45077326969861153
45937,0.039454363653925795
45951,0.19456189965431497
45994,0.12729891659034115
46004,0.6969309890884209
46006,0.0730775116696395
46010,0.31451778798468766
46023,0.26332654328979893
46050,0.30633387257134803
46052,0.278948793475434
46055,0.2239494860530816
46089,0.828788895311764
46092,0.3329130136929995
46138,0.2754691824370315
46142,0.2492180831528028
46146,0.1116074546815783
46150,0.938881208567957
46151,0.15887869385848594
46153,0.49830532353325935
46154,0.08798910535275299
46158,0.5693684430087315
46159,0.1655945091268745
46161,0.18697778233991885
46163,0.06745364722610213
46166,0.08637084160014648
46168,0.13888722322844307
46170,0.10504334282056761
46172,0.22156149195454572
46178,0.1777083343727012
46179,0.4020612609808368
46261,0.6543832179238964
46263,0.4064360842229555
46265,0.1692331903159504
46267,0.2311377887581467
46268,0.40161359188422735
46269,0.1809332941013319
46270,0.5782221029258806
46272,0.5739565783179301
46273,0.14430992063100653
46276,0.43597167413370813
46289,0.15048839905496864
46292,0.4304331787080348
46294,0.44876139447229635
46309,0.6241996092063496
46316,0.4534203749386985
46348,0.23375546187322888
46349,0.1939777513094289
46352,0.3225662340953882
46354,0.404490386606087
46356,0.6280575828446179
46357,0.43498758875889554
46358,0.4496737181953621
46362,0.5990596717858685
46374,0.0742686071492161
46376,0.13611739046459517
46382,0.08442206107237026
46400,0.62874809619178
46403,0.15580130740855522
46423,0.09322812344627013
46427,0.7166099553819837
46431,0.3902126533388397
46500,0.210994889072215
46504,0.7881861950835428
46507,0.12013613482663638
46509,0.5240669083925259
46552,0.244844946473499
46558,0.39220728900275303
46564,0.037793655753502374
46567,0.5051694844658454
46568,0.10412105133164704
46569,0.5687232849450743
46573,0.20200893531861475
46583,0.16820808799732484
46593,0.8171434845182597
46595,0.8931457931660917
46596,0.18376729115759047
46598,0.13792944210683528
46599,0.4636845960308596
46600,0.8089715292693163
46645,0.029957374250212616
46648,0.19250757085998763
46651,0.2633441669219471
46652,0.27617239168806096
46654,0.13966832879240063
46655,0.2536523398656063
46713,0.0893033521865774
46714,0.3702791651550419
46718,0.5517331691288525
46769,0.1978490562014516
46770,0.0767728233009884
46772,0.044757562416775726
46787,0.785047260531778
46789,0.016796233013517334
46793,0.38360199199834594
46810,0.050878243199918106
46814,0.04844810126095267
46815,0.057677535117181905
46816,0.07943463557890217
46832,0.3030960312924182
46843,0.11417188818664979
46844,0.26273323581305247
46888,0.0712237545994912
46912,0.27813142283748704
46913,0.09556036082318557
46914,0.17450228386445968
46916,0.3443719860011065
46918,0.1557967760515219
46923,0.25059791407443344
46973,0.04508089186765937
46975,0.1856153847440336
46982,0.23569346484638426
46985,0.36545519661558906
46987,0.16400393527243853
46995,0.16701685677068118
46998,0.2509774452246698
47006,0.14313534096245337
47010,0.1435149166637673
47011,0.4226027758379132
47012,0.9553597019806981
47013,0.12596085412836222
47026,0.05536374157863095
47052,0.8905899959153589
47057,0.5296903434252204
47058,0.9360004077499208
47060,0.18119893795397113
47061,0.09445894870129157
47099,0.4722044180278206
47100,0.8458268604471781
47101,0.08234699746960902
47102,0.1044689962381615
47104,0.7878863466771557
47106,0.803624541122611
47176,0.19828575958560318
47187,0.1499445798541348
47188,0.03821400577380788
47189,0.010935785169231755
47191,0.4806495767454409
47192,0.6956484465193434
47194,0.9303609213906135
47195,0.1436445027776361
47196,0.5012580032422685
47198,0.05552008643805836
47201,0.09348036377450318
47202,0.04993176732950006
47204,0.777143570900888
47205,0.05487391094490895
47207,0.12254862877097765
47210,0.09995944111761806
47212,0.17971923319444089
47219,0.156622644546802
47220,0.2390210099828591
47223,0.05238255104460676
47224,0.30531742768168235
47228,0.11567163073162773
47235,0.23129571715497027
47237,0.7197379498155465
47238,0.01883251173974291
47239,0.259990358661159
47294,0.5006674717836311
47299,0.38434841053866353
47324,0.014054879815330781
47326,0.4696860339406254
47329,0.7740187382762782
47330,0.19341850028361013
47331,0.08122869489354387
47357,0.9698222535709284
47404,0.029968483924904324
47405,0.368124292353782
47407,0.30118418459984914
47408,0.07938510142809435
47421,0.42191960333374096
47422,0.5669505587657862
47424,0.0976403118601253
47425,0.46996488843289946
47427,0.25562766518387026
47428,0.20926970030722886
47430,0.7725127548781159
47484,0.08416856864614343
47485,0.2222177554791309
47491,0.24610500938998703
47494,0.3110664575077726
47506,0.9488378787145471
47507,0.19029195119930598
47508,0.31946248835257507
47510,0.7048891190663418
47515,0.29444490717094446
47549,0.24868923727476844
47550,0.10262532836506254
47566,0.5999940902955498
47568,0.04095070465717565
47578,0.24307543159559303
47580,0.8586644728836231
47581,0.5666492491339031
47585,0.04829600213757108
47590,0.09952198282281619
47592,0.05511601205640063
47593,0.014423334603953477
47600,0.15305499785961668
47601,0.5050117323035958
47609,0.10909212439591884
47637,0.5013090630194581
47639,0.9508114076265276
47640,0.4449122899951224
47641,0.8063158932204055
47671,0.45458345576519754
47672,0.8060493816653851
47674,0.7623501918144973
47675,0.13364299837876978
47676,0.3229699455297996
47678,0.023831512570702873
47679,0.2966469667283154
47689,0.41875824231845415
47690,0.15987823273975818
47751,0.18066137119743914
47769,0.11307103333080061
47771,0.22939536229466984
47772,0.08591992785041803
47773,0.2152929367937174
47774,0.6638631141475756
47778,0.13343252971654834
47780,0.014829383451536417
47781,0.2825751778929271
47782,0.48651176383225436
47827,0.15109674177335347
47843,0.4277462248358216
47889,0.43386046080765694
47891,0.3586040570109242
47892,0.3579091135247167
47898,0.5947164785012
47899,0.22379663918555223
47901,0.09578565176747685
47902,0.771616837071961
47904,0.5758792794063379
47905,0.1784043313111413
47909,0.932679880570698
47911,0.0837946243470337
47913,0.11534385989421551
47914,0.3707974007294447
47918,0.9013795888268064
47972,0.12427448923564807
47974,0.046539850602323345
47976,0.058631297332097314
47979,0.3959146849553307
47980,0.38978087889388885
47984,0.22926394932086272
47996,0.9456650302914184
47997,0.9078561838087689
47998,0.6999061848148768
47999,0.573970601502048
48002,0.12223950600271434
48003,0.11637923526925821
48004,0.1317404464034558
48032,0.21618387416507379
48036,0.1568482980847046
48044,0.2799393765043273
48051,0.1390469931983604
48075,0.5928477528307973
48080,0.3927725919562856
48083,0.37328000641481945
48087,0.3662838266319443
48088,0.08472500122303953
48091,0.24656621896516911
48097,0.4034302037520337
48098,0.13732331065495362
48099,0.08921137828487997
48114,0.5511814892060436
48120,0.6469875201792064
48123,0.8097420982100577
48125,0.21460916822727472
48145,0.4162556291709762
48147,0.2311364246200765
48150,0.06740794930513842
48153,0.02168667836705215
48159,0.1421436297947355
48164,0.17983024500612324
48168,0.14243262648282642
48170,0.2557062310762451
48171,0.08096409728376268
48176,0.06761628019594117
48177,0.8526183776295668
48178,0.06461709159267301
48179,0.2399259381077657
48182,0.4136758895402612
48183,0.655417633046762
48184,0.7755813304225355
48186,0.34017635564472176
48187,0.6918424417755199
48212,0.8124168064641966
48215,0.9601358011208152
48217,0.32341467076991975
48218,0.7323841632955183
48219,0.9412217038051316
48260,0.25810048727117735
48263,0.11594101969925603
48280,0.02824327746608451
48285,0.21326040309255812
48287,0.10587619986456315
48289,0.0462340863078162
48295,0.4079214787718732
48297,0.04165423437062922
48298,0.15908162289502184
48318,0.4398485385871854
48368,0.9321157149001124
48372,0.7219194891869749
48376,0.11950077962898129
48377,0.22898664468397414
48379,0.20041469550862687
48402,0.077955911054613
48427,0.6494745033182736
48432,0.6133652158219061
48433,0.9284644101394665
48434,0.5796364492450105
48446,0.08621926291315268
48454,0.37790920788126503
48475,0.14868083359342463
48486,0.1954583273280792
48489,0.6261969172040094
48492,0.16453862324950916
48494,0.09861257344219698
48495,0.26190726774248146
48510,0.2607790261141054
48515,0.6529149017627257
48517,0.15595364978626197
48524,0.78564158107484
48538,0.5110202831347251
48571,0.03880481681736534
48575,0.09369076217668372
48576,0.10530455262764621
48580,0.11594368938835392
48597,0.06763506999606346
48612,0.12478194909693223
48616,0.06684535913160178
48618,0.39392972926864456
48619,0.11718583827514774
48621,0.10717147718644592
48658,0.046467045872588444
48685,0.2581106808934076
48728,0.9079747452238773
48732,0.788541795660716
48738,0.07440346114795691
48741,0.15633746133843948
48742,0.045521540105144316
48743,0.4447212403370628
48748,0.06789148570324224
48762,0.07285593871731404
48763,0.8756985122628419
48778,0.4361934219915243
48780,0.044723581554701866
48787,0.4776240348507408
48809,0.08400992016023527
48812,0.36673700695556294
48815,0.3451702088215875
48816,0.4756795446731818
48817,0.3855164628655776
48819,0.8550846338818074
48821,0.45045494231424005
48824,0.48599724724709975
48832,0.06796032883136206
48838,0.5225676544227652
48839,0.15359207069914793
48845,0.10666039956400214
48846,0.04525655794657582
48904,0.5273867146610822
48911,0.03332783254187792
48912,0.09141214075936771
48914,0.1720512611684016
48917,0.45455505828710197
48918,0.13463746998365253
48923,0.8469484651816608
48924,0.4468536485613731
48926,0.3083875156838025
48927,0.69767384163516
48929,0.050391648827164764
48952,0.15072706524594529
48953,0.3374056014117145
48954,0.22361312249931484
48955,0.630149510043087
48956,0.2363293225903663
48957,0.24655627536249852
48967,0.12633370275395572
49007,0.17364765249103487
49010,0.3048707945811299
49012,0.25310736733420774
49014,0.2950885617982139
49015,0.15757025223413676
49016,0.11467149217589216
49019,0.7281092522028246
49024,0.08030719676830575
49025,0.14167551325203306
49028,0.22600541105758568
49036,0.08825956492739885
49037,0.23810668588882167
49039,0.18359133252516788
49040,0.29797696367553633
49044,0.13973902531859067
49147,0.5415641474200796
49178,0.3058936905871591
49181,0.6557601415348605
49182,0.39438954124749276
49183,0.002951705241458282
49184,0.8333873256078606
49186,0.6799718327157876
49188,0.4076416213952192
49192,0.16866467492496515
49193,0.26835956698132957
49194,0.3677401443507598
49216,0.7849967613105074
49218,0.08686938179315007
49236,0.16490622754255616
49244,0.003482223631007788
49245,0.3468968303272589
49246,0.25315515158651053
49250,0.2320328725048282
49262,0.17232124621394404
49265,0.10656124034585708
49267,0.17324202646203193
49268,0.7526582488916347
49270,0.13064171809364947
49271,0.13253094239098254
49273,0.559054315954806
49276,0.25584825537794476
49277,0.5727655763241243
49278,0.05748887841688517
49279,0.5168054068324922
49281,0.5689394959670573
49287,0.060603242274193045
49373,0.688030550381189
49374,0.4690897602269418
49375,0.16979780730211996
49376,0.4586881952637519
49378,0.08618948188551263
49379,0.8028372898618102
49404,0.5573144298424667
49405,0.34762613868005504
49446,0.02312690359388056
49449,0.46273173709374105
49450,0.10567348776744805
49451,0.17932323461900793
49452,0.24768944613655183
49454,0.07672327736546318
49455,0.05746310246037133
49466,0.030642420047482615
49469,0.3855587405253456
49473,0.03927997885211963
49474,0.0831660024492702
49475,0.16513761563259802
49476,0.3454827412244832
49477,0.13763669395419798
49478,0.5834761880338696
49480,0.5028382045157621
49481,0.2218382011055562
49482,0.6271332779039159
49484,0.20852526879849584
49511,0.10110511465650626
49529,0.2862513300988712
49540,0.4008078855887395
49544,0.6880669310279744
49545,0.2592096927780788
49546,0.14360857860119441
49547,0.09783064343527403
49548,0.08122195418412163
49558,0.4513908441227237
49587,0.04010585536318575
49588,0.09312627726003898
49591,0.9494322034424905
49641,0.1891902122349302
49644,0.12305590405308905
49654,0.21957315233051025
49670,0.16578262515888573
49674,0.03948285627371354
49675,0.021972573883788905
49676,0.1929521495743679
49679,0.33005491188278346
49686,0.47135758368310593
50173,0.1543247711551167
50178,0.16003330271187258
50179,0.2769217963787912
50182,0.7336122424155418
50187,0.5704439115558522
50189,0.4407187023017913
50190,0.29901157426961505
50191,0.2683152147014079
50192,0.590209424346891
50194,0.49902637359179636
50195,0.06206498471644666
50199,0.14874504073480596
50200,0.2706356697962362
50201,0.21524165344909843
50205,0.09985381136990823
50206,0.1650928243671633
50207,0.1942995249794066
50208,0.19383620920744613
50211,0.19086782275124253
50212,0.10230720333183856
50217,0.2604982358353266
50220,0.3114133127335579
50225,0.6686079599572456
50226,0.41148872928430225
50227,0.6316891506292258
50228,0.10737816827499673
50229,0.1750661199157537
50230,0.43141804657737753
50232,0.11687199376219633
50233,0.09424686697380827
50234,0.7877261675295917
50235,0.5115871098674851
50237,0.9296667091991276
50239,0.6887988846890349
50242,0.1581186379080858
50244,0.2394125558014206
50245,0.28633315961378425
50247,0.03900585420520344
50248,0.23731931466506465
50249,0.13566282825577983
50250,0.32125061138042443
50252,0.10884604560797055
50253,0.9064392378661597
50254,0.6004613042101749
50259,0.5758689927671555
50264,0.28638783414588953
50266,0.13310872435053
50267,0.12905212924377207
50270,0.12328576888168928
50274,0.31492530494674786
50276,0.785470708174997
50277,0.606486440156892
50286,0.1004387694188122
50288,0.08128386158366153
50290,0.4965856966998386
50296,0.1215233676620199
50303,0.059064215789941275
50307,0.07187327311299609
50312,0.09678126388257859
50313,0.043508171656281264
50316,0.2840593067271903
50318,0.07122624552644005
50319,0.09488425113708837
50320,0.05793488675897465
50324,0.23540452205484313
50325,0.044155386226130126
50326,0.1062885853079594
50327,0.14917752685632302
50334,0.05855002776300454
50339,0.1863367245521355
50342,0.06118993354790587
50343,0.7637960913096556
50344,0.776576152307752
50352,0.48586487002875367
50353,0.11556270171687283
50355,0.5803823362024769
50358,0.907398911815037
50366,0.7688890143160164
50367,0.19443575405001778
50368,0.02521760046888496
50371,0.19794105160468248
50372,0.2881998776000502
50373,0.7450605221278873
50374,0.9303704483272768
50375,0.20550775114101055
50377,0.8226864656119673
50379,0.5845228497910919
50382,0.14538675174221402
50388,0.3816999696040197
50390,0.31080912936651284
50396,0.8589193866264035
50399,0.47055076752574465
50400,0.24784404749136998
50402,0.17072352396804938
50409,0.6930481732094329
50412,0.5296656778025851
50413,0.3692861075083528
50414,0.06103962502992041
50416,0.31260409834468467
50417,0.1324741188566693
50422,0.7944142686204976
50423,0.2347052599794701
50425,0.18020315419746816
50427,0.15159318997717264
50428,0.11919620691628087
50433,0.029962497951286846
50434,0.10804579108156737
50436,0.04804974633261617
50437,0.21767060129639687
50440,0.23976119134587373
50442,0.2916225008155495
50445,0.0831161778514739
50446,0.2977030809822777
50447,0.10548833296263213
50448,0.48810443822613203
50451,0.25023918757005337
50452,0.06860965066976951
50453,0.20572742677480788
50455,0.5058220863558863
50459,0.9464607305090618
50462,0.24177642836269922
50465,0.2688836391903931
50466,0.3039434568416242
50468,0.367269586679262
50470,0.9672453623749919
50473,0.13108220876981122
50474,0.7510359326705357
50475,0.3505137410397188
50476,0.7352508984310734
50479,0.09686452992826956
50481,0.40613876865345955
50483,0.24871813252701855
50484,0.8483428035095142
50485,0.1480845083119781
50487,0.1466874685050584
50489,0.4170447607581173
50494,0.24870655026867572
50495,0.4079035556647344
50497,0.058539864704469605
50498,0.8805245710365476
50500,0.25425711243321025
50501,0.06518901655684849
50505,0.16582706073579906
50507,0.1802396558532073
50509,0.04420045656267411
50510,0.2940988984697691
50511,0.762595444501225
50512,0.7488396060700008
50513,0.11224429962050024
50515,0.36389010226509366
50518,0.17680147368378188
50520,0.7643634112040429
50521,0.3970792799466022
50522,0.22020922520363428
50526,0.41812698642103546
50529,0.11823557375985183
50530,0.4010431470683293
50534,0.38009947387720394
50538,0.5460475070656714
50540,0.15035782295503278
50543,0.15307445166596187
50550,0.5124829121665442
50552,0.13822414869285235
50553,0.6364769690883045
50557,0.8822503517611112
50560,0.42558770313405164
50566,0.7494156218248784
50567,0.5217316645724998
50571,0.6627601236653643
50572,0.6611154314117506
50573,0.1562657058959027
50576,0.3836083573294939
50577,0.6864926248343098
50580,0.5890969471022233
50581,0.26682404294354234
50584,0.37393293568589997
50585,0.1965198351618698
50586,0.9288221156142371
50587,0.5441037845083625
50588,0.3455147146973046
50589,0.7866408728644769
50590,0.5184174004532354
50593,0.6964125302309156
50595,0.048845515338358556
50596,0.7673054628314362
50597,0.5672366780911244
50598,0.06963491945919613
50600,0.10024434821830354
50605,0.9780437236110688
50609,0.7497644230922601
50611,0.21659354241573442
50613,0.14316846912674955
50614,0.6192711434560063
50616,0.45550089760282725
50617,0.25460759342468003
50619,0.781881283822579
50621,0.3341313820737039
50623,0.16749721822776337
50624,0.4875667191569267
50626,0.05278267104132878
50631,0.7378146161012668
50632,0.15699436603521333
50633,0.16294611215781293
50639,0.7153505783136251
50642,0.1012772717536788
50646,0.2914844700046334
50648,0.5228755918759421
50655,0.2520701281524204
50656,0.12667168943633217
50657,0.3332740679703094
50660,0.08640017474547344
50661,0.14865648608274404
50663,0.6243764706988741
50664,0.1160242891075912
50671,0.24035220935378804
50673,0.03808095934616224
50677,0.1624850804088258
50679,0.3213229390071916
50680,0.09518522737127008
50682,0.6342219128033321
50683,0.3928135772041052
50684,0.26645412136431773
50685,0.7059849093138305
50686,0.39630271256808436
50689,0.6198437216893394
50692,0.14305667818916934
50700,0.1395886474706285
50702,0.22978756109806658
50704,0.9592603643458623
50705,0.3727699916352193
50709,0.23906045154806943
50718,0.022110574991685072
50719,0.16150845991857368
50722,0.044224967925203584
50723,0.1771374919318673
50724,0.2601806712025525
50727,0.9701279583261434
50728,0.3291737726334449
50729,0.7737225776693429
50733,0.5286440267992338
50748,0.15026523843753625
50749,0.1307757079184477
50753,0.10718102969319358
50754,0.3674275290661336
50763,0.03769870315544239
50765,0.5381408486798404
50768,0.8032640164599065
50770,0.100421696187192
50773,0.313580701381744
50779,0.14399404082379483
50780,0.04153665523912324
50781,0.02267972678960491
50783,0.2176548085475328
50784,0.08524309879906404
50786,0.029818485802769454
50788,0.034618375878583005
50794,0.9258372756868097
50795,0.48778992090816065
50796,0.47150938007366017
50798,0.5945768277379522
50799,0.4252990756754252
50801,0.6000720215524032
50803,0.312705528434849
50804,0.05102159002519617
50808,0.12121816948223862
50812,0.05739210419759243
50813,0.13546068716109289
50815,0.0631392942233412
50816,0.34885745914017097
50817,0.5547717976495593
50818,0.9829454346933651
50821,0.594380359921963
50823,0.19169425086459457
50825,0.31327275148210765
50827,0.6087545567911387
50829,0.09338339707123228
50830,0.4004992964999295
50831,0.40290769765759565
50833,0.22499379383039067
50834,0.3128753888255359
50836,0.3961598714213726
50838,0.1131327041211635
50839,0.11480546606403119
50843,0.4554908527963095
50852,0.3499372491079001
50855,0.46169490794118245
50860,0.8830805472670377
50866,0.18539183981525653
50869,0.872228484497097
50871,0.14766448544629449
50873,0.9284913353344855
50875,0.34646016217639447
50879,0.36806203876639765
50880,0.12614538955577528
50885,0.29825377793980457
50886,0.8890681815090494
50888,0.11641754039950104
50890,0.2044482037563677
50891,0.04471304957763875
50893,0.2951632136470116
50897,0.2641406655391826
50899,0.24982992541291654
50900,0.15230887409333324
50901,0.18830091826498022
50902,0.40462517917480983
50904,0.12285924582446686
50905,0.059182530264944674
50906,0.7115877539399786
50907,0.5936192896501901
50908,0.5891341919656969
50911,0.3991459778474816
50913,0.6095815628683484
50917,0.08797094280977318
50918,0.7374531357348374
50923,0.034812396607901586
50924,0.7134643662019585
50925,0.4947841955322155
50928,0.165371744585862
50933,0.8223678465440213
50934,0.6205958357167775
50935,0.18059099451524305
50937,0.9239361726618777
50938,0.5333089739462837
50940,0.18378491475451358
50943,0.47295588993631904
50944,0.19172014907933727
50945,0.18384320725342793
50946,0.5044584879011382
50948,0.888255520433342
50956,0.1865567798474335
50957,0.26324360124269064
50960,0.1785645801718152
50966,0.17978265705934857
50970,0.6685100186297301
50980,0.5595667589972264
50987,0.6762961022171562
50988,0.1776388371204608
50989,0.3930223890851043
50990,0.024731814176574014
50991,0.2912950182710947
50992,0.14383900609649208
50993,0.2566413649180842
50994,0.17989116868802327
51000,0.1340603846448932
51002,0.4170145028897935
51003,0.3528519019337548
51012,0.18956799683952336
51021,0.20864199368022132
51022,0.7830183300159638
51023,0.20447043248750416
51024,0.27451134009308814
51031,0.0581794403179241
51033,0.407915134253701
51035,0.2118915981414306
51036,0.08393451973954662
51039,0.6854410743305397
51041,0.6534462186502954
51042,0.6523692635267303
51043,0.16689372907603112
51044,0.19855436961908982
51047,0.23825283190854799
51048,0.4469189112487686
51050,0.8742628835332027
51053,0.2651621102709235
51054,0.8896408572281913
51056,0.21645302624317633
51058,0.15151397021011784
51061,0.3100175661950539
51063,0.09538535996416818
51065,0.05414058928999543
51067,0.5606520477020558
51069,0.8592264583885036
51070,0.14895168474088122
51072,0.2918354511464094
51075,0.8084617905339675
51076,0.5949285120904346
51078,0.7483528953305819
51081,0.1301614499383341
51091,0.08116766331606207
51093,0.7495086700844706
51094,0.06579322307697909
51096,0.7756436267076042
51102,0.12263887418798952
51103,0.4898515652434298
51106,0.050651767035928864
51107,0.5347855448144785
51111,0.5666377256126481
51114,0.11763402200043041
51115,0.9150163839692886
51116,0.5934356436635658
51118,0.3959511594344871
51123,0.16884243221417283
51125,0.29854160779215266
51127,0.2758170758073657
51132,0.13994082687523648
51135,0.06004437749806607
51138,0.1160816522449638
51144,0.6188121783944782
51149,0.20042120973421781
51152,0.17443509947565317
51154,0.9407790697874395
51155,0.7148863311237862
51157,0.03294253134856826
51158,0.2468321198188383
51161,0.17352343538673373
51165,0.5458372642118773
51170,0.2430033576075059
51179,0.18910937794745333
51180,0.5326029592935604
51183,0.06521407752123172
51187,0.661657918972827
51190,0.2328693421569726
51192,0.09520595680140537
51193,0.6301633596674245
51198,0.12017419362278398
51201,0.17129131179175489
51202,0.09254898973983985
51205,0.11869227525618781
51211,0.4799104419328764
51212,0.5210078654115293
51217,0.10722685869085512
51219,0.10688433099577546
51220,0.2676849060874351
51221,0.03970404710745823
51225,0.18788297487016717
51227,0.36571537709434104
51230,0.5710338746029577
51231,0.31899026080404375
51234,0.6487716770084495
51237,0.8914840057465262
51238,0.25354407713435434
51239,0.4421117835575482
51242,0.4229387780133314
51244,0.35963921937775906
51247,0.059937276833870234
51248,0.034159843308079786
51253,0.06395658132473091
51254,0.0956400029246374
51255,0.09944229984827448
51256,0.022776002369793266
51262,0.28463551927681663
51265,0.324777173291288
51272,0.867372326335765
51273,0.15724003178609366
51275,0.08587565188325545
51278,0.20150494315938675
51279,0.24957275038963292
51282,0.20030878587173956
51285,0.45797775666301793
51288,0.1539618434534474
51291,0.24188041548700284
51293,0.15552036281415593
51296,0.5941766470198597
51298,0.8413998030650393
51301,0.9417034995428889
51303,0.04051847248908619
51304,0.4817481249968035
51306,0.14887043623543034
51307,0.04500878782064254
51314,0.1222602398286835
51315,0.05765480822940323
51319,0.22829154471540783
51323,0.06785653036407138
51327,0.29355013321480466
51329,0.09869825163695774
51331,0.07151500482461114
51333,0.16351283480733542
51336,0.16871075240463987
51342,0.3094542299448194
51344,0.15728397583757678
51348,0.9357971359624648
51350,0.9341932037636024
51352,0.4398448576805522
51354,0.24219242023665943
51355,0.8220219997515917
51357,0.24511003231931716
51360,0.5511782067372534
51361,0.3800787512121083
51362,0.7228501682307353
51363,0.9107042804502403
51364,0.3530654731026559
51366,0.41097852369039334
51367,0.8196881826854681
51372,0.19417982203653858
51373,0.7301201912524258
51378,0.5785664863883714
51380,0.12157709110910536
51385,0.21523690859553693
51387,0.4897667406821302
51389,0.30984481211280673
51390,0.7556603979073543
51391,0.4351767864096687
51394,0.13910447874554768
51400,0.502397963851554
51402,0.19226600320485304
51405,0.16059396690553346
51411,0.387114612467065
51413,0.020992137592864744
51425,0.41070244067913764
51427,0.07562754461408948
51433,0.25937160273174603
51434,0.030520760413781642
51437,0.019747310771992228
51438,0.37707030680015485
51440,0.22719175279922865
51443,0.13100321155521397
51446,0.39730998675741963
51448,0.07858508545722279
51449,0.28056445014121717
51450,0.1469736515974276
51451,0.8839640919719772
51453,0.11369333590484013
51459,0.3630547072561086
51460,0.08860804313703148
51461,0.522000284586332
51462,0.9490553390002612
51463,0.11311320876293518
51465,0.027812772132771987
51466,0.3839269084382579
51474,0.13263578117679162
51475,0.2552357153274798
51477,0.05650019367975181
51478,0.13743054145961148
51481,0.7484740169858709
51482,0.1842774665698454
51483,0.1030280312078755
51488,0.12840589326186155
51493,0.09362538644531142
51496,0.8259709094933838
51497,0.19049803750320035
51500,0.1697023740681809
51503,0.2822440074062493
51504,0.3285979165883069
51506,0.47719640829334575
51508,0.3009896647720607
51519,0.19613780836538935
51524,0.1337620802787685
51529,0.38512840865329573
51532,0.829726381325286
51533,0.2414631852849142
51534,0.22805435226093274
51537,0.18333622138484623
51540,0.19242757756497356
51543,0.033506074761640414
51545,0.11192737368494307
51547,0.12376385107870096
51549,0.0868927924091311
51550,0.7200925150697797
51556,0.045920274473628286
51562,0.09564547446671298
51591,0.6105981138952526
51592,0.7312946733257634
51593,0.19066086792574816
51594,0.12770410113447217
51595,0.9453647091478188
51618,0.2607307297416498
51619,0.24268105841162768
51620,0.23781198589132108
51621,0.09622361866499156
51625,0.21676757792103785
51626,0.08001742482155452
51630,0.04456855468548686
51635,0.8766746971700421
51639,0.8078689144358963
51671,0.1598852766663929
51672,0.836181113169639
51673,0.4433840563153755
51674,0.6160375573376515
51679,0.07629846895594838
51687,0.31969514891396233
51708,0.7318755445628534
51728,0.9590091407828514
51734,0.07741786317355363
51738,0.06473822631205353
51748,0.2026829328437524
51753,0.9807221090413021
51755,0.22916527136744722
51761,0.2734998083822829
51766,0.8717054906840843
51777,0.23358784003492597
51784,0.06803004165964346
51786,0.6291826403318734
51787,0.7462992583861224
51792,0.13095377512357684
51802,0.41791823314414556
51809,0.3592011054139665
51811,0.1030966897679865
51818,0.04619036734503973
51819,0.0559587495490782
51830,0.06270944710399487
51835,0.47660500122431776
51843,0.06112550209578294
51845,0.19268502330281878
51846,0.057051059818500664
51855,0.5540588980448538
51858,0.0473457113714467
51863,0.19605635792631568
51866,0.07994227858246256
51867,0.3832917294171852
51869,0.12990902937161974
51876,0.3550636082128439
51883,0.6229021357183974
51888,0.32914541343504167
51889,0.5850194491935504
51891,0.1128938115368047
51892,0.14234308175498525
51894,0.45664640774929144
51895,0.15668334688438093
51896,0.1646525894286891
51899,0.45129477051254
51925,0.2850029668658986
51929,0.38966248872471937
51930,0.16167980836973136
51931,0.5049557204838854
51932,0.32129666702049625
51933,0.9257923076150171
51934,0.051775637947527445
51938,0.2380669513602113
51950,0.5107553255320124
51953,0.008452767796279358
51954,0.3218610668625095
51956,0.7681667741600358
51959,0.05402764141248487
51990,0.7184682291618862
51991,0.48505549979872237
51999,0.4144207705693321
52003,0.34455587854587383
52006,0.025366313770947634
52013,0.08660252950997571
52022,0.04822395231510192
52023,0.8987598427830141
52025,0.1985526133802782
52028,0.5867076499189972
52030,0.7678546539510804
52038,0.041884838084979184
52058,0.08912166313591895
52059,0.14224426718386513
52063,0.9137903606122622
52082,0.8441439416128378
52084,0.8999920057985447
52087,0.5444890031055557
52088,0.4639948485252437
52089,0.24371091098068107
52090,0.06317708778708775
52096,0.18269196913805572
52099,0.06187605992947032
52110,0.319450246536665
52115,0.025064674141090648
52116,0.041037615478892786
52117,0.5167450119587425
52120,0.15350097934279425
52141,0.5130719708146942
52145,0.5233309441296431
52146,0.6207637662040345
52149,0.02103249679179358
52160,0.3116478769138696
52167,0.2936222923482865
52170,0.12927976806727542
52185,0.07421083314996897
52188,0.49229386961884075
52195,0.524665987508429
52202,0.22768209393051983
52208,0.20711794150904358
52209,0.2214293788719994
52213,0.23077051931530015
52215,0.1864934156226106
52216,0.06706567695286271
52218,0.04483811532551345
52220,0.28059143373994827
52230,0.22958064152182284
52239,0.017426998175101998
52240,0.17091173322593145
52247,0.1374969014330049
52248,0.3397238763717779
52252,0.2715542344694342
52255,0.6147210726198984
52257,0.3253866872706409
52258,0.7434934850329004
52259,0.3714480991743192
52261,0.30348688394720963
52265,0.08956890941009703
52266,0.1859385059694931
52268,0.33845711461458217
52269,0.18002917450589787
52273,0.06663481538197663
52275,0.3018302471826093
52276,0.4231131775333198
52279,0.6513595982354423
52281,0.40198026865792014
52282,0.4249705812971789
52286,0.9466791871570547
52288,0.5296539764312831
52289,0.43033339421863803
52290,0.838026905608797
52293,0.06327335937962207
52294,0.13241286828197282
52298,0.01868146889782642
52307,0.3406180907942195
52308,0.21700046532890865
52312,0.1478370594152
52315,0.07662340436851908
52318,0.03598866507830563
52319,0.3464933533416924
52321,0.02181839653718397
52325,0.6125588370573787
52328,0.5747828008438103
52330,0.35237970558218396
52333,0.31871378628105773
52335,0.5055317692547149
52336,0.07007840476882651
52341,0.22197779303177928
52343,0.20731771471632326
52353,0.12682430545856055
52356,0.39318345517044945
52357,0.21147985673661324
52359,0.5387451602705313
52371,0.5310982860434575
52374,0.29886373340393996
52376,0.36375203305764214
52382,0.2830424266422383
52384,0.23053888058873162
52386,0.018304058180906822
52389,0.3047579810842484
52391,0.011214972659974879
52394,0.25495793254327104
52406,0.009314030430209775
52407,0.003940521564696843
52412,0.020900038670337625
52423,0.03549730812280637
52436,0.022579640390657046
52444,0.7604450985171852
52458,0.13126814660787497
52461,0.03121729339572808
52462,0.054382851161242474
65428,0.5108852320727159
65429,0.3740681642135024
65431,0.04487517128523657
65432,0.20104800839878748
65433,0.35391022912574677
65435,0.33992107652118503
65436,0.7053488689627946
65437,0.05482918704018878
65438,0.4193077543548863
65439,0.20545348355487203
65440,0.13039272917581082
65441,0.5330751096477152
65442,0.8374404976862747
65444,0.1699098737271606
65448,0.2540097451721273
65450,0.8057346004340209
65451,0.8049993087203263
65453,0.14479973671110602
65454,0.6715138817109123
65455,0.2782702173219342
65456,0.26504897388456344
65457,0.7646231244068704
65459,0.8478285862257986
65461,0.15312390669871348
65462,0.10467819005529623
65463,0.40663629165868964
65464,0.16009797664972342
65465,0.12706356492424078
65466,0.2979315938468424
65468,0.19379672444896354
65471,0.06351296537137643
65472,0.06021755313578901
65474,0.41945608034708587
65475,0.3849306041959033
65476,0.3066059943576937
65478,0.11584456693699295
65479,0.8141033497119465
65480,0.6751230741171856
65481,0.6868672584524583
65483,0.7243992605467579
65484,0.9954808197228805
65486,0.1579913732043031
65487,0.44460530610848253
65488,0.23235201728643293
65492,0.5773173239697215
65493,0.7536172643221899
65494,0.5168477343775562
65496,0.4748379818651092
65497,0.8864668217134106
65500,0.9569951813171755
65501,0.8835492339614517
65502,0.5756808024069884
65504,0.28724740600291515
65505,0.15302743391811474
65506,0.6800187746181136
65507,0.6695616998688911
65508,0.09214039297443946
65509,0.5249872712928803
65510,0.39684195470055855
65511,0.09010128341236895
65512,0.23574660603390268
65513,0.650186586444273
65514,0.09350447441233523
65517,0.7835976806462026
65518,0.22599514681724817
65519,0.7957791487746159
65520,0.21984084883520147
65521,0.1209023498813959
65528,0.17663113286707724
65529,0.5328846225643953
65531,0.9816336415671559
65532,0.17021876765481736
65533,0.2145720447691259
65534,0.2457916019602134
65535,0.22813448489467364
65536,0.3159270143194432
65538,0.27831928716139154
65539,0.26448750013357086
65540,0.1710918933294145
65541,0.4197910431504888
65542,0.08607832505151633
65543,0.7947145678305368
65546,0.30584265176059877
65547,0.5945332988322901
65551,0.3594655637270571
65552,0.1915267357585318
65557,0.18764176513357267
65558,0.30889592574532054
65559,0.17125612124015666
65560,0.30273774967238365
65563,0.8554994932461988
65564,0.4084932639718245
65565,0.7155430726866807
65567,0.22594141253274597
65568,0.09376840984039596
65570,0.3950493970281576
65571,0.3431600561572578
65573,0.0015699853036037802
65577,0.5216117604196434
65578,0.9379414472781172
65579,0.9565052124164718
65580,0.935582218239686
65581,0.09788022618627941
65583,0.8220170533004026
65584,0.6839627923890217
65586,0.8671709492972867
65588,0.11745542647386462
65589,0.8485129146029241
65590,0.29247801698555537
65591,0.24911141128212336
65592,0.04551843697611112
65593,0.3692837729268148
65595,0.1452029808141635
65596,0.8446537026718247
65597,0.16919024554658957
65600,0.439591010857138
65601,0.38568780264787067
65602,0.2857451604100339
65603,0.4819071941764118
65604,0.3452944370695096
65605,0.32512329086182334
65607,0.2717644208876773
65609,0.05673024294405041
65610,0.1234187804772092
65612,0.6519446969048888
65613,0.1719747406835844
65614,0.10977799957682
65615,0.05893516399191249
65621,0.01903151919577537
65622,0.06853024488057369
65623,0.17501915401051799
65625,0.12474917664094098
65626,0.24335919865319874
65628,0.1463820327838265
65629,0.19642158876770704
65632,0.24450856150056433
65633,0.7626702424110033
65635,0.45000943495472745
65636,0.5340726157842519
65637,0.17899086750324028
65638,0.37688576312026745
65640,0.633611546400305
65642,0.03731482289000515
65645,0.1845631024693222
65646,0.21140520212593142
65649,0.47723965293608
65650,0.24618119951749654
65652,0.11522075904090591
65653,0.5611995196029494
65654,0.61836148454746
65655,0.879732416622752
65656,0.38916989132723684
65657,0.258636413107329
65658,0.928168572929419
65659,0.7637934981445261
65662,0.8772935095632308
65663,0.9810595357649807
65664,0.21579761354811652
65667,0.4302374306530923
65668,0.71482521822612
65669,0.6189825232870992
65670,0.6618953661563055
65671,0.18412368112472818
65672,0.2498085923407407
65674,0.4427330382088094
65675,0.5344858362614473
65677,0.14273092329571743
65679,0.5406328248869396
65681,0.35881919396851975
65682,0.10221741361502051
65683,0.042538502055875824
65685,0.17237369465587546
65687,0.342670147738991
65691,0.06120434017323969
65692,0.845681183313938
65693,0.2121211426055545
65694,0.07659151461043565
65695,0.08872581555735819
65696,0.09058682832414233
65697,0.07019998571575095
65698,0.16513994542625784
65699,0.1213381937905862
65700,0.522876397441304
65701,0.646903946278702
65702,0.16405859543818793
65703,0.2448309257783929
65705,0.07522812887221933
65706,0.28317774656798717
65707,0.08169364277910193
65708,0.30052153333892373
65710,0.36536640545575577
65711,0.2243968208241859
65712,0.11356126752296819
65713,0.1671212244051691
65714,0.9505571963551814
65716,0.7063479047258283
65718,0.526616778479961
65719,0.16145237060902634
65720,0.8084707763995178
65721,0.1794314114981306
65724,0.2382205293932683
65726,0.6423314476238351
65727,0.9271136274938236
65728,0.8817495833064821
65730,0.25148525591173637
65732,0.3607101506877224
65733,0.6893780037209362
65734,0.3398945286890546
65736,0.4643616850962944
65737,0.13744161348748896
65739,0.2925921863747106
65740,0.3069408283980421
65741,0.09183191510642122
65742,0.027842711458534168
65743,0.9179278828091171
65744,0.5059715961566265
65745,0.7620546467137399
65746,0.2892948764946911
65747,0.1650352846888017
65748,0.41846637775845796
65750,0.09085244751954671
65751,0.43180154260746223
65752,0.18590936239755018
65753,0.7455054009145208
65754,0.5179864808885981
65755,0.6178062100236803
65756,0.21392912796579314
65757,0.24276731316377145
65759,0.614063423712428
65760,0.06221806157522877
65761,0.07485374232901407
65763,0.2570253969190838
65767,0.8291199587581758
65769,0.23489195989338046
65771,0.20487272797371672
65772,0.054500554164088166
65773,0.24001310532696676
65774,0.6201381750263506
65775,0.0740018233134919
65776,0.06779787493009949
65777,0.5733091465551776
65778,0.7963236405593457
65779,0.2614688670168528
65781,0.20562436362084277
65784,0.30103071975214185
65785,0.739383458518896
65786,0.20013598572786342
65787,0.05342699037132327
65788,0.18620605883366534
65791,0.061381388408162034
65792,0.12295004412092055
65797,0.892492724360665
65798,0.4166991553054197
65799,0.380519623644737
65800,0.8803744284776924
65802,0.36225581523258676
65804,0.06106366297848926
65806,0.15059916751225028
65807,0.042675230338839486
65809,0.09786744225367662
65810,0.5427470787061239
65811,0.44974247357848174
65812,0.07737948257788156
65813,0.15047643505551875
65814,0.3537383126122019
65815,0.8208030051810054
65817,0.2717445289845021
65818,0.07247118505448842
65819,0.3390834767057352
65820,0.18531008400333623
65821,0.06510165394852271
65823,0.27391776613321106
65825,0.2018113965302126
65826,0.09919121246689003
65828,0.5041366654783033
65829,0.4849628175641096
65834,0.35787969529637986
65836,0.1850355001826462
65838,0.23374187805595478
65840,0.07351119588189715
65841,0.6706480121638069
65843,0.8144131529424258
65844,0.0543754730908052
65848,0.49617149562074503
65850,0.3344579784939301
65851,0.13337489298471178
65853,0.23948426476110124
65855,0.9867584166608799
65856,0.7710443931730294
65859,0.4609525307720297
65861,0.31462694734177954
65864,0.46454289180368297
65865,0.3079258736572826
65866,0.6458802535639484
65867,0.7918129250095136
65868,0.06508264384616158
65869,0.29726286182846334
65870,0.568038097322626
65871,0.1886448482689171
65872,0.17861243837712906
65874,0.6369117303943571
65876,0.23549826856212885
65879,0.8273525442325432
65880,0.11586906923792645
65881,0.1737707364362899
65883,0.5783914101738009
65885,0.006948599467506542
65886,0.03291530008276927
65888,0.7167470215298423
65889,0.9383365679598538
65890,0.5033525159289406
65893,0.6884138757735982
65894,0.31248255354397714
65895,0.45913318306372397
65900,0.08388805948040289
65901,0.0956781317762554
65902,0.10827544501684694
65903,0.21684783360337298
65904,0.1692589022135932
65905,0.1445195606373482
65906,0.9371181927093863
65907,0.7993937318032075
65908,0.32809142175956013
65909,0.0830784651612541
65910,0.13708622281279886
65911,0.44811277130111293
65913,0.08005318658276633
65915,0.9828397578967145
65916,0.6987264088973186
65920,0.023460030978179218
65922,0.5813758642867108
65924,0.7989968768057512
65927,0.36943941511211675
65928,0.33560940692712155
65929,0.525204320348907
65930,0.4981948920659767
65932,0.6346028200706098
65933,0.4774315907794197
65934,0.8850929336044304
65937,0.8218923433587526
65940,0.3052498608311245
65942,0.10122551715845475
65946,0.41211478991559036
65948,0.36110979621996325
65949,0.30929601852670535
65952,0.5592452796319357
65953,0.7158094283503043
65954,0.14498484896979327
65955,0.43982490483331854
65957,0.3152707904476427
65958,0.06610409836479483
65959,0.1506701133730976
65961,0.4397288507042004
65963,0.9320535780736949
65964,0.5036260238593425
65966,0.1652033088197024
65967,0.2503510718763321
65968,0.24113806070500338
65969,0.36376345674513827
65971,0.44636053966819356
65972,0.10094394901090528
65973,0.35958555217649707
65974,0.4322541194530019
65975,0.2647748139231198
65976,0.43319697729804035
65978,0.7031200617917184
65979,0.37068935870051206
65981,0.8496667081601892
65982,0.49363671932539643
65983,0.8182137422645158
65984,0.09469161692647803
65985,0.2836970525579069
65986,0.10905742890506794
65987,0.0844651523387976
65989,0.1184204077200735
65991,0.5479604482321941
65992,0.10544145363552332
65993,0.13774494592915207
65994,0.5105337343837716
65997,0.5883554391772788
65999,0.07181838463953534
66000,0.09924041200414341
66002,0.06848826313174299
66005,0.3465451709273938
66006,0.6089776295463097
66007,0.9747221174804067
66008,0.7890811950887522
66011,0.8192332725977837
66013,0.25084582936939853
66014,0.2114650143120391
66015,0.7083313457416295
66017,0.4925710166709065
66018,0.05171252097523283
66019,0.49624057474483235
66021,0.3485067845943661
66022,0.0654901024032763
66023,0.3830322692296416
66026,0.34882218535336407
66027,0.2611136998543691
66029,0.3829957244054389
66031,0.8347706915738117
66032,0.6947272028482703
66033,0.3529686103194446
66035,0.9254309183855627
66036,0.3963072674539563
66037,0.7816355219663805
66038,0.6065779412822172
66039,0.2782570136330994
66040,0.937395074453148
66041,0.05173291012011603
66044,0.073890700796989
66046,0.24012187489817902
66048,0.12862382699293787
66050,0.28860420986667534
66051,0.7904665053019772
66052,0.0945008333476684
66054,0.4568574806051535
66055,0.3697758066186135
66057,0.6970299962099762
66058,0.6819387607866002
66060,0.34065106735348627
66061,0.2266474431894524
66062,0.3449170555753441
66063,0.7467876865736055
66064,0.6553373962694237
66065,0.47251283199890176
66067,0.1168589658001418
66068,0.9568705881337286
66069,0.8008614111931155
66070,0.5930930763057616
66072,0.7740674012653629
66076,0.06513769997089194
66077,0.18202346001874853
66080,0.3449991719143094
66081,0.280605498898062
66082,0.184308990837896
66083,0.06765207370736331
66087,0.2631066080987808
66088,0.264858188333672
66089,0.27780399540003015
66091,0.9153438901121081
66095,0.5939868678838204
66096,0.7664334622015819
66097,0.968201813299416
66098,0.9165926347086731
66099,0.7629151070061683
66102,0.017227790549249694
66103,0.46830290940478414
66105,0.35729966145552144
66106,0.5844106035472791
66107,0.6881723901988802
66108,0.8252206731126308
66109,0.1489105895745705
66110,0.9844053003283106
66111,0.5729238118982721
66112,0.5410137256779738
66113,0.9582895076369751
66114,0.6806876166525742
66115,0.5625913782227618
66116,0.4014277570349581
66119,0.19579471713598096
66120,0.680933404167095
66122,0.1964339861824135
66123,0.10699453734381481
66127,0.32759018697850956
66130,0.114607573143489
66132,0.2656963049614433
66133,0.20994236588955076
66135,0.12738593460416484
66137,0.2352121586933895
66138,0.4922624537357121
66139,0.3740512803686939
66140,0.407280942735441
66141,0.08779855730807695
66143,0.5044696558859433
66144,0.49476873744205596
66145,0.2549702491443381
66147,0.0749108106671312
66149,0.29067395823411085
66150,0.39890679359440073
66151,0.07768113889914723
66152,0.5796440528948866
66153,0.12629239712835158
66155,0.2508969028580776
66156,0.29848982241349953
66157,0.27122404468927014
66158,0.01091111023837671
66159,0.4452944282342693
66161,0.22032236198388347
66163,0.8628322587172006
66164,0.05148687689394932
66166,0.42610314134915417
66167,0.05252197744895566
66168,0.3067986462350332
66169,0.2688450150385652
66170,0.06332904318327426
66171,0.0773936021298135
66172,0.8588291316471327
66174,0.8326060926944763
66177,0.04557675320801467
66178,0.10205677135551593
66180,0.4877452853214149
66182,0.43940211215218006
66183,0.7484738616656608
66184,0.2831122157719345
66186,0.6811988414002226
66188,0.7018178191221522
66189,0.26007567903091067
66191,0.2491570041667872
66192,0.2201507366224286
66193,0.2587962970923163
66194,0.18914723751705498
66196,0.19549940485687603
66200,0.8964449121556107
66201,0.29889570815913474
66202,0.839450893112386
66203,0.9904233067840597
66204,0.12079060004485483
66206,0.22553484119240713
66208,0.7693268336919008
66210,0.6247464863495714
66211,0.656376289682469
66212,0.793967566088884
66213,0.41222755357834334
66214,0.7804535007581028
66215,0.8346181714560467
66217,0.33923590586806807
66218,0.3379167866717125
66219,0.7027458965155613
66221,0.4401517900452737
66224,0.05571352325573486
66225,0.5502046468657905
66226,0.7429284604602987
66228,0.6232837898343038
66229,0.7899966889777912
66231,0.15711400973524872
66232,0.361598399058501
66234,0.7996544916999005
66237,0.1997779142512718
66238,0.26722840347791577
66240,0.6544442521703772
66242,0.7248992011076245
66243,0.1921560394582676
66244,0.12269156546334944
66245,0.8369594701667475
66246,0.07332607791781895
66247,0.027672234393554273
66249,0.07024402152128197
66250,0.24497393422900482
66253,0.3151985864854766
66254,0.5381412740850925
66255,0.7251541212435778
66259,0.15726610349585818
66260,0.3092243641684001
66261,0.23072582018768725
66262,0.27775029698789666
66263,0.3256351703126033
66264,0.38840446936094114
66265,0.5073186411807806
66267,0.1999607421587908
66272,0.00875271857725396
66273,0.908707912122103
66274,0.23900919255245395
66278,0.09364182904037188
66279,0.20442301899549545
66280,0.26407120814297114
66281,0.3755307934958264
66282,0.08297968850388465
66283,0.4007730571315366
66287,0.41015533874871435
66288,0.17519102939565112
66289,0.7206849873373359
66291,0.11152892191573828
66292,0.5794290751950418
66293,0.3539427858302632
66294,0.24810094885542835
66295,0.43556268889024163
66296,0.08000787147792457
66299,0.35230825380866115
66300,0.24402511900605464
66301,0.1631863948902184
66304,0.4002614429977639
66305,0.26830355854924764
66309,0.22575977816433052
66311,0.3757133025498706
66312,0.265742884949686
66314,0.3145009011509594
66315,0.7620233557860894
66316,0.41241755162677973
66317,0.4703278775057575
66318,0.5291663164200635
66319,0.026590178159138632
66320,0.4217225122732938
66325,0.08995122166557451
66326,0.07340351806140058
66328,0.08888231524892337
66329,0.07241243187634225
66331,0.10938403227025204
66332,0.27838236626937524
66333,0.17199516072676144
66334,0.29870844470022484
66335,0.11481220365866991
66338,0.12709593121514512
66342,0.1737568811980944
66343,0.3442791542115989
66344,0.3358670313159033
66345,0.6671218898437815
66346,0.6105417660813882
66347,0.5084396620560218
66348,0.32808148618978844
66349,0.40790079114103156
66351,0.6665459913180197
66352,0.6317464172081491
66353,0.3342209302038979
66354,0.18839597476923217
66355,0.024556992045674488
66356,0.4850284156369245
66359,0.027698153186663615
66360,0.16629869698202002
66361,0.15837426857112888
66362,0.3412142982974443
66363,0.8016523148643363
66364,0.4463017282887272
66367,0.3360059878853754
66370,0.3003008969972318
66372,0.27071556117380974
66375,0.7033047104262569
66376,0.20731637670210218
66377,0.14112100500059752
66378,0.5540070013857493
66379,0.156585281144858
66381,0.13204729472540974
66383,0.06757823613920015
66384,0.35619704858869233
66386,0.05635678122192489
66387,0.3680102070495849
66388,0.6360248522589834
66389,0.07645293345611552
66390,0.140344730659183
66391,0.07726306207530122
66392,0.15323711733380888
66393,0.4143317438093272
66394,0.580392189672419
66395,0.2964650598106222
66396,0.0027963437590677654
66398,0.0683861589246451
66399,0.2755428627224551
66402,0.4665908667111952
66403,0.07230153242760677
66404,0.18959210291788203
66405,0.024167419864079203
66410,0.9189132111253868
66414,0.7454181351109574
66417,0.26428041226893473
66418,0.26116117310876846
66419,0.4176690349459262
66420,0.9357601600935633
66421,0.15952708596473142
66424,0.057625453477972086
66425,0.016568738822478245
66426,0.07100781703824725
66429,0.16612170760317074
66430,0.04977615192839472
66431,0.015008112529239333
66432,0.12240663901094065
66433,0.050688422761199343
66437,0.031447595075194595
66440,0.043953330704348585
66442,0.3247046015647892
66444,0.2685745398942891
66445,0.2248736676487597
66446,0.15425058172521328
66447,0.15822891141722936
66449,0.14693685749587793
66450,0.1820510081529528
66451,0.5565347222706301
66452,0.17036660178604882
66453,0.0781712382781572
66454,0.1916847805023143
66455,0.10010822337697627
66456,0.1665687342108358
66457,0.27581156624580205
66460,0.6745712139487645
66462,0.08549474347011302
66466,0.25347051176838986
66468,0.0980670722682463
66470,0.027249287294160703
66471,0.7449238502063457
66472,0.08292423775170403
66473,0.46194030233259487
66475,0.026150579838235034
66476,0.21796505235377114
66477,0.585866956381089
66478,0.25825101388344035
66479,0.3771152527727794
66480,0.9373269194811037
66481,0.22120431962421425
66482,0.34673021991786185
66483,0.8890125755904027
66485,0.6162372750947874
66486,0.3560502482377645
66488,0.2171484992591303
66490,0.18551377085837353
66491,0.2775646466685333
66492,0.8804516454066332
66495,0.21431322722773039
66499,0.1191696644642689
66500,0.27155453874302055
66501,0.9348811684658098
66502,0.22016377197250012
66504,0.10238152529349383
66506,0.17647191826366815
66507,0.11442489039450664
66508,0.4412449959932231
66509,0.26715969883284907
66511,0.06267434027480004
66513,0.5351740481826754
66514,0.13395487155032823
66515,0.5055625783906299
66516,0.18943778811315887
66517,0.2251779260844793
66519,0.4512011274752
66525,0.049893994854239405
66527,0.8397447231763686
66529,0.11073353707550239
66530,0.46812884333618765
66531,0.09853786653889332
66532,0.9489239847957133
66533,0.5212636797029019
66535,0.09787718345457506
66537,0.12308432395286147
66540,0.14445422820948403
66542,0.9349610804223186
66544,0.05809346937892208
66546,0.11399119402362734
66547,0.3531452752654616
66549,0.36872847166851486
66551,0.3638061633261912
66553,0.17411172928687071
66555,0.17452127976411505
66556,0.4711993835792616
66557,0.18527434224584036
66558,0.11259507068723554
66560,0.175392327724355
66561,0.8484439554705119
66562,0.7140101976348042
66563,0.7991132046979236
66564,0.18266603516358768
66565,0.9154064596156318
66567,0.09200513347566838
66568,0.06164991799486783
66569,0.12922661394509338
66572,0.15550628823916404
66573,0.08199306322559723
66574,0.06968611503935979
66575,0.46976460461681524
66576,0.2309905604986353
66577,0.08390713493787462
66578,0.326882305687537
66580,0.37891528949735165
66582,0.3699209454121577
66583,0.28258244890062423
66584,0.0894504212637775
66587,0.16629248321390552
66589,0.16862096321422176
66592,0.19117958991829917
66593,0.62156822651598
66594,0.8506151086982465
66597,0.4888230898466163
66600,0.06606953834821284
66602,0.059521730167371105
66604,0.053574668012233415
66606,0.12185060535977568
66607,0.40861874168135903
66608,0.95091766122183
66609,0.9076121675022335
66610,0.5199279508254271
66612,0.39952664122807235
66613,0.6183801344470669
66614,0.6133401816581772
66615,0.15690257401796093
66616,0.38889676729066175
66617,0.7954793188796059
66620,0.6685550374454875
66622,0.7652446681055681
66624,0.4608856717923084
66626,0.5292425979156203
66627,0.10113010391177434
66628,0.03349168989376304
66629,0.10449301266228925
66630,0.8846687104219051
66631,0.2691126588683907
66633,0.15125701590007007
66635,0.1018953342731113
66636,0.313343603930221
66639,0.09437537753616877
66641,0.3520695226902357
66642,0.3322065610554866
66643,0.7243763655059251
66645,0.3453930649042066
66646,0.09463368643561884
66647,0.2926671663091615
66648,0.2863729895780158
66650,0.5531960093358325
66654,0.255653205965911
66655,0.17901303000432764
66656,0.7059450310704687
66658,0.09624464276752918
66659,0.22325933136763432
66660,0.053994380032641946
66662,0.0253805775644328
66663,0.2879579733584919
66667,0.36146829775938316
66670,0.14361406899880638
66671,0.030908234789889917
66672,0.21867176932831595
66673,0.2194876105008225
66675,0.20419546818195383
66676,0.24259890108625562
66679,0.07812579404821918
66680,0.4620760556515781
66681,0.40881704291229676
66682,0.07190712890465414
66684,0.303239942631686
66693,0.36818879727894094
66694,0.2934671033302255
66695,0.7960337406099212
66698,0.14218838941087952
66699,0.1639006057113234
66703,0.07739444606568348
66707,0.2569676941471211
66708,0.8765289559662531
66709,0.48452542095979123
66711,0.21557975778703198
66712,0.11188142716270653
66713,0.18630837308078302
66715,0.09741065490290465
66718,0.006175364860657408
67476,0.12903689359764958
67477,0.19650797223423605
67479,0.19413516259233565
67480,0.19673821816923145
67483,0.4346400021983306
67487,0.1269750823126023
67489,0.09609607260114889
67490,0.24503146646201943
67493,0.12384957255407712
67494,0.08353917037187877
67495,0.46817730965429244
67496,0.039549845069481136
67497,0.1935831680471599
67499,0.2008886029922277
67501,0.1292084404549932
67503,0.11498604091225387
67505,0.11031030460155393
67506,0.012364629860336335
67507,0.07223494832978139
67509,0.044192669254750065
67510,0.2362815924180278
67511,0.2736447240429644
67512,0.27376273057797673
67513,0.22622708071974726
67515,0.17199140769942292
67516,0.10839753674397185
67520,0.5253181344151859
67521,0.24233070682107322
67523,0.10005505526436576
67524,0.27131449948423575
67528,0.37501396246844454
67529,0.21364428436548558
67530,0.3658898160831625
67531,0.038748653779009774
67533,0.0747350525544357
67534,0.10071913254411115
67538,0.16592098735350339
67540,0.149689794082015
67542,0.030319516089011782
67546,0.13067834883331497
67548,0.1525702961045634
67549,0.03548336498171744
67551,0.4242121705158646
67553,0.5370404447997338
67554,0.28148382933083116
67555,0.24105543282937902
67557,0.221638195674432
67560,0.42154874374211154
67561,0.0539852628266831
67563,0.11975548648786231
67564,0.13778584058064408
67565,0.549241160306604
67566,0.314737474437962
67569,0.19525515110289832
67570,0.1367856457949565
67573,0.17197476404720963
67575,0.2566568191059028
67576,0.03438223161248668
67578,0.1305630338947842
67580,0.03481945372472676
67581,0.03054526903384875
67582,0.2999231297888459
67583,0.21099452248635736
67588,0.1267490870616218
67590,0.04251997935873045
67595,0.028757725143240348
67597,0.14207932149704736
67599,0.0468576508897486
67602,0.2313044408872851
67603,0.10313946591561729
67608,0.09224513029791334
67610,0.4638653347938299
67613,0.06146669805136177
67615,0.3127949609499178
67616,0.21882324117814822
67618,0.14962670935176697
67619,0.6813199095472603
67621,0.5635322467818064
67623,0.272780028455082
67624,0.09057568396726066
67626,0.10701879308970226
67627,0.025642844051929462
67628,0.18789981162531952
67632,0.3570841001273122
67633,0.4484443144688754
67635,0.22639459614168744
67637,0.9071032192635052
67638,0.10159081461692145
67639,0.10152701163215704
67640,0.37881420387425196
67641,0.3617994490530542
67642,0.28932638928486265
67643,0.02245399939264296
67645,0.12455265512638938
67647,0.10886431982693842
67651,0.1977014210286676
67652,0.3895372845558854
67656,0.022591701005942363
67658,0.3137677681995876
67661,0.23516204268917737
67665,0.08795646037974884
67666,0.021590251284697576
67668,0.5094981749075602
67669,0.5596784982556646
67670,0.30911560922385556
67674,0.33362933866977584
67675,0.08138452607790797
67677,0.046729787614854384
67678,0.4615889845583477
67680,0.3263972813493115
67684,0.05993297833945501
67685,0.16860337400859088
67692,0.20539541685791435
67694,0.22883823509430004
67695,0.3086685964628466
67699,0.38494909012221495
67702,0.03935092108161373
67704,0.07486781321184179
67705,0.06443956181789526
67706,0.2742050549102835
67707,0.16967259901054696
67708,0.10522047325815041
67711,0.23878439059336493
67713,0.22724618519759368
67714,0.06525736994742297
67716,0.10129462934856302
67718,0.18876897940359533
67723,0.04342543780576854
67724,0.13284893491870975
67725,0.06780761637118979
67727,0.19815843258831162
67728,0.11853191332850864
67729,0.41113846150049893
67732,0.2715395211886779
67734,0.22799115875809453
67735,0.32218965253793114
67736,0.02361416886705401
67737,0.22088392805756427
67738,0.3078581257923125
67739,0.2757026457053779
67740,0.05539811990684482
67743,0.12532866051739386
67744,0.2313352963709535
67746,0.10251861942443907
67747,0.0305029974778879
67748,0.05540983573289949
67753,0.04365414595151461
67754,0.0972231533403132
67755,0.0473470746169524
67757,0.35266066240200244
67759,0.08927149080231185
67762,0.11982312001861867
67763,0.28127065367431103
67764,0.31188788883095625
67765,0.06630990875035803
67767,0.35098885114960665
67771,0.10284358057315596
67772,0.04989935630035044
67773,0.12350215022064912
67775,0.05072261295166694
67776,0.12797939620368878
67778,0.6258932173141946
67779,0.06479941415308214
67780,0.09439894293503755
67782,0.3932452638149328
67783,0.34160387078521814
67786,0.27154825516063613
67787,0.43650046394597425
67788,0.19934442680450193
67789,0.12315712464541505
67790,0.46127075988129995
67791,0.11923700345426386
67794,0.18337227983716928
67795,0.02785469559815725
67796,0.07826291984769104
67798,0.11937745286340148
67800,0.27016297187623145
67804,0.5642448629495616
67805,0.32098470831247666
67806,0.10362817242444351
67808,0.09791361087934532
67809,0.3627722437212042
67810,0.14179594203697127
67812,0.6896417855578267
67814,0.0742863518554663
67814,0.0742863518554663
67815,0.34070376547314585
67817,0.09452770895497868
67818,0.06168786215417338
67819,0.07782156463145912
67824,0.034091077368841136
67825,0.18176368816965058
67826,0.022627591193142074
67828,0.05954778973841429
67830,0.22103371492035306
67831,0.34392160947697353
67834,0.06203578325578648
67836,0.16136088184537015
67837,0.2848446413264236
67838,0.8878403290136625
67841,0.4309770341269202
67845,0.06526198065198291
67850,0.29622343566249626
67852,0.3368533071274692
67853,0.023857138671492275
67856,0.164158061482405
67857,0.07778625113728453
67858,0.23950415443924178
67861,0.32016552010378746
67864,0.2705805782480395
67865,0.1368242710506938
67867,0.10216525966418195
67868,0.20945236479271448
67872,0.5441531197556885
67873,0.18253257873926007
67876,0.19936836343532033
67881,0.09169180047563041
67886,0.4374914249949391
67887,0.012030698850583336
67889,0.08192821567161607
67892,0.1636668707360281
67893,0.7342643426757115
67894,0.23345604312614776
67895,0.19458358116085392
67898,0.22592667112760687
67900,0.3650061589147554
67902,0.051242050289470126
67904,0.23152710142426278
67906,0.02588119167595238
67908,0.13407571545973154
67909,0.2418155429697218
67910,0.05984738876799318
67912,0.38069280106396025
67915,0.3176940426711547
67916,0.07190888639197394
67919,0.11431254697494053
67921,0.05828374554472927
67923,0.12153301625215797
67924,0.07248699703726252
67925,0.07822985330294914
67926,0.20057398599592205
67931,0.12188563748382931
67934,0.24778175004656178
67935,0.045453009964806085
67937,0.12563665135686386
67940,0.008962222159820036
67943,0.2713751036045652
67945,0.49699195482040265
67948,0.6882029611604942
67949,0.1066111714887054
67950,0.37352332595782956
67951,0.3335752952466976
67953,0.2538121109326914
67955,0.1917765767788696
67956,0.4021885034227712
67958,0.035636374504966414
67960,0.17870198909802565
67961,0.6092163358063893
67965,0.11248813349704569
67968,0.09048501314688943
67969,0.24445739966186217
67970,0.15606549977349493
67971,0.050018250784589026
67972,0.24119677533978273
67973,0.3132247306336033
67974,0.19837130635579278
67975,0.06629251262957452
67977,0.10695134515975742
67978,0.2609307298426015
67980,0.09080264795997099
67981,0.023099052719205888
67984,0.13497924215209733
67986,0.33081799971222137
67987,0.024485565726017816
67988,0.03740396446253398
67990,0.0357388531958852
67991,0.021450607137396417
67994,0.3124231618463182
67995,0.17353045661974761
67997,0.14817204819389226
68000,0.08937759949740265
68001,0.11493137362589492
68002,0.02296003890979763
68003,0.20545680208214454
68004,0.3462116840393107
68005,0.1157056270233058
68006,0.07553031773726802
68007,0.11607567858693796
68008,0.03801577544459895
68010,0.05986130345249707
68011,0.036342723704317605
68015,0.09146696241957607
68016,0.052068668083351574
68019,0.27807591123231223
68020,0.4874783940138353
68021,0.6086716678688101
68025,0.2818634284270285
68027,0.056756502738509726
68029,0.14048285431802998
68031,0.421794522821769
68033,0.19293855459686063
68034,0.06464990459464097
68036,0.07387163431852718
68037,0.11774398257037044
68039,0.01590029171125187
68042,0.22351333175927385
68043,0.2444027660676715
68045,0.48550889662101554
68046,0.17065367288281996
68047,0.002482158266596804
68048,0.029169312739487353
68051,0.19366043785631898
68052,0.29128325086772194
68054,0.12432100631582489
68055,0.344027560048992
68056,0.12440769606889467
68058,0.4015923580145979
68062,0.030427812960742266
68066,0.09556377925387707
68067,0.09078801059161531
68068,0.4104288077515808
68069,0.1521338575965635
68070,0.16421110886629653
68071,0.03818074744515322
68072,0.07290472673216421
68073,0.05500888391645958
68075,0.20575593576264314
68077,0.24353488381088548
68079,0.516506037655533
68080,0.3369880181191352
68081,0.0647911621494418
68083,0.19939266666662656
68084,0.0989096690867016
68087,0.0791105192702072
68088,0.09884418036516832
68091,0.23742420535048572
68092,0.19107694234286787
68095,0.29524046019010797
68096,0.3122876185511271
68099,0.1337700302161972
68102,0.034452716253047494
68104,0.06332983866397834
68105,0.0770879695724074
68106,0.19585956653763908
68107,0.06815295903046059
68108,0.12005470936047093
68111,0.09612228944892488
68112,0.9301247445571297
68113,0.12591783567397177
68114,0.1565042316325352
68115,0.13781591295585344
68116,0.32307182093640613
68117,0.07699227748724247
68122,0.08796062235785478
68123,0.28838003909114046
68125,0.4440661169050422
68126,0.061502138891324006
68127,0.05770990043843701
68128,0.3197051500703993
68129,0.010798456429512621
68132,0.08078715771649089
68133,0.07125890774798779
68136,0.17468593778903996
68138,0.019231983424219976
68140,0.06048602809984041
68141,0.05670969859841304
68142,0.28347792781808784
68150,0.31360359010437683
68152,0.08995481068328921
68154,0.6446859798173452
68155,0.15389410042856333
68156,0.2099072898700391
68157,0.08704019339731546
68158,0.041170871774596836
68159,0.027896500277852333
68160,0.17860781417214006
68161,0.3265381928090507
68162,0.20977280478581
68164,0.2562218722032796
68167,0.167547633666682
68169,0.2015540270999165
68170,0.09318659703885933
68173,0.1185190358531119
68175,0.2740637615058638
68176,0.05559713519003908
68177,0.3890530445365771
68181,0.017398122709297723
68182,0.32438833388838856
68185,0.1690473283507956
68187,0.1394060079862858
68188,0.06773894321386305
68189,0.16817546607042644
68191,0.04770153846914644
68195,0.14490079734064576
68196,0.07539042157547189
68197,0.1459958053259856
68198,0.07474505831011742
68199,0.05991141594744151
68200,0.06695897102055777
68201,0.2958291426719806
68202,0.39146640774190433
68204,0.16099081124257644
68206,0.24674023202862197
68209,0.2843051963948183
68211,0.27945004910722626
68212,0.07566874285812225
68213,0.27913434710269275
68216,0.09044744808116123
68217,0.27992043250274584
68218,0.00843621795559864
68220,0.13376065463533146
68221,0.020923416184220594
68223,0.07193745916498995
68224,0.058488448464704794
68229,0.12176394270674262
68233,0.2711032690504242
68238,0.19167242494013015
68239,0.1411951670783214
68240,0.6122359754791687
68241,0.007243394213341227
68242,0.2379332301925648
68243,0.2875737984435163
68248,0.032614882254667646
68251,0.050633815409817644
68254,0.12868386728717077
68260,0.07690817393834491
68264,0.1535918382329278
68266,0.11149545652399126
68268,0.07256203250862454
68270,0.22225176682793563
68276,0.04707301020928277
68277,0.335890325351814
68280,0.33447352202673675
68281,0.22743810758540017
68282,0.026369490261372572
68283,0.23229424237901197
68285,0.09152608002751406
68288,0.10876906128746708
68289,0.10910145087968368
68290,0.030837408748988906
68292,0.7366890091232328
68293,0.07052956300419479
68296,0.6995617328172483
68302,0.04123793405717731
68303,0.056466111627942926
68304,0.04347044914560996
68306,0.207084047255649
68310,0.09757952231294129
68312,0.2689799907401321
68313,0.5393335700093967
68315,0.2873089125224024
68319,0.026035241425495535
68322,0.0740875668306608
68324,0.2616170910651015
68332,0.07548986447201526
68338,0.2620548183449437
68345,0.1609499857577283
68346,0.0046021653672623855
68348,0.7739002028005526
68351,0.5264566357320369
68352,0.4978079701680146
68353,0.1459932052483795
68355,0.4677194809579806
68356,0.03536171154269604
68357,0.06987198716579211
68363,0.2584681701460621
68366,0.202290966457626
68369,0.186484969449262
68371,0.36771585580035326
68373,0.2437445239054721
68375,0.25560883568665194
68378,0.12669371799263898
68379,0.7642823420781661
68381,0.11248073809717293
68384,0.0577533284806448
68387,0.46183851695675987
68392,0.06977124170250346
68393,0.09201120895042124
68396,0.3161923062543662
70248,0.05815251557883354
70250,0.062326557489886227
70251,0.40294323650102093
70252,0.29671213381416767
70253,0.36500783221536603
70261,0.2426515301022612
70263,0.37843037412477193
70264,0.27490844444594836
70266,0.1233621514086065
70267,0.3340550853053978
70268,0.20283373535493746
70269,0.7922693628079333
70270,0.2587032401019762
70271,0.1907338794467178
70274,0.1824469380571111
70275,0.1819218937443289
70276,0.2787165255535231
70277,0.0814654794229739
70279,0.09649301083066124
70280,0.18819520294428105
70281,0.13578981847312163
70289,0.7547190480453503
70290,0.4979892099576055
70291,0.14789127252807763
70293,0.18272913775924038
70294,0.09061710607801901
70295,0.6794654206658646
70296,0.32569945790297655
70298,0.05295610082693064
70299,0.046132764299565594
70300,0.0973010824411987
70301,0.05111038931290832
70303,0.40297125938887524
70304,0.20014706707244684
70305,0.0898920876973492
70306,0.12073794769513521
70308,0.03513492412961859
70312,0.14605290850568756
70317,0.13935099552906147
70318,0.28308381572334135
70319,0.9126927746723519
70320,0.2986103298701053
70321,0.3444853701068601
70322,0.09130548829133013
70323,0.38347177805103466
70324,0.09228354007302984
70325,0.13727043629343386
70328,0.1047984776488232
70330,0.4744330783091759
70331,0.15516519279347393
70333,0.20861820830654934
70334,0.051642925060058596
70338,0.9797695247595155
70340,0.10995862771493402
70341,0.4178724263918098
70344,0.5825545154805629
70348,0.5475796077557977
70349,0.08467323826555673
70351,0.0957403055728064
70357,0.3567046237121137
70362,0.7428891753074718
70365,0.15430975496983118
70366,0.30088983923525675
70368,0.08719909827469949
70369,0.3048946142569299
70370,0.7327740233341473
70373,0.21698634526409102
70378,0.03649900537191891
70381,0.27386431829098684
70382,0.15670309380392505
70383,0.23711605388192872
70384,0.23244576381298682
70386,0.3673776924568924
70387,0.14772059416427014
70389,0.1440608739635949
70390,0.12157414638094212
70394,0.9232457922923814
70395,0.06159415442518627
70396,0.04192375802751057
70400,0.31966107431853563
70402,0.25817626659484333
70403,0.07926038972717156
70404,0.07588863250645642
70405,0.203953133019493
70406,0.15440754817994398
70407,0.4300927871639992
70408,0.10595750329029169
70411,0.2854463428368724
70412,0.3547509458321543
70417,0.18232506815356633
70418,0.3009287431785813
70419,0.8168439876002521
70419,0.8168439876002521
70420,0.20494107232518796
70422,0.9732401340750295
70423,0.23979657095118995
70424,0.13621841383685282
70428,0.0282718449648733
70433,0.5392004759411995
70435,0.41917585011262143
70436,0.49842928502528183
70437,0.26101301883615186
70442,0.06599571303674413
70445,0.3204415632215149
70450,0.2919949607536219
70451,0.2185513474683633
70452,0.38637085109450237
70453,0.06466865828385907
70455,0.21151770328392563
70456,0.0023090191694815155
70458,0.34507251682039136
70461,0.9007667055061708
70462,0.07278737633038174
70466,0.46434319106555605
70468,0.1577216457040804
70471,0.06445694540403167
70473,0.1705914900628184
70474,0.25399310767704847
70476,0.38428309281397655
70477,0.3992206428512546
70479,0.10588825540213831
70481,0.36437983369868876
70482,0.09275766182548949
70483,0.11981928726837193
70484,0.27390143253592175
70485,0.33584292494354145
70486,0.5448200805874851
70487,0.08515234375590489
70488,0.6579482854917555
70489,0.20581556751130997
70491,0.23774538939171289
70495,0.19910282893654532
70496,0.2780200576561114
70497,0.07436837663649257
70498,0.24000341882141082
70499,0.16478851195937355
70500,0.20720519738024595
70503,0.06027038947758645
70504,0.11928821519474718
70505,0.30279966212812054
70506,0.05470367881681008
70507,0.17959460846816758
70508,0.11787589323744173
70512,0.17313605716416416
70513,0.08665513586289865
70517,0.20829325705958346
70518,0.12127241719976707
70520,0.28797739023355573
70521,0.1466434730363674
70522,0.09683938691132482
70525,0.29234419674673123
70526,0.2229336129586503
70534,0.019945902476891
70535,0.16200984549797764
70537,0.6970009018345605
70539,0.5322918403264734
70541,0.28119317300653945
70545,0.31369445944049507
70547,0.33546981485988137
70554,0.06695091496969412
70556,0.1273432354594829
70558,0.9865144611701617
70559,0.3226490551545967
70560,0.22926503269027704
70561,0.9099810881200705
70562,0.9899659024292871
70563,0.4431777138231708
70564,0.2105307023173528
70565,0.6608439871092949
70566,0.0914754384565812
70567,0.35150009679011907
70568,0.23874277084110312
70571,0.9617040550518478
70577,0.18169848847283718
70578,0.23202351532833337
70580,0.22692304259405557
70581,0.2510073680595256
70582,0.20674604554999765
70583,0.19569835452978926
70584,0.04453287838436836
70585,0.5153389605813737
70586,0.23968268955945346
70588,0.29890524254073336
70589,0.13181110448335737
70592,0.30931677712686223
70593,0.3030484495018136
70596,0.2951877111275269
70598,0.18837625605783415
70603,0.3343297576352449
70604,0.2857811695686814
70606,0.0349282281286857
70607,0.35556726265385025
70612,0.05243600096855316
70613,0.5447603511508606
70614,0.35283705584362063
70615,0.2023620831985132
70616,0.3981090125928986
70624,0.4029033158149801
70629,0.37206171129742993
70631,0.8857877341732671
70632,0.3474570876933042
70633,0.041126941890054544
70634,0.15328019219508388
70636,0.3651718748644443
70637,0.1422925288376162
70638,0.0073167931042154525
70642,0.10531669253393171
70645,0.4888278019911126
70647,0.9167367031278564
70650,0.7720408273484145
70652,0.052610754982462135
70656,0.4252335967389215
70657,0.13293246747170342
70658,0.5069609047588938
70659,0.0373700755818767
70662,0.6523228093681055
70669,0.06686745895388702
70670,0.2287956818696233
70671,0.1592921356352538
70673,0.39572475945182833
70676,0.0987425961715837
70677,0.16397175273985817
70684,0.6978942692231217
70685,0.2047735161667518
70691,0.6919423090519417
70693,0.07181395107421591
70694,0.22965770507484629
70695,0.34930884421461206
70699,0.5082443699071781
70702,0.8243233286188459
70704,0.193806889698083
70705,0.21817928118745492
70706,0.15654243234027693
70708,0.11089949837183813
70709,0.1840931624510307
70716,0.30427614960247784
70717,0.8567638540427187
70719,0.6237433352151907
70721,0.123920496578275
70722,0.39954519128453575
70724,0.13745961850030738
70726,0.041217128526214286
70727,0.15375241701874212
70728,0.3970144794627842
70730,0.2056792165090665
70735,0.9596485799861783
70736,0.4330369608237356
70738,0.07034092624405443
70739,0.17788949611894223
70743,0.8614232745057114
70745,0.6416424922064797
70752,0.16645422929035023
70755,0.09413345256713032
70756,0.705903856400191
70758,0.12299731011875135
70759,0.33188243176532284
70760,0.13396947814141946
70763,0.3649486263199918
70766,0.07517700250645104
70770,0.14129213150823175
70773,0.3344281125995926
70774,0.2998448282195274
70775,0.06667916176760427
70777,0.1734244786059626
70778,0.3467226142611259
70780,0.12330547294158857
70783,0.15253046050301414
70784,0.5269230703763297
70786,0.37468840692754257
70787,0.3115952552537417
70788,0.2423078740110112
70790,0.19428922198159948
70792,0.242573252531196
70794,0.29932266209255476
70797,0.08040114286644522
70798,0.1101475117823634
70800,0.12069688468822559
70803,0.12926088099217445
70804,0.35491313770522176
70805,0.10403757562440123
70812,0.16594091328485402
70813,0.17882432593335573
70814,0.28025874943431195
70817,0.49690839744421156
70821,0.17619325604999206
70823,0.10884213006983427
70825,0.6596167553607672
70826,0.023889301460804466
70833,0.4548278514229264
70834,0.4185317011094636
70836,0.15812416902629367
70840,0.22289869389958286
70842,0.2548268130399082
70844,0.5238407753933795
70846,0.3361857613897358
70848,0.07101386431919965
70849,0.44451437376544295
70850,0.869029919730807
70855,0.23823510517122817
70860,0.2115976078362562
70862,0.06163406132998338
70864,0.16866753074218532
70867,0.30828210282237317
70868,0.10840485878292423
70869,0.014686906237601194
70870,0.07879113323949996
70871,0.0650022641355951
70872,0.29854696841849876
70873,0.100261708007885
70874,0.30243924411618983
70876,0.20203128313164445
70877,0.39319714061541405
70878,0.025178942148273074
70879,0.17291209995655202
70880,0.9563896779937302
70881,0.062408663518356215
70882,0.09165007270396203
70884,0.13185700623692517
70885,0.3879686197681133
70887,0.07219053056987425
70888,0.35128622760562045
70889,0.31798524326964084
70892,0.2903851274865152
70893,0.0756680832651481
70894,0.5986895202517061
70902,0.041422846601588376
70903,0.21580697097991525
70905,0.4231133051318764
70907,0.8071688492463788
70909,0.4196865053611437
70910,0.8312528067979073
70912,0.0585016818289162
70916,0.1579144265494988
70917,0.020633975190323124
70918,0.13370645984182622
70920,0.08620731747430642
70921,0.5676416711732594
70923,0.25206461748182263
70924,0.5994872431743499
70928,0.8582931036443162
70930,0.5350647477389308
70934,0.6910872596087194
70940,0.11511157658451207
70946,0.4390605593898093
70947,0.75895306671519
70948,0.1985643955374519
70949,0.23641681674907009
70950,0.5305817765042018
70953,0.281654709956709
70954,0.5079301187547633
70957,0.5927814145793354
70958,0.5354985030562585
70959,0.16466753030816095
70960,0.6027434740860268
70963,0.1906973450762134
70965,0.17725470929421852
70967,0.05216522255255058
70976,0.23136848536704002
70979,0.09271727433846837
70981,0.47925411289482145
70982,0.1746150511242234
70983,0.05294946310116748
70985,0.034328214291631215
70987,0.10358670769592145
70988,0.23805225542939396
70989,0.20662020837659664
70993,0.8363993461417252
70994,0.8828013355337541
70999,0.008460837683488289
71002,0.12094109017643066
71005,0.4247198720268773
71006,0.029309162327175856
71008,0.19916399907556684
71009,0.30312144321097867
71010,0.05032526209681042
71012,0.10739276804543693
71015,0.08040545642769809
71017,0.28508353571796347
71019,0.03460850005357573
71020,0.27805596157249085
71026,0.46818606742268887
71027,0.6506652116471688
71028,0.20265366749769947
71030,0.9334620391077241
71033,0.21920260879538184
71035,0.28985756436745574
71036,0.2036541360509692
71038,0.923689170069263
71039,0.1415380270050857
71040,0.14656409382074043
71043,0.04077247947984489
71045,0.1523360782211419
71047,0.38462181324181605
71048,0.27085713663069366
71049,0.3934342515925941
71052,0.02716417675019681
71057,0.14627388948385156
71058,0.4324778512476027
71059,0.11185663765250675
71061,0.461593217381143
71062,0.10352011206176356
71063,0.47372840397059424
71066,0.32624698941814245
71067,0.49414603745132574
71068,0.04969757715866474
71071,0.032852713635570296
71072,0.07282016117165623
71074,0.08310732606234332
71076,0.8690604059486653
71077,0.3017762739285148
71078,0.2260857669632584
71081,0.445448042085825
71082,0.03883620623482905
71084,0.012721719474856568
71085,0.2611888571308741
71086,0.14885538256874453
71087,0.1658420840841348
71090,0.11918371126401911
71091,0.38033514877655505
71092,0.3446751492634254
71095,0.4201639978252127
71096,0.39201307164268423
71098,0.45308596997635026
71099,0.24627354680273408
71100,0.3793316747654091
71101,0.3504426882444347
71102,0.25246974152034357
71105,0.3669775948018963
71108,0.2406164664146303
71113,0.2375854764056705
71114,0.33213720732499274
71116,0.13605023318166365
71120,0.8056078680348193
71122,0.3092545926422355
71123,0.5213400697730571
71126,0.20690903340257763
71127,0.47558502225730226
71129,0.2501467924289389
71134,0.05879023800064837
71135,0.36353896269357355
71136,0.09781712745003672
71137,0.07859910910983141
71138,0.29951466743715044
71139,0.13937673999254788
71141,0.2548885474449486
71143,0.4126254127328048
71144,0.09784350662762159
71145,0.17099556027693225
71146,0.6505383801020903
71148,0.10206020064394863
71150,0.16301005124175896
71151,0.029396058532541694
71152,0.026493150760863286
71154,0.060326284766315456
71156,0.08649426303329259
71157,0.0848074462985856
71158,0.22054742948061373
71159,0.7720482170062618
71160,0.3925726378854611
71163,0.32197161703067073
71164,0.18300888576813937
71167,0.029786220613224675
71169,0.06873258418493039
71170,0.29992889579401394
71172,0.12689748477868745
71175,0.18814611473929013
71176,0.43009579315766766
71177,0.13680544090344846
71181,0.923664964341402
71182,0.57230730877866
71183,0.9702035365432964
71190,0.1287477257322778
71193,0.27126974705131457
71196,0.19816253720068813
71197,0.09763496364194263
71200,0.12379923480277288
71201,0.35648585894366275
71202,0.27374125267746147
71203,0.21318079582932722
71204,0.1409998892366477
71209,0.15520521827550074
71211,0.15445336875544843
71214,0.6130936849671126
71216,0.010805438835147542
71219,0.3354753449719436
71220,0.023018221703083278
71221,0.10991897443705767
71224,0.8676043452372455
71227,0.453787103168166
71228,0.07625110289586388
71229,0.41460714637493146
71230,0.053692467459512255
71231,0.501174159984858
71232,0.26790138442505695
71234,0.7630467524512011
71236,0.6146268853601894
71241,0.2829350577112125
71242,0.12222203587380802
71243,0.3434479853176686
71245,0.15538453683135656
71246,0.02277049395043403
71247,0.15497087925979847
71249,0.08511354356104602
71250,0.0641299039403187
71251,0.10760806626798829
71252,0.07698281671105585
71253,0.10649128887047066
71256,0.2394429118393575
71257,0.2671235574441054
71260,0.15517459751219442
71262,0.2797710874749817
71263,0.22942995623246798
71266,0.12016857897806242
71268,0.07242968549648389
71269,0.9944755182816687
71270,0.09820799307074046
71271,0.4739432549793262
71273,0.15583603137666543
71274,0.651279673557789
71275,0.14203890351469814
71276,0.020527449016837913
71277,0.35119727303142256
71278,0.05966004566721836
71279,0.7303744497102671
71280,0.3269247899963864
71283,0.5121264142581061
71286,0.27541949158294365
71287,0.64987399148423
71291,0.05319212529028183
71292,0.2698671565571244
71301,0.1613290622401919
71302,0.08396254748742844
71303,0.23182871428415452
71304,0.4318598000541025
71306,0.7164782655919335
71307,0.12843261228090927
71308,0.17242901665585256
71309,0.4646078543579637
71312,0.05452733795585117
71315,0.06334014232700261
71316,0.08656666863009566
71322,0.15668806701575558
71323,0.0935682879899932
71325,0.08783181729624324
71327,0.9684437370726087
71329,0.20899542309335284
71335,0.31010533428141207
71338,0.7211135464951918
71339,0.1970923579387558
71341,0.40554589189566337
71342,0.40463687485145744
71345,0.19046897573718094
71346,0.22620257336397748
71347,0.040905259919607403
71351,0.7840109541901651
71355,0.4401323411204466
71358,0.3261548748242313
71361,0.5832267642248679
71365,0.6881809122688449
71366,0.37940405659097626
71369,0.05246927268960531
71371,0.16258643513827425
71374,0.04246197890895134
71376,0.045351690530469585
71377,0.2190472064777299
71379,0.14264740791696331
71380,0.1984087100707044
71382,0.101465051736474
71383,0.2302362040165987
71385,0.02830716144330006
71386,0.1935448007294711
71387,0.17986595303239145
71388,0.08053555432398571
71390,0.9111639371794201
71391,0.21434300401943365
71397,0.24718633928972467
71398,0.20378530372647263
71399,0.160948645386583
71402,0.701483420349494
71406,0.15830330195002953
71409,0.016653507804858414
71412,0.0705773275287539
71414,0.01672329912983351
71415,0.12116013568863968
71416,0.041588064096796135
71421,0.17799054646159465
71425,0.010597732175043081
71426,0.08906671147475317
71432,0.419337504475405
71433,0.8219465047417424
71436,0.9856108235484871
71440,0.20967609911258778
71443,0.21827332175660555
71449,0.05718268831899421
71451,0.05853230315716435
71452,0.23244472132600752
71456,0.8009629571257234
71462,0.13149759300733152
71464,0.20532296522343163
71469,0.3578331016014302
71474,0.12289882856983277
71476,0.3809799565878268
71477,0.2533079033840492
71478,0.14075404595874547
71479,0.5788802548122393
71481,0.281116350594265
71487,0.9824774776405585
71489,0.35793813018662807
71490,0.16435203757313374
71491,0.28900901403312634
71493,0.05830520272381723
71494,0.3157001004121607
71495,0.0887072810982514
71497,0.2117681386498354
71498,0.2089253635471138
71499,0.11533110483267912
71501,0.08832616932927184
71502,0.27020724249931966
71505,0.21617018445872002
71506,0.1771749928175243
71509,0.4777252380463364
71511,0.28093152159808604
71512,0.07239479081316262
71513,0.48677180071385356
71516,0.1758412577980024
71518,0.14484585667897018
71522,0.013542387125697837
71523,0.28801731741905423
71525,0.23523529179181102
71530,0.4433041890584628
71531,0.5059160665223894
71533,0.569490049537719
71534,0.49786442718480345
71535,0.19387036551357467
71537,0.4285383603874351
71538,0.42439382936660847
71541,0.11391513401634346
71543,0.7527397828265563
71548,0.27348520596099446
71549,0.3146412901869252
71551,0.4471918799894217
71559,0.11400924397087127
71561,0.8688678646464928
71563,0.22816576132719493
71571,0.2269580127331283
71572,0.07484006637691538
71583,0.5762413203373696
71584,0.25638636108970847
71586,0.03609178912906837
71588,0.26815054432361646
71590,0.2003565223125681
71592,0.35690083975344267
71593,0.08714193766049438
71596,0.30025325408753956
71598,0.2760832491771807
71601,0.6057550305672855
71602,0.3533531500943891
71603,0.4622030994897812
71604,0.2530523825444306
71605,0.08127875626620522
71607,0.025699806915509302
71609,0.13182165335210203
71612,0.14218013297846674
71614,0.03153214824077126
71615,0.22240959880703953
71617,0.2621933898759725
71618,0.34043164350351784
71619,0.13482696249403747
71621,0.10246157579701537
71622,0.6692403181928234
71624,0.25401696725124384
71625,0.8895918576168707
71628,0.9935092371687033
71629,0.031293795150819974
71631,0.301501146011741
71632,0.9069735475886126
71634,0.4805208264859563
71636,0.91479557310054
71641,0.6286612337633802
71644,0.4984158519668316
71645,0.6906444204745064
71646,0.5449858648252865
71647,0.12580385038562902
71648,0.1617456297547692
71649,0.21562362606372953
71651,0.33321665887457114
71657,0.06924904043241753
71658,0.18089096057494658
71659,0.04303538409088356
71660,0.07297190213457883
71662,0.3721782358428669
71664,0.3444588011047814
71665,0.04910347862949238
71666,0.10212950601141274
71669,0.3145855964556602
71671,0.11753644210076274
71674,0.565931768524678
71677,0.13481669140000374
71679,0.31096903667058
71681,0.891881322033245
71685,0.3805646792447013
71686,0.076364121884927
71688,0.10851552596625152
71691,0.11199242886096455
71693,0.08539937511721328
71694,0.08468766964902893
71695,0.32813155171960556
71696,0.17049506887715976
71697,0.1601745633294594
71698,0.2675837092969798
71701,0.0026326470243794274
71705,0.06302276987440529
71708,0.1037409354520101
71709,0.048165675760003655
71710,0.19411753501597132
71712,0.09354377918880379
71713,0.4365078997438957
71716,0.3539463339516557
71717,0.11695264008755292
71719,0.2874230553593216
71721,0.12460356167995083
71722,0.066074564352707
71723,0.45553422782484476
71724,0.18934138308802814
71725,0.2954306632844464
71726,0.06281827283253426
71727,0.22166018474962815
71728,0.17969841319025268
71729,0.08980762140751382
71730,0.5019987964257108
71738,0.27811555958770123
71740,0.16125292104619257
71742,0.22311382575762817
71744,0.30249517356349576
71745,0.18473074942171192
71746,0.1513325022487472
71747,0.13063472814616772
71750,0.10115828263522157
71752,0.3238245155679053
71753,0.03482573771744877
71754,0.19845258119811424
71755,0.003568117201714023
71757,0.12662097654981494
71759,0.35994096662231034
71760,0.15139928642283262
71761,0.24763846150158283
71762,0.09539683486281818
71763,0.1660378011797056
71764,0.28464732346869476
71765,0.30302220199294855
71768,0.7848900348878369
71769,0.5411585998558911
71772,0.015193756976098446
71773,0.2895739499579768
71774,0.10938645312176681
71775,0.411331891391827
71776,0.10027885807703134
71780,0.07124740030693487
71781,0.14284000423833906
71783,0.1395224193290896
71784,0.009325402947289433
71785,0.11309367411200968
71788,0.35205587416269263
71795,0.06265398100363972
71796,0.027345389415268442
71797,0.10639682998090233
71800,0.57589622973134
71804,0.23884674226901045
71805,0.09078612277465752
71810,0.814678475094649
71811,0.10865715549602327
71812,0.13394726727728234
71814,0.3237046239439801
71818,0.11493688274653988
71819,0.0457495938191124
71822,0.3660992818701634
71823,0.3405491640835522
71825,0.7796241125959572
71826,0.050024949260775164
71828,0.15903173657368758
71829,0.1259160981536943
71834,0.2876838628750623
71836,0.19867854569001342
71839,0.1835343073212814
71841,0.08129302570088416
71842,0.19465048966185344
71844,0.10580245790046204
71845,0.48641072966832416
71846,0.220528857578592
71847,0.2755538965913632
71848,0.1641376885121663
71849,0.4136088173684666
71850,0.4306750151473242
71851,0.12311964900151615
71853,0.13690605540242895
71858,0.18381228257821464
71860,0.07784325454848846
71861,0.9645090558332597
71862,0.07510257839517151
71864,0.16594162985776703
71865,0.7092667443633424
71866,0.16233082909256955
71867,0.37704430761308727
71868,0.13506667368657235
71871,0.2109162899861484
71872,0.1675697190541022
71873,0.11139988271502414
71875,0.33938688071252976
71877,0.9907952996796159
71881,0.28973668047916246
71888,0.32700595517442804
71889,0.8046476852402199
71890,0.1037796447001318
71894,0.2956331335384153
71895,0.10748112495470163
71897,0.21010897024268568
71898,0.08581671795426714
71899,0.6968151688700523
71900,0.9559874848710009
71901,0.744232458672695
71905,0.8882551991601231
71907,0.029481219380691745
71909,0.3706294500259184
71910,0.47742983247117493
71911,0.05672181528718355
71913,0.05449693885125878
71915,0.1722701824452457
71917,0.1806873887642416
71920,0.8642861387868384
71924,0.12951792257180467
71925,0.04838875992969805
71929,0.20536196638574886
71930,0.07918674802191189
71931,0.4671030252005411
71935,0.05473539240464377
71938,0.1239231881257112
71939,0.44013481577854796
71942,0.15359962043313438
71943,0.2489307821155785
71944,0.015026158596566678
71945,0.34410512028053863
71946,0.24754896912056829
71950,0.31872651343812747
71953,0.43262254438922665
71958,0.18007512051993477
71960,0.20968867350651502
71962,0.16633748686408817
71965,0.5992323492121329
71966,0.1416642721128228
71969,0.10621901884303052
71972,0.32973500362492214
71977,0.04303425172332947
71980,0.09184069748071168
71981,0.22610259483353579
71983,0.005792869585743017
71984,0.4844135423954975
71985,0.06295548978389809
71994,0.35457041357492797
72000,0.12397121807652604
72002,0.07315922429750349
72003,0.5165842087363275
72005,0.39299111526863323
72007,0.1421578140809862
72011,0.222822517945669
72012,0.04085197660546149
72013,0.12431283373436215
72015,0.24231608674058278
72016,0.11079868343864772
72017,0.045271453343294715
72020,0.017103729413999694
72022,0.3208844645292698
72025,0.0522656257266711
72029,0.19323285408692908
72030,0.17166989377994957
72031,0.1195655224116748
72033,0.11216452225550837
72037,0.1671257165213209
72038,0.3164455863779378
72039,0.3950716102697766
72042,0.487089471168025
72044,0.6659952346356868
72046,0.21473909295757956
72048,0.42751914045863976
72050,0.49351173986939917
72051,0.39833534366370404
72053,0.5318066277462925
72054,0.12056044551894203
72055,0.23484226717830403
72056,0.3283366725088949
72057,0.5209421349630143
72058,0.6653996445138669
72059,0.6114426880375385
72061,0.10465713993276729
72064,0.4988161367322771
72067,0.1955956130968035
72069,0.03910393103896854
72072,0.2073480012905438
72073,0.29665990094352124
72075,0.49741644006012486
72082,0.7850446463448644
72084,0.9793788405031576
72086,0.09013967763424617
72087,0.023913307005507162
72088,0.3862782078105634
72089,0.019680432370833657
72090,0.07733177258501678
72091,0.15678280465518862
72093,0.6417127454979452
72094,0.14944220219973636
72095,0.2008585313007067
72096,0.23685757205312563
72097,0.06051308663161175
72098,0.057795881834961496
72099,0.023479014479432167
72100,0.07778804364387334
72102,0.03753645825924277
72104,0.29013697868239813
72105,0.16599885713481968
72106,0.06487555485224367
72107,0.07829514034175893
72108,0.5294034846255611
72109,0.3268306792253493
72110,0.4595738998444556
72112,0.34573157631953016
72113,0.3364807729071541
72114,0.4975631381311166
72119,0.00992764885924013
72121,0.20640590668434433
72122,0.030681894507043728
72125,0.1348185195953614
72126,0.8884072018557514
72127,0.333779596390908
72128,0.2002013750611408
72129,0.07235352351521586
72130,0.44256647652444364
72135,0.15712398888452017
72137,0.2211880815847366
72138,0.31305611514372506
72141,0.08267759277732344
72142,0.09178831263673547
72143,0.1326489527990904
72145,0.07704917051303628
72146,0.16463039740933808
72147,0.30603685930210467
72148,0.27703285785243
72149,0.10580822548058566
72150,0.14283723882073926
72151,0.49519018849347163
72152,0.14505690783320377
72154,0.2029070226534357
72156,0.09389301259507875
72157,0.165841538856434
72158,0.3148190519446147
72159,0.059197010450776064
72160,0.05664722387851522
72162,0.3800709264387356
72163,0.3406320658373776
72164,0.08052962613912278
72165,0.3980390099552542
72167,0.20330442031463977
72172,0.1392865626796056
72173,0.13405628850551798
72175,0.1547891215406783
72177,0.30941898808524443
72180,0.27781107881581524
72182,0.24905220743893489
72183,0.0046282887496772
72194,0.054074994564893
72196,0.268379709442135
72197,0.11631796927801036
72202,0.09723653417855369
72204,0.14199720465804772
72206,0.053972216220424106
72207,0.2076230630543072
72208,0.3977029559462031
72209,0.17292685568318528
72210,0.18786032894204188
72211,0.2993075380487566
72212,0.17832267679674732
72213,0.1677666922230364
72214,0.28244844109571887
72215,0.021479695642515836
72217,5.593994854433538e-05
72218,0.03840304378140689
72219,0.7934961613270807
72220,0.13753864277995614
72223,0.17542037120537063
37479,0.013749786381465472
39014,0.04978276182075632
39412,0.040364061375660155
39780,0.05026928231056239
40204,0.2922263092859274
41728,0.13035699326866945
42124,0.05136747283414754
42956,0.1679084955903012
44195,0.0292440424278424
44197,0.10396307299920655
44211,0.2914551136874491
44212,0.36176223772579713
44214,0.14998352748542848
44216,0.8483135444184925
44217,0.31153767067269295
44219,0.23458672018747745
44288,0.2461157995727175
44325,0.17896873323376097
44335,0.03563951301167706
44344,0.14518723529034064
44345,0.04091860253799072
44346,0.11286146548163117
44417,0.5520016608721519
44418,0.5076864453776694
44420,0.3718317224684813
44546,0.06557335546150223
44685,0.026899548670805087
44711,0.13808784857045853
44716,0.44217343400581527
44717,0.21407728099714723
44721,0.09992171589225546
44724,0.4017407029261517
44748,0.02128979100085712
44754,0.23065964129724145
44755,0.1348777305095444
44756,0.2769221443121294
44757,0.17149178008530877
44793,0.5153948265476427
44798,0.8898941510708285
44827,0.1557200899341059
44845,0.6340258087221536
44846,0.3786247893781032
44849,0.2321614893979954
44878,0.6848758043313526
44937,0.3544374566520516
44944,0.03428923467349741
44948,0.05579157255652836
44957,0.10381095313719386
45017,0.1831928326531741
45034,0.10220496747765638
45062,0.01572557867576772
45066,0.11069204310139423
45080,0.3208627894855767
45081,0.3808544130141414
45089,0.41946726804240125
45090,0.07063320650620501
45181,0.20678790578316222
45184,0.04509736734509736
45187,0.973856818180613
45252,0.6265827807739454
45253,0.3020045729620733
45254,0.12822317943792608
45256,0.08874803553311601
45279,0.03767722045340563
45304,0.09812853602333822
45305,0.12063733738396885
45309,0.2659510193258629
45310,0.4852268643707274
45345,0.029502966008664477
45359,0.02575785915916547
45361,0.10498934185414673
45463,0.06159953169500942
45475,0.16411727735619186
45477,0.04709471148724368
45478,0.02233271188809553
45524,0.10805055522067249
45530,0.06644946768286938
45533,0.19617935818898175
45542,0.3059478970372813
45562,0.07915169625999503
45568,0.08808469594371077
45571,0.09001339560301161
45619,0.24034576095648905
45620,0.34185229468531486
45629,0.5172080948757276
45642,0.1431640434969109
45744,0.2547573727121292
45746,0.053657831054659676
45811,0.060295730282893416
45818,0.150842329898169
45823,0.07196594944456422
45835,0.08590661797925993
45840,0.06668343143439512
45841,0.09565620301153363
45850,0.020064354903423526
45853,0.0408873545167922
45864,0.15289462050543176
45896,0.2804255883368904
45906,0.07658531255526367
45908,0.03748956124912141
45916,0.10200833035113596
45925,0.04561080945186197
45926,0.11497531041855044
45936,0.2850838858669083
46010,0.15968403841742884
46052,0.08603784981328473
46092,0.43200970335451344
46101,0.2877876881660622
46136,0.0645609578637985
46155,0.05776985159204118
46159,0.0715591022475286
46161,0.1537705015264847
46178,0.1790115031779516
46263,0.18811746370303495
46265,0.06365731501381804
46269,0.07937189762937617
46273,0.04372116767971038
46351,0.021605070713695895
46357,0.16097331999237222
46358,0.35251121866256124
46366,0.02182081576523941
46403,0.044857327516648234
46423,0.8000766211585459
46500,0.045644985155887496
46503,0.12506704741471458
46507,0.018858233145298536
46552,0.16009139368589623
46558,0.13713060938616214
46564,0.01313101466003136
46569,0.11691334212863813
46573,0.09913906472440695
46582,0.11845706976963752
46583,0.13525237345107358
46596,0.13974355211278952
46598,0.389998579831223
46645,0.06621744310023751
46713,0.02618899233803341
46727,0.30008090447860564
46787,0.75484835623549
46789,0.00673115485640579
46793,0.09495941279900529
46832,0.3713157212527778
46888,0.024083831342376173
46913,0.0714118356278148
46918,0.12604227387423797
46922,0.2953873654806283
46982,0.28291271765297915
46998,0.15302769859412518
47006,0.23092213876664328
47011,0.2356318431994839
47013,0.17959205629014682
47026,0.037194755927170094
47052,0.7620756451676505
47099,0.32686439743072343
47102,0.2631191794992926
47187,0.04352874438775583
47191,0.562992713258015
47192,0.7828119912797896
47195,0.1794516994952975
47204,0.6662339132491046
47205,0.06250923367939493
47212,0.07179774261290232
47224,0.09747247034093863
47235,0.3042139839691704
47236,0.014908471793431445
47239,0.047853577763544285
47242,0.10293801582524205
47329,0.7545183590671134
47402,0.051806769554691066
47405,0.4352551407420109
47407,0.4039280009545918
47408,0.12019088085290476
47421,0.36042481260895587
47422,0.5265539885956575
47423,0.07769133589502819
47424,0.10524325512127757
47427,0.07399932341219996
47428,0.10959651985688051
47430,0.8940724786733045
47507,0.4718061548766925
47510,0.8617970847108058
47514,0.1563435167321426
47550,0.08212566082898533
47555,0.059227795292307574
47558,0.04892252148116625
47566,0.3033134294253475
47568,0.049178255032211425
47580,0.6981442652438171
47581,0.5480937787403237
47585,0.09552352665561788
47600,0.09941646853884052
47601,0.36918932921383113
47670,0.015267958512673525
47675,0.13247532633617196
47679,0.25229843634295096
47690,0.01757549621529101
47751,0.06601909013173217
47769,0.05405818936397671
47778,0.05230663859901804
47781,0.16812223448482871
47782,0.19982872872853838
47891,0.14935522001889703
47901,0.055040714149601856
47904,0.3890733098565645
47909,0.8765487206849112
47913,0.0598602406170067
47914,0.2694804546400443
47970,0.008941961653105311
47979,0.10061054335371908
47998,0.5878348533076532
48003,0.048570904556470174
48004,0.09286719515197706
48036,0.11894476895658221
48071,0.3975692621488991
48075,0.28225301237743855
48114,0.3488929643873234
48120,0.6045507796252766
48153,0.02852552213506493
48170,0.3659203474492789
48171,0.40823184117547223
48178,0.03265299944185115
48179,0.07596089701773763
48187,0.5316552102894804
48217,0.2815624107303355
48285,0.26076229429706854
48363,0.12659000393232217
48369,0.011450916238967376
48379,0.16339276722739568
48434,0.43243961883357107
48489,0.6588333713366071
48492,0.28306088163989246
48494,0.16592699877643202
48495,0.13741470205273795
48515,0.23569187938458264
48538,0.11907251042248888
48588,0.06180566166333712
48616,0.019403068387199386
48621,0.04656284949033082
48732,0.7950222758690111
48741,0.6614947748835777
48743,0.6332825961007832
48748,0.2291025323539669
48762,0.038390141228952374
48780,0.013720921676505625
48809,0.14571468047727668
48815,0.08212340744026521
48821,0.6832412451247979
48926,0.3144619228486683
48929,0.2846902715668024
48955,0.4642553293508869
48958,0.06680295193666444
49010,0.24651755405185283
49014,0.16513751612082192
49015,0.13576953136373704
49016,0.027383013692924528
49025,0.03513484998281329
49037,0.04293114935571302
49044,0.14732222103633888
49147,0.20573639740771776
49180,0.05451752316917388
49181,0.2045768012660118
49184,0.39657214507484284
49188,0.40415204825305534
49193,0.11620606462764888
49194,0.30779016624545125
49218,0.04240150105275841
49250,0.08337349806855987
49268,0.51643026773659
49273,0.274299465616129
49276,0.09062582825573631
49277,0.2026692933396388
49279,0.5367754550414299
49374,0.20090551502061627
49376,0.11047515572001
49380,0.2752718224849268
49404,0.4318433077233714
49405,0.09368375677740957
49449,0.35789281337553075
49451,0.1424404072162471
49454,0.1016810705000511
49472,0.011264336250672483
49475,0.09256827990693901
49476,0.12865808012400284
49477,0.1202960654710153
49478,0.3098093130695054
49481,0.30441200693241555
49484,0.515567887710937
49485,0.09396067447566882
49511,0.05226860482666768
49529,0.29096809738118173
49675,0.011315431585082662
49679,0.05872396370076391
50171,0.39152116168894424
50172,0.29215309083444035
50173,0.31475801539400167
50179,0.08313097814220115
50182,0.4085224352988655
50187,0.682936658980664
50189,0.3612433202185019
50190,0.2268313138276513
50191,0.09226943119128873
50192,0.35408353001630544
50194,0.4368946036387995
50199,0.32934719007262747
50200,0.15979831104834097
50205,0.06327775517543449
50208,0.04944688900631431
50211,0.1168072399362533
50217,0.0885292641887313
50219,0.05570760419947925
50220,0.12634895460760512
50224,0.7238105580296242
50225,0.8607581266213202
50226,0.39243232791034655
50227,0.6085664789708468
50230,0.3284914639343081
50231,0.6579492653935399
50232,0.0649314651428831
50233,0.017145619748752835
50234,0.7394998535641363
50237,0.6868379678823664
50239,0.3276874373958027
50244,0.14937616634774176
50245,0.14486004108979483
50252,0.04557895813680523
50253,0.8558343002105002
50254,0.3424305241454583
50256,0.3349919059388181
50258,0.31290880153779177
50259,0.26735325561832146
50264,0.2725649925795602
50274,0.08509057136764506
50276,0.45102397109008835
50277,0.2534318455346691
50288,0.036891217055000744
50290,0.268809349502972
50296,0.06915102383539584
50298,0.03298713660410524
50300,0.05157948636042698
50303,0.24658295604124883
50307,0.0680612270655737
50312,0.03768164297888276
50313,0.024314745165435796
50314,0.5745608464319112
50316,0.047113172842161294
50334,0.029981426153053277
50342,0.03729470352319629
50343,0.8518676308046392
50344,0.7907135054815251
50351,0.2497041891682924
50355,0.6041732612522636
50358,0.7822433714497149
50363,0.10176070549860143
50366,0.5291894257423932
50367,0.03628380293585285
50369,0.712788228545746
50371,0.01904195709959845
50372,0.014788211889488494
50373,0.606586102457657
50374,0.7269048015079395
50377,0.7288982313872558
50379,0.544997807564683
50396,0.4865952921218972
50399,0.47399040859127967
50400,0.10501630015128594
50402,0.069355178580565
50409,0.7384203372547721
50412,0.4003649263088788
50413,0.2611814037165567
50414,0.08021126999911034
50416,0.4437288233374743
50422,0.5962104758049713
50425,0.07145135477500783
50426,0.09823202326702714
50427,0.056176646034568616
50428,0.060396053790831634
50430,0.0824953104909814
50433,0.06316610396093814
50434,0.0985474876071249
50437,0.07519007812655006
50440,0.20569400852233913
50442,0.2601161282432047
50446,0.06680536211203911
50454,0.7705699008290257
50455,0.7189757203016743
50457,0.04399819927456305
50462,0.0788253854537867
50465,0.25583840698679444
50466,0.293185828075009
50468,0.29896376090269944
50470,0.9182660426419579
50472,0.859598928416918
50473,0.11481129502670916
50474,0.4805229175021613
50475,0.7111877611614872
50476,0.33065930538418753
50481,0.2460268414005399
50483,0.13678155396165537
50487,0.04537028917776405
50489,0.4280526666949823
50491,0.1866005020806456
50494,0.10736682169115117
50495,0.30900730412915495
50497,0.022551457238921113
50498,0.8221255000141142
50500,0.08993070664861297
50505,0.24983477737757173
50507,0.1515007414886181
50510,0.47655982625222065
50511,0.7761597939191202
50512,0.6048448005272776
50513,0.07894138333474694
50515,0.25676629614721364
50518,0.08513022732792819
50521,0.05532627388015586
50522,0.1552077935991359
50526,0.2563261216639551
50530,0.28669395619623156
50534,0.32366397199296115
50542,0.06650338288257884
50543,0.3543615627912029
50550,0.14137930434941282
50551,0.17340652226354739
50552,0.14419692524931285
50553,0.4169404630343655
50557,0.884627998190625
50560,0.28567600820280725
50566,0.7057162341854438
50567,0.4446775219516116
50569,0.24766942611881956
50571,0.6600309621678816
50572,0.7034913429861976
50573,0.024882411929147388
50576,0.041018867097901146
50577,0.3904430536205945
50581,0.2152013056276432
50585,0.19315481416789013
50586,0.7530049278639254
50587,0.3150536791502938
50588,0.6719751110396311
50589,0.7671664236089384
50590,0.41777277098756155
50592,0.32328416612515204
50593,0.7154520815639666
50594,0.43390188352051645
50595,0.06314172553266383
50596,0.6990555445479101
50597,0.699311866749553
50598,0.01910996939462912
50600,0.027526741017342125
50609,0.5264853964016034
50613,0.025775690183378993
50614,0.08056602855396798
50616,0.21621514649303775
50617,0.2346024004984141
50618,0.035247817482499305
50619,0.3305683392937848
50623,0.08954261633592192
50624,0.0801481281063536
50630,0.15813698935050505
50631,0.4580649396331716
50632,0.06682024419136827
50633,0.15578350411172875
50639,0.5070625858142858
50642,0.11460872758936597
50646,0.11856254201794572
50648,0.08415927884753878
50655,0.03995784088709834
50657,0.3877931690569757
50660,0.12521902433745494
50661,0.14489351150351926
50663,0.7497980411497435
50664,0.04558132697924029
50666,0.1514415122278324
50671,0.1966419069870596
50679,0.10758818804542553
50682,0.5397597464692088
50683,0.1878871157055614
50684,0.09528544173595581
50685,0.6359632770399283
50686,0.3073153627522287
50688,0.2660773700186623
50689,0.6785462012160021
50692,0.12124619116496674
50699,0.12833876697710764
50709,0.28957223764176543
50718,0.04199020141097723
50719,0.13313753674885423
50722,0.2212400281461941
50723,0.29267609596212063
50724,0.0044106769215355055
50727,0.009713927419341578
50728,0.09942831993358606
50729,0.6052956974367621
50733,0.1127026862741654
50741,0.049372401776857214
50749,0.1957330694684214
50754,0.5657264830653234
50763,0.026691691775756827
50768,0.3570799937857086
50770,0.05896154273057718
50773,0.2873874031835211
50779,0.10420094032943762
50780,0.035795476301703766
50781,0.04659507130425505
50782,0.33090753367697284
50783,0.08026661823386994
50784,0.029932769419269218
50788,0.050453718069118754
50795,0.26982194863551157
50796,0.27051042419416316
50797,0.27885018529873284
50798,0.26836902749739505
50799,0.11635435254314117
50801,0.33458137992849735
50803,0.08647138866605213
50804,0.03707735682026994
50812,0.024729787444401873
50815,0.04881718574789383
50816,0.06622033296286073
50821,0.35247449247251744
50823,0.12502853605047817
50825,0.2097626747854845
50827,0.3321417194975633
50830,0.14073215543368256
50831,0.27441339887319727
50833,0.1713404861488113
50834,0.2642764091657834
50836,0.1348714030232585
50838,0.016064263032171667
50839,0.056859980189451584
50843,0.3296315643652283
50851,0.46865181792594995
50852,0.07241051311172586
50855,0.17081704912680484
50856,0.18219231380291728
50858,0.0934795432829786
50860,0.5268200268074423
50866,0.13118967277530835
50869,0.7422215484807646
50870,0.5989584864058461
50878,0.1260705671352167
50879,0.31235646434555936
50880,0.5427435698075572
50885,0.3011654185510417
50886,0.8202547948768754
50888,0.022844450739559746
50890,0.03483399886610367
50892,0.1813356595215757
50893,0.1366036435968357
50896,0.08671870936227416
50897,0.3738825582904188
50899,0.06845352832495971
50900,0.043871824191399976
50901,0.05010720479112004
50902,0.20342056313810744
50904,0.1829096790004834
50905,0.12273217527570462
50906,0.7245775654851002
50907,0.3487949429816806
50908,0.511123706594554
50909,0.10471948328328086
50911,0.16954118799012988
50918,0.5880366225021857
50924,0.8027279069564306
50927,0.3350942209668404
50928,0.08267777720281329
50933,0.889815162847607
50934,0.4033694768035698
50937,0.8356360663416491
50938,0.24844391315424388
50939,0.3861626095835964
50941,0.046403818159116
50942,0.3030056893123765
50943,0.3126586484190286
50945,0.2855667193511493
50946,0.3668544370876725
50947,0.04533277634093992
50948,0.8371176050634107
50951,0.07933183281529683
50956,0.11169052708478051
50957,0.3100633783527043
50960,0.059394277151274225
50966,0.11829849195812332
50970,0.42021235302043236
50980,0.16256530515254553
50986,0.09583168556093544
50987,0.3658381220220896
50988,0.16135680667530064
50989,0.303413461335547
50991,0.16156038826224559
50992,0.05635109581118614
50993,0.10196875259526662
50994,0.12454710787295863
51000,0.0993172797813778
51001,0.44470661463206856
51002,0.41169499808174564
51003,0.18887125992252424
51013,0.22336319030919455
51020,0.15366879516013868
51021,0.36738292048568716
51022,0.36270499006094487
51024,0.08262299103719262
51025,0.10087808275109666
51035,0.15813516475089695
51039,0.353528944034674
51040,0.0787018557836838
51041,0.30616386836854365
51042,0.597005043236555
51043,0.24702620573677256
51047,0.314338904889177
51048,0.3223312449972975
51050,0.9416242118238297
51051,0.062276727244016186
51053,0.11193979701577338
51054,0.8745370474849015
51058,0.044732757134368265
51061,0.1714790913116616
51063,0.29811497243165186
51067,0.3384823362333938
51069,0.8799617219679051
51072,0.2295866714878648
51075,0.7081053784084193
51076,0.5074537261049323
51078,0.6036228223393117
51081,0.23912409410704238
51091,0.03110770932497371
51094,0.12899863111547294
51096,0.631828687330815
51100,0.5633200611491561
51102,0.12378394264988032
51103,0.28129523235999604
51105,0.04397108672345564
51106,0.20615399717653082
51107,0.4117602037593689
51114,0.0903418895543992
51115,0.6999158426400263
51116,0.2579758323032196
51118,0.13380276232465352
51123,0.12093214985956359
51125,0.35489956569937886
51127,0.08584425641068508
51132,0.0644160662910344
51138,0.017077309016257387
51144,0.3671412459324794
51152,0.3393432092505054
51153,0.1938070104212184
51154,0.9174743513369976
51155,0.3997781541737048
51157,0.020690237684452977
51158,0.17271205165389303
51165,0.3683159289016649
51170,0.2556902063110108
51179,0.10470258151124236
51180,0.37746023419409563
51181,0.17118353385700327
51183,0.2603320157787686
51187,0.7491129579352398
51205,0.09887451119451465
51211,0.3895646631757961
51212,0.28302326516470155
51219,0.06558300034758846
51220,0.5108717102466173
51221,0.04700789670297645
51225,0.36414872238456086
51227,0.06498801929720965
51231,0.5744287036385127
51234,0.3502367198623203
51238,0.14499871012283647
51239,0.23789856347546218
51240,0.47878179407655913
51241,0.15342841122021347
51242,0.17956474394553273
51244,0.38255280252510837
51253,0.06014297632788266
51262,0.18623745084417248
51265,0.17735241425876497
51272,0.6673004775055043
51273,0.0206072209422933
51278,0.083089551332138
51279,0.11773726179003441
51285,0.13928972505343085
51288,0.046428318115215736
51293,0.21174027803301645
51298,0.5546851825805469
51301,0.9082640210848232
51302,0.12254875270112846
51304,0.5291801178577783
51314,0.051047545185855116
51315,0.015042384642026651
51317,0.2578409320819548
51319,0.10356488299773754
51320,0.3941712331680134
51323,0.059886695472645
51327,0.36326868920406863
51329,0.03099323090671988
51331,0.029528024155739754
51333,0.03661407648341245
51342,0.10431157665457587
51344,0.18149231587102405
51348,0.8216655579526282
51350,0.9521923808787762
51352,0.2957518934250865
51354,0.16890755236980293
51356,0.7304315073095485
51357,0.13617219098692465
51360,0.5996058442236075
51361,0.2795281444076312
51362,0.7686238537349214
51363,0.9232176642595925
51364,0.2429099072684556
51366,0.3888069149579779
51367,0.9061684247503351
51372,0.1385472723146576
51373,0.46442933694645694
51378,0.3548070721708266
51379,0.15098417669696612
51380,0.1367638416874523
51383,0.5984814381348216
51385,0.017829429065830897
51387,0.4873236548161612
51389,0.19122530499201854
51390,0.7169207046606475
51391,0.6264826574367771
51394,0.18556932759035946
51400,0.5297185457559952
51402,0.15435856864339773
51405,0.05040553305294388
51411,0.18004990699023576
51415,0.6684626160579926
51416,0.09492367332895038
51425,0.3543275839900015
51427,0.04419090160485272
51430,0.12493076306720433
51433,0.2794149999767808
51434,0.1615584781198473
51437,0.019194429230065486
51440,0.11756785611373968
51443,0.06731608922872936
51446,0.346458783348784
51448,0.08359839195517564
51450,0.07987332136370401
51451,0.9729731174171832
51453,0.23520898227252587
51457,0.09871254350466031
51459,0.12329463122537207
51460,0.16072032654383106
51461,0.35066259058371974
51462,0.7531534781286153
51463,0.05876118607351833
51474,0.08548611794282272
51475,0.08428352330006147
51481,0.8449127150452832
51484,0.6067473515463665
51487,0.04648001381822684
51488,0.09986601405392426
51496,0.9004065446444209
51504,0.41951078017420884
51508,0.05166977711790305
51522,0.09652962521925154
51524,0.04030822502518237
51529,0.29898119702544296
51532,0.434415443425357
51533,0.05626921839657595
51534,0.20521380068599307
51540,0.12207615433372057
51545,0.08312797676928682
51547,0.06208648624921153
51548,0.25900332796375203
51549,0.03457983744418496
51550,0.37299328768348394
51562,0.05861924454842739
51573,0.18041348864852136
51591,0.7290504362647199
51592,0.5932448450466358
51593,0.5205091815907157
51594,0.14484389495563293
51595,0.9213484002650361
51618,0.19389748467203025
51620,0.37708756893838874
51621,0.029738659285203195
51625,0.13276836624317304
51626,0.09059571955706981
51627,0.23785167580911945
51635,0.9020687945294129
51639,0.7404535533758214
51655,0.0910137898509631
51671,0.030512634215764202
51672,0.49234867986458186
51674,0.29262078598912694
51682,0.09405064218910233
51685,0.10588657415245288
51686,0.05055141515303456
51687,0.3608560713871062
51703,0.3577090679187408
51733,0.6622390156844321
51734,0.06752407015766629
51748,0.11645711270902492
51755,0.22743178276598236
51766,0.9323109911325766
51777,0.10421614313285958
51783,0.20012147194702512
51784,0.03534751712727922
51786,0.26335641559133527
51787,0.6407885962244705
51800,0.12755060268887974
51802,0.43736025081351937
51809,0.2554179768169685
51818,0.04258069666156047
51819,0.06109790259200429
51835,0.313602169084751
51844,0.16613792736789312
51845,0.2893009761526688
51855,0.5474236308977197
51858,0.08638640742990789
51861,0.0564136106522269
51863,0.11749315870575644
51866,0.03160256716929319
51868,0.550473214262611
51869,0.13575410073445918
51876,0.11486134602042804
51881,0.5934436264262554
51883,0.2503992781158417
51885,0.07887895847370538
51888,0.1321196842592443
51889,0.7612242863967388
51894,0.24873938726482656
51895,0.0281182739440994
51899,0.09401673118914917
51929,0.21698557771074684
51931,0.44182510120975743
51933,0.764012748538929
51934,0.055940194960303766
51938,0.05572363214884663
51950,0.26757194605026774
51953,0.26519078086991177
51954,0.20339037049806094
51956,0.7573364153936669
51990,0.88766657151034
52003,0.016731848309733944
52006,0.011614673172224208
52022,0.03838677544351593
52023,0.45828204867258154
52025,0.35094041215305327
52027,0.10684208255527404
52028,0.43448871136837813
52038,0.02605490017128657
52058,0.11904150766294293
52059,0.10512738402334088
52063,0.89241946918182
52082,0.7170534107623443
52084,0.9160227368634517
52087,0.4402522596744259
52088,0.367627322218474
52089,0.09542600245188383
52090,0.06952650856416692
52091,0.13032867600706824
52092,0.31438768039962256
52096,0.19996216640461922
52110,0.4994021476170851
52117,0.7710643474650454
52120,0.005833705845525405
52141,0.5129594919050076
52145,0.2612830056288464
52146,0.3711074196899475
52147,0.5282802319875597
52167,0.1347202597322549
52175,0.3616189840578129
52188,0.899418175423744
52195,0.4396431834786043
52202,0.197859177132878
52208,0.06231398030098619
52209,0.11657901098173663
52213,0.04416627675794326
52215,0.058726510953133325
52220,0.2940374287568578
52230,0.12000899566656245
52240,0.27077542024818085
52247,0.08881191947291225
52255,0.36746359364192416
52257,0.0706893143579362
52258,0.5869278517245774
52259,0.39924241854862075
52260,0.08301739744500114
52261,0.13682864923760768
52262,0.03201960928571733
52265,0.10813382481605918
52268,0.18261948791590463
52269,0.10495336592097033
52275,0.30254697454459284
52276,0.442258328316854
52279,0.42048866829786646
52282,0.33688417861465964
52289,0.19761092647586548
52290,0.5426829285974853
52293,0.014214903091224465
52294,0.1831059977717921
52307,0.09791606069296183
52308,0.05855709982511183
52312,0.1007697863551077
52315,0.10574170260534016
52318,0.39164299670667463
52319,0.32087290765582904
52325,0.5224069007850889
52330,0.09751363116645376
52335,0.3817853251610614
52336,0.030990410927194616
52341,0.16834020887994638
52343,0.26705271669908276
52344,0.05414902677993343
52346,0.2774821828420518
52348,0.042005638359861215
52351,0.11560473921840733
52353,0.07614972007733749
52356,0.43037855391921
52357,0.12415240580762495
52371,0.37342093284413747
52374,0.4896906631898703
52376,0.36763092164532946
52384,0.0394081002152887
52386,0.06236064049239928
52389,0.415516269430427
52394,0.3020335394589922
52458,0.29766647940403906
65428,0.15563467762155092
65430,0.1999903873478902
65432,0.19505644051716037
65433,0.1663557763165346
65434,0.29871260560051505
65435,0.45560094378473814
65436,0.6446862099184317
65437,0.045501360544694724
65439,0.1206099056104907
65440,0.06801015785916797
65441,0.5418604158649889
65442,0.5129342445430389
65444,0.13329479890783927
65446,0.1447834400705148
65448,0.20350144058147998
65449,0.12253251192851611
65450,0.8489472965887686
65451,0.6105680009993552
65453,0.09564274127023735
65454,0.37325864078379767
65455,0.3171381641009137
65456,0.4104892834109396
65457,0.5784023710036097
65459,0.8000309715210641
65460,0.240577865468644
65461,0.12490002012821293
65463,0.2180378944672764
65464,0.08726598636216112
65465,0.055869366546481024
65466,0.2597080318784841
65468,0.052882421940523734
65471,0.02882667573176637
65472,0.03904566169802417
65475,0.23772830355357866
65479,0.8122920067588252
65480,0.49324378372823036
65481,0.605642189675051
65483,0.49243882995680816
65487,0.5768026869065882
65488,0.03860461434015934
65492,0.851821959828328
65493,0.6753303024659116
65494,0.7669374174174893
65496,0.15590253045885902
65497,0.9324047338684878
65500,0.9524983018708537
65501,0.8475364970577915
65502,0.43629651212595305
65504,0.08539260597496467
65505,0.07577197616538021
65506,0.6420047830101107
65507,0.6224833763388027
65508,0.04299787127587152
65509,0.3993174717111555
65510,0.2624774120342779
65512,0.28020591241261666
65513,0.11437698538844933
65514,0.07489990736399281
65517,0.6774183532950241
65518,0.5282196381353754
65519,0.7814083527069685
65525,0.30009339826619064
65527,0.2283209625951211
65528,0.04018016750446302
65529,0.489574438276085
65530,0.5625729448410055
65532,0.03617184143034441
65533,0.10924853644232438
65534,0.22320581904726902
65535,0.23271040305434637
65536,0.2945831604690255
65537,0.13016682916865485
65538,0.06498588606824625
65539,0.23592702979503033
65540,0.11845704535700972
65541,0.28566977306317404
65542,0.07586355490027913
65543,0.6792413029949178
65544,0.25190704207509135
65546,0.15249675972724341
65547,0.4197313213484067
65552,0.11561252070781898
65553,0.09711366200101809
65556,0.24351774457805483
65558,0.10982999281278234
65559,0.08085974354847864
65562,0.08840534137631824
65563,0.8641162114536182
65564,0.5014027528165415
65568,0.13940188940770115
65570,0.3848823409251939
65573,0.012431188838927076
65576,0.04600945595838253
65577,0.23984734342398617
65580,0.9845456388154468
65581,0.5497666067267472
65582,0.09974787314481869
65583,0.9367432516429152
65584,0.28266849774462205
65586,0.8003686301042606
65587,0.49611435401169446
65588,0.041930513296311
65589,0.879624734055819
65590,0.3926858304085648
65591,0.10285095509731094
65592,0.0009618171323279375
65593,0.27368213898911775
65595,0.02943928765445494
65596,0.7780235918711185
65597,0.16018585285484188
65599,0.032885514018073464
65600,0.33892569639556436
65604,0.0047900542755300625
65605,0.3254251637269284
65606,0.04536027075458809
65607,0.19405781995411378
65608,0.07377247963372896
65609,0.023170267669174086
65610,0.15811592269776817
65612,0.10424406132425414
65618,0.11858921147120383
65622,0.04754267892080166
65623,0.09505484931518385
65625,0.1204947904484602
65626,0.14434287695230036
65628,0.16589493001900357
65629,0.15233233953376046
65633,0.6892031304266593
65634,0.1286084795010952
65635,0.30730986086992657
65636,0.43969429053390935
65637,0.16477607695580604
65638,0.20081493532454472
65645,0.19487104573163855
65649,0.34981103335451535
65650,0.21037696778712223
65652,0.3330933752408913
65654,0.5359249230230808
65655,0.8202209387169928
65656,0.15371500063579135
65657,0.0984520344238408
65658,0.8464042205472669
65659,0.18172886490803086
65662,0.37356727221307323
65664,0.0903465281627496
65665,0.29248259339609184
65668,0.4449954026387099
65669,0.3186446344063656
65670,0.5462048915072286
65671,0.04056014759794376
65672,0.19106562292034654
65674,0.8605367676674168
65675,0.805716379932478
65677,0.15750248905823064
65681,0.04342287410726599
65683,0.1612546947995738
65685,0.08718049318807496
65687,0.4319292254667351
65691,0.015531970824447384
65692,0.8541756803096665
65693,0.059773099919623644
65696,0.029702968750853733
65701,0.7557919002908559
65702,0.11565215121077203
65703,0.10238542141350859
65704,0.6173842465628135
65705,0.05954931612113196
65706,0.09447562691317889
65708,0.13688782207498623
65710,0.19122153727785499
65713,0.17055025632399484
65714,0.8950464774221962
65716,0.41812018722160493
65718,0.2936344062167073
65719,0.022420443060122565
65720,0.8947667897130507
65721,0.10685481764696872
65723,0.043190873139479294
65724,0.15523660892138466
65727,0.8968585599252987
65728,0.8820066994657532
65730,0.15538054626994327
65731,0.921566591787167
65732,0.09386858243155048
65733,0.2525162605867592
65734,0.18182467403104102
65735,0.13817169431536316
65736,0.23297910669841937
65737,0.05792195198530165
65738,0.054604645694573795
65740,0.157469764607714
65741,0.021657849187332764
65743,0.6139449923789365
65744,0.5128907393513201
65747,0.13767553899740922
65748,0.32691192459844665
65750,0.037203147755420274
65751,0.6512934184014028
65753,0.47888692518372883
65754,0.3254785142566754
65755,0.06291012225045174
65759,0.6909643556108656
65760,0.08614445327281975
65761,0.069711752604865
65763,0.24925432906860964
65764,0.11781227961328371
65767,0.49678472982408334
65773,0.1459513697339797
65774,0.3501697423376847
65777,0.48669337007052343
65778,0.6207377725591103
65779,0.03284266116240271
65783,0.05366523596671299
65784,0.2595881440937672
65785,0.18622934404311445
65786,0.07902104255566383
65792,0.20595507041231773
65797,0.7787026216262583
65798,0.2604127460231188
65800,0.9911838851137518
65803,0.8082618658172676
65806,0.09748077716266451
65808,0.07652460709299647
65809,0.1428359316172673
65811,0.5486895308934876
65813,0.06721568446188768
65814,0.22661351189899803
65815,0.624458337370363
65817,0.12060048076978186
65819,0.1964462478622964
65821,0.021396498128020483
65823,0.2113953470831398
65827,0.4689519220414722
65829,0.08300250756603145
65833,0.2717538868385897
65834,0.18274036746202127
65836,0.1490798314365024
65838,0.14480436811879285
65840,0.052315497975863774
65841,0.4744401460242197
65843,0.6002465916034971
65844,0.10508797954262594
65848,0.44294472193796247
65851,0.04870274648390377
65853,0.042852378111704725
65856,0.5945968431216454
65859,0.11007421772448675
65861,0.20135869022134145
65863,0.0918400802269633
65864,0.13995715665815192
65865,0.12408218128450009
65866,0.6503008300049352
65867,0.7949765381289664
65868,0.06425655994728435
65869,0.18808921511212498
65870,0.6080776927528119
65871,0.07777075279995871
65872,0.13173802573441748
65874,0.31842876556783745
65876,0.1876350160680071
65879,0.5115209534165669
65880,0.048882455430395884
65883,0.4058983495710858
65885,0.01907462252827547
65886,0.11259760907552234
65888,0.531953671936675
65890,0.25338676942594285
65893,0.5370710938643111
65894,0.0487182700016245
65895,0.21122381496288586
65899,0.4325406687061751
65902,0.10629247640595291
65903,0.10330408741840626
65907,0.6054968313755972
65909,0.12880215962911604
65911,0.46619410480597145
65913,0.15064836066930018
65916,0.9029654563093523
65920,0.014715855537916735
65922,0.355106327511494
65924,0.817701448852885
65927,0.2856372112791375
65928,0.1647773408703817
65929,0.34749185970127905
65930,0.36366168279196853
65932,0.6620759294658356
65933,0.23558861123365699
65937,0.7925632696697552
65940,0.2799691842327721
65946,0.06125368007907083
65952,0.4198868812751241
65953,0.34264893317295
65955,0.2922379193832226
65957,0.2383007612197887
65959,0.07295201334938946
65961,0.08788832984912731
65963,0.9250878641261067
65964,0.18539604834693804
65966,0.3080161192549245
65967,0.08734206789722429
65968,0.09397148492134384
65969,0.20296107432107074
65971,0.671829030353076
65972,0.06806490133993658
65974,0.4510698308682883
65975,0.20827998299625364
65976,0.2418917818369301
65978,0.41162400844993946
65979,0.2558427754394419
65981,0.7490007505948681
65982,0.18394306077736902
65983,0.8239334964862163
65985,0.15535866686594998
65986,0.0330185850916105
65987,0.08553100336753224
65989,0.061783353597806415
65991,0.41719369711779897
65992,0.06080190124149711
65994,0.33899042343098806
65997,0.4931995668512315
65998,0.1227597211511658
65999,0.036893379711880364
66000,0.026848056531536567
66002,0.1552371553774226
66003,0.042512198074924804
66005,0.14574348389130104
66006,0.5843177147888082
66011,0.7685975777532742
66013,0.0658022507626153
66014,0.3832928262370285
66015,0.49722493349221486
66021,0.14737126997746788
66023,0.1854063093680534
66024,0.20627799012333026
66026,0.31866281507392635
66031,0.6519191908874996
66032,0.5642778900295478
66033,0.14130525859090573
66034,0.4892556358998136
66036,0.31432577618486324
66037,0.646918794161648
66038,0.5708613252169497
66039,0.3595713084708519
66040,0.9229013555525998
66041,0.028803726639228668
66043,0.036854171217200006
66046,0.1206037558106993
66050,0.05697510993933745
66051,0.5544436248564357
66052,0.16010207302127236
66054,0.16821193565566697
66058,0.10487172976303524
66063,0.42972740693942296
66064,0.57474295718087
66065,0.36082739992961377
66067,0.03790095600810744
66069,0.8208773752026669
66070,0.18666313001768864
66072,0.35059874029484456
66074,0.08955553175532595
66076,0.04241046350203478
66079,0.22355004547615748
66080,0.16353140232351732
66081,0.24779196912602106
66083,0.07420236481587106
66089,0.052108385865646645
66090,0.37261020101409376
66094,0.347574462404932
66095,0.4943735836223676
66096,0.547196494302127
66097,0.8313818273039546
66098,0.8983544739224258
66099,0.4701028410286741
66101,0.1494561775043711
66103,0.12514139162898608
66104,0.07556777733669469
66105,0.21262729658689078
66106,0.6591315790778508
66107,0.3661968570498382
66108,0.5723011303270916
66112,0.38170508908261086
66113,0.9781292057013294
66114,0.7183259282576762
66115,0.6760663141510995
66116,0.35143767235445594
66120,0.34205517395436025
66123,0.11836765541999354
66127,0.0923735217853064
66132,0.22023300996075784
66133,0.20004895090501246
66136,0.05568204076187319
66138,0.32746666885335496
66141,0.07474823385937676
66143,0.3094655088477883
66144,0.4283742711708734
66145,0.16940682828714956
66149,0.15188046612979056
66150,0.38396700865731975
66152,0.4724744499206672
66153,0.0628027359756028
66156,0.23426823035166958
66159,0.4072889839763022
66161,0.22064233348376144
66163,0.8628020104687755
66164,0.08750468994121371
66166,0.19110249680534816
66167,0.16043200981945516
66168,0.1877157353065679
66169,0.4019827247827084
66170,0.1884876616831351
66171,0.24099505149059366
66172,0.9157762368679828
66178,0.07140719220996217
66183,0.22681295499363402
66184,0.17504494416077487
66188,0.4936172180800696
66189,0.06944607029803565
66191,0.1865170041406682
66192,0.23855792834429132
66193,0.12639479610622653
66194,0.15905976674351321
66196,0.10331933900914043
66200,0.8524550871508592
66201,0.039891134720567246
66202,0.5610540703390375
66204,0.11356462215600616
66208,0.42039081822479685
66210,0.3915393999907174
66212,0.8770381581535636
66213,0.48127382723230333
66214,0.8238579147058973
66215,0.7953423581802036
66217,0.33906894153954925
66218,0.21175948503336037
66219,0.8222920796055468
66221,0.423489051895101
66223,0.07672209536298694
66225,0.4105493917723405
66226,0.7266402365157858
66227,0.0931618929706262
66228,0.571992586916168
66229,0.6573482006594935
66233,0.22099742434272257
66234,0.27272713162551226
66237,0.17087345915595253
66238,0.3942640832948026
66240,0.6527311134035317
66241,0.14758772656813007
66244,0.1867747841573749
66245,0.6748421260352506
66246,0.054797963216040683
66247,0.27961568340943144
66249,0.09779816657242367
66250,0.11079777982726152
66254,0.3329055569002722
66255,0.7371797566792537
66260,0.10737358219090401
66262,0.18054595313856553
66263,0.15941715772683193
66264,0.1270873527559231
66265,0.21627033175677426
66267,0.2146883776204927
66268,0.18321432559265946
66273,0.7422733791926357
66276,0.09450036941620851
66277,0.18220269038125814
66280,0.17338992532806732
66281,0.5629372261656501
66283,0.43033095800149246
66287,0.2504360008014934
66288,0.07263486767279875
66289,0.7782597167847491
66292,0.6074285909064475
66294,0.1099295871147789
66295,0.3560494961573138
66296,0.10121925443168785
66298,0.47978332535418405
66299,0.10511615102378354
66300,0.13903376671791753
66301,0.10968296740734772
66303,0.3232004512571241
66304,0.4754615796935995
66305,0.30190268436057865
66309,0.11564353061176734
66312,0.30832302424204666
66313,0.33865677639087804
66315,0.7563306017392527
66316,0.25671239967323173
66317,0.3123207659267919
66318,0.37863691681363565
66320,0.20761036315229847
66325,0.09520973994415768
66326,0.038992539484685625
66328,0.06878290981982596
66331,0.14060373757407574
66333,0.1980119547327771
66334,0.04940124080917716
66336,0.15644131866291777
66340,0.5378774577516786
66343,0.23081291097717108
66344,0.8365167207146114
66345,0.2421790992717705
66346,0.2068895785693687
66347,0.09701603654281714
66348,0.23366172662867662
66349,0.1851880319425281
66351,0.6648050193176874
66352,0.22839309186014004
66353,0.2324593440370909
66354,0.073317478562822
66355,0.018275833500991077
66356,0.37819212416466974
66358,0.05597033109182005
66359,0.012171937528162905
66360,0.2187386926462793
66361,0.18713705606604267
66362,0.19524591137657932
66363,0.6155679046104932
66364,0.250996617764909
66367,0.5451102091273642
66370,0.21593425073900885
66372,0.2451543248023691
66374,0.16487746460796096
66375,0.8583904515274531
66378,0.0962247746765006
66379,0.1239385324054542
66381,0.08770540370249484
66383,0.12264743356413173
66384,0.35622611592240905
66386,0.03630586004128546
66387,0.242064082508467
66388,0.6812709388059361
66390,0.06851981360357165
66392,0.05078398186830992
66393,0.23656886361685772
66394,0.4997344523372013
66395,0.1839511802154315
66396,0.04008691890088037
66398,0.21375497388034226
66399,0.06260318461599636
66402,0.23834422618373272
66403,0.07929139454082822
66404,0.07041902368182827
66410,0.8946529958013397
66414,0.5248998037792688
66418,0.10695618419922887
66419,0.10382735143658126
66420,0.9781523226153808
66421,0.054285549135453
66427,0.20942137529467406
66430,0.18336935429092774
66436,0.209396935048751
66438,0.6747523567992796
66443,0.09271382756489951
66444,0.22157541670303363
66445,0.16773920603363943
66446,0.06367428296802365
66447,0.06592740314631544
66448,0.1285273272174628
66450,0.09609691454613464
66451,0.23971397340690231
66453,0.02547239488524596
66454,0.3223213625361175
66455,0.34975790215055974
66456,0.1078297339872759
66457,0.20980501286100828
66459,0.10804065468590812
66460,0.5128945681034185
66461,0.3217039777244244
66462,0.05395887891470971
66466,0.07558097789045273
66467,0.23917305020118884
66471,0.32660455615249073
66472,0.022092362241822216
66473,0.4299204234428331
66475,0.05333929469848493
66476,0.5100978515151875
66477,0.5310917505138958
66479,0.13000384275442303
66480,0.8933927681538636
66481,0.43923729060039496
66482,0.30165189964972405
66483,0.9108502611058268
66485,0.7752362097759252
66486,0.246593486608467
66488,0.02985685895352716
66490,0.16150429843636938
66491,0.0958116018866652
66492,0.9138030036744698
66495,0.07774806843994968
66499,0.12433282485603525
66500,0.1835769124355409
66501,0.9149633985734555
66502,0.17387943288174837
66504,0.07687615648838828
66506,0.11601303910792823
66507,0.1546071291817831
66508,0.17651704293923287
66509,0.18836153753338744
66511,0.03250872086623269
66512,0.002564034054585653
66513,0.5396556373690918
66516,0.09456562799099988
66517,0.21643398956692875
66518,0.08593634630162095
66519,0.19388575924111687
66527,0.5267880893922819
66528,0.7902591909226098
66530,0.4377406435874586
66531,0.06346456440636535
66532,0.8975245165376453
66533,0.1311987277399193
66534,0.047608011048237316
66535,0.06284168252827473
66541,0.23153432884748754
66545,0.46465785942342824
66547,0.2155562215715886
66551,0.16027624168959445
66556,0.5241345294941879
66558,0.15308177354491104
66561,0.8476229278559252
66562,0.4913094930598561
66563,0.7434710827889792
66564,0.17804169238632606
66565,0.835148284456041
66566,0.28644486602682556
66567,0.0364417225719453
66569,0.40460000480135294
66571,0.035152451278963034
66571,0.035152451278963034
66574,0.022249637463730713
66575,0.12025691685722975
66576,0.11204644081079534
66578,0.3593909183830042
66580,0.5339265892099266
66581,0.35156979485251655
66582,0.2504732189741169
66587,0.30640726707070576
66588,0.09968811875985426
66589,0.14059114201850692
66590,0.08544625299496574
66591,0.08099359420159412
66592,0.3507436816477748
66593,0.45522448008588423
66594,0.740901993842317
66597,0.23498177504694098
66599,0.03667812144087346
66600,0.04560087320519689
66602,0.017912206479314657
66603,0.03786773616931514
66604,0.02579489778595899
66605,0.03538213549045062
66606,0.28475934182204327
66607,0.4990459919476925
66610,0.5245870820029644
66611,0.27283280409876315
66612,0.25940955519286396
66613,0.4407506477867983
66614,0.2833844651345533
66615,0.09666641535220202
66616,0.21432820345009473
66617,0.579617640831847
66620,0.6042564166605316
66622,0.3511398386790207
66624,0.3605222526277568
66625,0.12650803444207778
66626,0.2618481698115855
66627,0.03154374738455996
66629,0.05129402086417973
66630,0.9049396037761188
66631,0.14421749980381007
66633,0.20195992800674015
66635,0.058289134790057776
66636,0.12661871704048458
66638,0.18858935729912407
66639,0.04113809558795461
66641,0.162934466942131
66643,0.8493747281213146
66645,0.5976361938981741
66646,0.025869438150368906
66648,0.5432974806200938
66650,0.37793291757627245
66654,0.10063612750972523
66655,0.16105366059788756
66656,0.3245825131727904
66663,0.2908405089462129
66670,0.12218426092809466
66671,0.023840132433364077
66672,0.13513044515812056
66676,0.16295456628501606
66678,0.0712501531421986
66680,0.46383150031728904
66682,0.02187418262008429
66683,0.18615350779303452
66687,0.001986812130695611
66691,0.06096337073522414
66693,0.35602474888700547
66694,0.2293304852345831
66695,0.9587921668431016
66696,0.543503970182467
66699,0.05555013561102751
66703,0.11066605166265799
66707,0.07779344737296645
66708,0.8857365903450902
66711,0.032519697562568166
66718,0.08187518352427928
67483,0.25108313939301075
67487,0.07015380654860577
67489,0.05698674335845664
67492,0.044605497948617755
67494,0.03932609457913409
67495,0.2625101928559804
67497,0.13543104072782883
67503,0.11370456372386824
67504,0.11949035062579721
67505,0.2532219449426901
67506,0.027754399559871037
67509,0.014587444486320553
67512,0.12409450336781515
67515,0.23216983928466126
67516,0.24733191028755544
67520,0.2439728569165325
67524,0.22444429790496712
67531,0.0037762628296714256
67534,0.08721814937178685
67538,0.026996471125820425
67542,0.06712561118178018
67544,0.034205338152359606
67545,0.11425716761915007
67547,0.10838549216772074
67549,0.06326667547882063
67551,0.5230283467592184
67553,0.29682990198138537
67554,0.04818352884112873
67557,0.15436582995472042
67563,0.11902695798585554
67565,0.3956302638859418
67566,0.0709418150809845
67567,0.20481918591015974
67569,0.12550559152307517
67573,0.1364736359648371
67576,0.06136813861949061
67580,0.09593451269878442
67581,0.05617383356762089
67582,0.16491950942427264
67583,0.05089643161876472
67588,0.04551392592138765
67602,0.19788993991462905
67610,0.06264590219418348
67615,0.132540182361566
67624,0.1314690413948979
67628,0.09446083893310113
67629,0.07673564493335933
67632,0.046241232682409185
67634,0.030400630543797783
67637,0.9705982251587334
67639,0.014584090333000283
67641,0.3042649800676665
67642,0.043583087513717415
67643,0.0688645473774592
67645,0.08620890309236452
67646,0.12039015264335204
67647,0.11188383754517565
67651,0.20010222953213416
67652,0.18065851794617585
67657,0.05355832414508326
67660,0.06428469555261926
67661,0.11812724213856902
67665,0.023693431779549974
67668,0.20983617290177087
67670,0.12693830797420244
67677,0.06763640844725523
67682,0.3392560952305102
67684,0.08515774485587532
67688,0.07100769667368918
67692,0.06521000775438159
67693,0.10051283330543466
67694,0.1618821545599581
67695,0.14590400719464502
67705,0.09044854503396539
67707,0.2033614323405718
67711,0.10649207751769478
67716,0.07122673423487272
67717,0.048123380742447375
67723,0.016225232023454966
67732,0.07182254783832906
67735,0.07402984556044834
67736,0.01661411271732734
67739,0.10822768826382123
67742,0.012693574865240656
67743,0.12078293305648541
67744,0.09549229309746574
67747,0.16791691238692594
67748,0.07770744973679956
67749,0.040391838010705894
67753,0.05056195203712562
67757,0.09009782018137653
67759,0.08403068352584643
67762,0.0595881775442337
67764,0.13773609912902302
67765,0.07924466183858876
67768,0.14950676153220846
67771,0.026655412915504932
67772,0.010113330094972272
67778,0.5244366440753365
67779,0.10812099730515233
67782,0.3206580653261986
67783,0.13597218351224746
67785,0.22367043316708696
67787,0.19688812393932958
67788,0.058159463931814544
67790,0.4414100019817706
67791,0.12148683177889164
67794,0.3763281291152634
67795,0.005911252035194695
67805,0.3972756690516333
67809,0.10323152005785306
67810,0.10920576710163656
67812,0.8112794571971684
67815,0.22072547024835876
67818,0.06225864893948349
67821,0.005339199187103888
67824,0.021914516381185526
67826,0.01847776651473376
67830,0.22035275786940306
67831,0.16498278842262049
67836,0.19657597024305548
67841,0.2636722053820246
67846,0.07171161753052528
67850,0.2712223761869832
67852,0.1176794928974009
67860,0.2765865398079014
67861,0.5007586818022641
67864,0.19823395550064205
67868,0.1494768068947834
67873,0.07091358012134102
67875,0.05377443299464211
67881,0.05235822133828955
67888,0.16255090163612818
67894,0.19756277010649365
67898,0.2248356823412568
67900,0.11869638809342185
67902,0.05476164269772169
67908,0.08865054299517336
67909,0.12870542115579603
67910,0.04205086365070433
67912,0.04839978658641302
67915,0.09728955720180282
67921,0.027194736671105814
67935,0.024650122995141906
67938,0.266918823898683
67948,0.328626047976179
67953,0.08487809029806552
67955,0.10839630922998467
67956,0.12196011062604478
67961,0.4174233406829358
67965,0.10514140102950874
67968,0.11514455218930013
67971,0.08147349602142616
67972,0.0423707202184391
67978,0.1424036607249282
67984,0.030608607265080873
67986,0.1333595119260553
67987,0.012343254677325704
67988,0.035736959165669234
68001,0.16400461436653122
68002,0.016869719203949054
68003,0.07323909396591272
68016,0.020014298466023366
68019,0.2280265170807895
68021,0.6969603602655623
68025,0.060007511566847374
68027,0.09010418566679614
68033,0.024384967420661416
68034,0.10732560203286254
68036,0.06906395261317924
68038,0.22970459073415922
68039,0.020964857302846796
68047,0.03586280999294889
68051,0.019855144520499503
68053,0.38511493661367335
68054,0.10970672624996076
68055,0.12723305289144565
68058,0.08728915227993093
68062,0.04150801347489664
68063,0.17524140555898493
68065,0.965471477523824
68066,0.1562491356290225
68068,0.049437097829191666
68070,0.0516207497895984
68071,0.023729866232725157
68072,0.06394234077440224
68075,0.09505456485071125
68080,0.015563071422781672
68081,0.11972057603207363
68087,0.02528876091718521
68090,0.1911336240927975
68091,0.06002855299267683
68099,0.06091172234994577
68102,0.005840739693144349
68110,0.19106610643000266
68112,0.8387644881988441
68113,0.05816731522777273
68115,0.0592286454831702
68136,0.1321929180451748
68137,0.10194571819781857
68138,0.008510508412155476
68139,0.053261065219287196
68142,0.1683659573857791
68153,0.0023979699259140705
68154,0.34184239574711545
68155,0.322478003469113
68156,0.06226747561884897
68161,0.04162446998233164
68173,0.1449408233305374
68174,0.11029501640564683
68175,0.09010925019312489
68177,0.29966509410050646
68178,0.1147693110761856
68181,0.057396643091354914
68187,0.04020722600476985
68189,0.19743122718891346
68200,0.22794917519269967
68201,0.1607734635297809
68202,0.6196035457296929
68206,0.1649760886290273
68208,0.07634124358349516
68209,0.035635020227994633
68212,0.04996073400135054
68213,0.10100266858219462
68217,0.3205439268754362
68218,0.024944094449628033
68221,0.040741925335206854
68224,0.0334628051634417
68229,0.06984864275526817
68233,0.0658786124597171
68234,0.11503432621456244
68240,0.8486082124434884
68276,0.031574505574115556
68280,0.17752908949909826
68287,0.08892404122404873
68290,0.01505528757157482
68296,0.7238776348874965
68303,0.07802523927517047
68306,0.05324297758370048
68307,0.02295962668374182
68312,0.06861524663902242
68315,0.19673007171443962
68322,0.09753076831829288
68324,0.03700533210381496
68332,0.006217381718007663
68348,0.8249822608345381
68351,0.7569901336366434
68352,0.39503769573607056
68357,0.031647169582918744
68363,0.09913334733488954
68366,0.15536673792621877
68371,0.14698737898999917
68373,0.09739422540464562
68375,0.20010315631980632
68379,0.8848052966092542
68381,0.10084476826551526
68383,0.11519711276731869
68387,0.5118642868167953
68396,0.2650527147313938
70252,0.18160114263247698
70253,0.20985880392204662
70261,0.28372097929055273
70263,0.30925462263115217
70264,0.332737607767468
70266,0.10212520493453668
70267,0.23834591900250654
70269,0.7133528680151873
70270,0.15720952724506776
70271,0.23701357763857311
70274,0.2025419431558469
70275,0.06837021318911508
70276,0.15718362092691962
70277,0.07638876643947048
70280,0.13021913908307342
70282,0.020592048079178634
70293,0.13365354992148024
70294,0.111225618916846
70296,0.20136728027642592
70298,0.04252771417566024
70299,0.04382984578578735
70300,0.045216547012281894
70302,0.1314491238349461
70303,0.2899760109537949
70304,0.09211985882030106
70305,0.32938005817921345
70308,0.06658381650225545
70311,0.0581194312035766
70312,0.06023773932943853
70318,0.22809445093377792
70319,0.9335049920448306
70322,0.07248845130638266
70323,0.2435906957282258
70325,0.0763042792032075
70330,0.0809056031085898
70332,0.2885192445892805
70333,0.08903489925167
70340,0.09582531818338111
70344,0.22439614536604938
70348,0.38422535647673084
70349,0.03820380830879572
70351,0.07301735816597178
70357,0.20528607873155544
70361,0.19519057240037296
70362,0.8413639553708938
70367,0.12891266071154148
70368,0.048926869838785
70369,0.13491950941196806
70370,0.8241363140444741
70373,0.14505092562964636
70381,0.32379479574207887
70386,0.3560493456899095
70389,0.13774060278990852
70393,0.024068895064672403
70394,0.9803325124681539
70396,0.022015013871483403
70400,0.05983799959375849
70402,0.13588703145176495
70405,0.20508910484566503
70406,0.15653391266106526
70408,0.08613172581571579
70411,0.13068250825187672
70412,0.15493420812448794
70416,0.010448771535087269
70417,0.16964793390252425
70418,0.34780908693805956
70419,0.8940881858496921
70419,0.8940881858496921
70420,0.1562547487398946
70424,0.14266174099242973
70433,0.5966511861706371
70435,0.11080666407036076
70436,0.4404435935663344
70437,0.10821835719457078
70441,0.11226105389613132
70442,0.042945001035758344
70443,0.09142039489661816
70445,0.12261233749412728
70447,0.07537027522013406
70450,0.45469473053893344
70451,0.13661741993089957
70452,0.3311289300483854
70453,0.14367251073985216
70455,0.14656757683987345
70456,0.05391712137929891
70458,0.2451649323417514
70461,0.94684409483639
70462,0.07640514666799862
70465,0.05222671994115625
70466,0.5254995963732003
70468,0.12725345149159906
70471,0.04510424158284726
70475,0.15743244663240646
70477,0.33924244098528006
70481,0.1649409001286715
70484,0.251012313765211
70485,0.17457341460680223
70487,0.12266642424729879
70488,0.30833381934677145
70489,0.18422092645352767
70490,0.10675430290952952
70491,0.1013755549811001
70492,0.041251436956394924
70495,0.13048874356892493
70496,0.25969194454100764
70497,0.24305010760226667
70498,0.08829160048852631
70500,0.08792277073667062
70503,0.21601488994073323
70505,0.1789322722050715
70507,0.1498907669514261
70508,0.03819849160894222
70515,0.05244522064246375
70517,0.12191594367799753
70518,0.0449006995213815
70519,0.11810021312180591
70520,0.1685587803592272
70521,0.08732380194250397
70522,0.043224895957229136
70523,0.23904923010174361
70525,0.19607237868324445
70530,0.14184837950485527
70533,0.5604116681543748
70535,0.07011071008868565
70537,0.48410822367194273
70539,0.26873343523016985
70547,0.20206964136496225
70554,0.11277533906740476
70559,0.4335703143155838
70560,0.18987483920530038
70561,0.7118965384673024
70564,0.19615823662152754
70565,0.69901347659061
70566,0.037802875152032504
70568,0.13962107672221402
70572,0.011001072944176031
70578,0.2678470024129078
70581,0.230113815927621
70582,0.0798855465940812
70583,0.17383036443663194
70585,0.24936193926179942
70586,0.0049866584881206695
70592,0.4534367256572777
70593,0.3713997010769122
70596,0.20261368884644987
70598,0.001494890817340434
70604,0.17465755866676905
70607,0.29698377123347675
70609,0.160647046391708
70613,0.47811545559066454
70614,0.09795348333904721
70615,0.17275258147084588
70616,0.1660735072860261
70624,0.023405911972864905
70629,0.2489035052346897
70631,0.9749419044658992
70632,0.3203442378463773
70635,0.2345742576923291
70636,0.25113229085567595
70637,0.09178722048267943
70638,0.040759233349322514
70642,0.25135113560429884
70645,0.6209711822502181
70650,0.757650776736753
70653,0.6543226937448264
70656,0.10619297076332336
70657,0.07205886143349972
70658,0.4217979071456543
70673,0.033282673886309476
70678,0.05230459219438724
70680,0.07573657156405317
70684,0.8813802723056529
70688,0.055295122030261844
70691,0.2745345882345683
70693,0.028852710026183184
70695,0.10845616393114872
70697,0.414506624157756
70704,0.04780283196993662
70706,0.13518450174497157
70708,0.07310291694357535
70717,0.944272859918297
70718,0.3468823838220027
70719,0.41784389256372345
70721,0.14410836775549885
70722,0.2262564688678591
70724,0.10288045995435245
70728,0.1148839721564506
70735,0.96600756643998
70739,0.0551511814967337
70743,0.31248635260231383
70745,0.6892500863078536
70747,0.0778977129887762
70750,0.20096833606951092
70751,0.13317947978506078
70752,0.07295027540702392
70758,0.1818997379138415
70765,0.026220939593713848
70766,0.06355059314645808
70768,0.11037179662883295
70770,0.035720292281308595
70771,0.04658645762295274
70776,0.02877687517921688
70777,0.09267588754601686
70778,0.05334784269757938
70780,0.3153734049975693
70784,0.5002181775506473
70787,0.28330033655673237
70788,0.12940991269077742
70790,0.26425944233910936
70792,0.24221984365740432
70793,0.061708033342747
70794,0.28392415863566983
70797,0.05031863758845867
70798,0.06422297673053104
70803,0.04209819602815459
70804,0.16095783400277833
70805,0.23733213423094196
70813,0.062209808638921185
70814,0.46288446617057616
70815,0.07875345415236411
70817,0.29546094563697195
70821,0.2168193852837201
70822,0.19621591494543164
70825,0.6376329818640043
70826,0.0846730187621717
70828,0.2946792111509215
70831,0.13024660680538822
70833,0.37340540371449804
70834,0.3529834209942964
70835,0.14180906641608026
70840,0.13062673920953993
70842,0.0982538885498283
70844,0.15937853594198892
70846,0.3603705013895464
70847,0.057600101678722516
70849,0.5097563206132473
70850,0.9553343703558895
70851,0.08178947651374309
70853,0.5778297416079587
70854,0.08889748390937836
70855,0.1425422469372516
70860,0.5206529295059593
70862,0.021900786899445454
70867,0.11578682771322342
70869,0.18897900723522595
70870,0.0627453838649217
70872,0.09033527467447201
70873,0.04282538002309628
70874,0.18000828050611342
70876,0.3104690805091218
70877,0.22398517130429313
70878,0.8314591054372998
70879,0.13192972200377973
70880,0.9240143323233784
70881,0.31779128740363116
70882,0.014602227458356883
70883,0.1001605557193163
70884,0.06916464698528445
70885,0.24579590781819394
70886,0.002696036978906621
70890,0.18378787955764905
70891,0.24333716332804187
70892,0.1942947346124979
70894,0.22016722201516412
70898,0.08389917631461559
70900,0.041589130318859344
70902,0.02967395523165683
70905,0.24106029716064045
70906,0.2763834266123155
70907,0.9022283051358111
70908,0.13543175680857797
70909,0.1982515581448567
70910,0.9108841622740397
70917,0.05598089942674743
70918,0.12149661116727305
70921,0.30723283346250335
70923,0.07635482903837261
70925,0.3391301824231301
70928,0.8758593484699142
70930,0.6523961955833387
70934,0.3667192400944506
70940,0.12079261353920837
70946,0.26246665046837936
70947,0.6183338364246591
70949,0.14242547755533072
70950,0.17966158884640288
70952,0.11994278939466634
70953,0.25819539728586166
70954,0.20659553817708165
70957,0.5838486655042042
70958,0.32748393936462106
70960,0.6562814527393169
70965,0.1316468103179922
70967,0.02762708480140531
70976,0.15735247145652437
70981,0.28501389878960764
70985,0.03219181836000455
70987,0.01985977664779439
70988,0.07864152834943876
70991,0.14959798252472895
70993,0.9467563722494967
70994,0.8411272508976476
70999,0.051289169642883735
71002,0.09294350140866738
71005,0.14593814983413048
71008,0.09462257657360008
71009,0.15430712407257047
71010,0.017667740773863357
71015,0.07670827866483111
71017,0.04187924529232775
71020,0.2246116777408567
71026,0.26266733115238466
71027,0.4165348442342797
71028,0.13570642846733164
71029,0.24644720881760698
71033,0.3728811738636218
71035,0.18219119801974779
71036,0.18232652462504845
71038,0.9440952219629705
71039,0.1498236369763713
71049,0.4118394587611596
71057,0.10051424031171932
71058,0.17249458988099986
71062,0.059408711375909064
71063,0.3118482500864849
71066,0.11421793138753776
71067,0.11752544024757698
71071,0.08364233394601979
71076,0.9388305952260855
71078,0.43932574358009846
71079,0.0013650169549008196
71081,0.1499344339633163
71082,0.014580372805050392
71083,0.061890520584130894
71084,0.12352464325199117
71085,0.2976839332578735
71088,0.11557309286943271
71090,0.09388906004425013
71091,0.16879221502059433
71093,0.6752782438799037
71095,0.3572895708555838
71096,0.27087425010880745
71098,0.40495216362101744
71099,0.05840284248830468
71100,0.33748272373680516
71101,0.16183851669667132
71102,0.47858892737850184
71105,0.2517629321613112
71108,0.0848130573651127
71113,0.16407651230852474
71116,0.14347257442688818
71120,0.5977699998790854
71122,0.4109708116463553
71124,0.28121048994415204
71129,0.04640264143987633
71137,0.05149488281862379
71139,0.31066973140371434
71141,0.33385171585261875
71143,0.3573498042014422
71144,0.2655634323924792
71146,0.7580351525670562
71148,0.025516132397093647
71149,0.023078247867607378
71152,0.00982830264840077
71154,0.02937963045065378
71155,0.025318430093086774
71157,0.05596682226952867
71158,0.21805805334142758
71159,0.5427939858690435
71161,0.19021458578919362
71162,0.1052896339735093
71163,0.2483602756895321
71165,0.22393776632955462
71169,0.023480987274631982
71170,0.06565640703536747
71172,0.10294663390694558
71175,0.3301463013912066
71176,0.36967666947468253
71177,0.10069610476106312
71178,0.32464371401520464
71182,0.49481460118960396
71186,0.2202677667571979
71188,0.2417457889246946
71190,0.033876166041688006
71195,0.02544780969605616
71197,0.0036748061105512614
71200,0.091489491493596
71202,0.16030915857051942
71203,0.09617883247234645
71204,0.08195783164201612
71209,0.23106471594683972
71210,0.07801727267550877
71211,0.10233071014426459
71214,0.41929551717409336
71215,0.08012053108265889
71216,0.21048402687130968
71219,0.15031513565564286
71220,0.013419439028046851
71221,0.050017993419309195
71222,0.32103268278835867
71223,0.5361203250344712
71224,0.9415596994860407
71225,0.2172326069755518
71227,0.16129260392924838
71228,0.1668556480012124
71229,0.29033933530286943
71230,0.09508593190187
71231,0.11390426572095748
71232,0.248825910240446
71234,0.9077271351206693
71235,0.29113677640212327
71236,0.4614514166645427
71241,0.27466422402023916
71242,0.028236981256779654
71243,0.32412171484949676
71245,0.07723056673772401
71246,0.11210950759513057
71247,0.06746390898612613
71249,0.13123713825664646
71252,0.05121842558441008
71254,0.16850197422104643
71256,0.11467967021516375
71262,0.17156867820769459
71263,0.06912730756849414
71271,0.35482723009877415
71273,0.0969743865099232
71275,0.08268193232388721
71277,0.24824889867112843
71278,0.016164554845381904
71279,0.716170185796373
71280,0.19009171073104017
71283,0.15642666475626266
71286,0.19749235546954516
71287,0.12434446315535508
71291,0.009551140902797278
71293,0.13687413235433019
71295,0.5188686347767905
71301,0.17354891827312158
71302,0.13176103140409232
71303,0.09601722364220937
71304,0.20736094833206042
71306,0.6828706946918175
71309,0.5582251887305261
71312,0.0956746634534066
71315,0.0316021249201778
71316,0.021603855759546344
71319,0.04020699221632403
71322,0.06688869808382739
71323,0.2524503967863747
71325,0.16570405532269938
71326,0.31706421612549107
71329,0.10935265499733501
71332,0.3837223525378485
71335,0.12181405786873332
71338,0.5550387652475686
71339,0.09282025087013455
71341,0.27934009486557154
71342,0.7571610920770854
71347,0.016801137354248763
71351,0.6646134704624604
71355,0.4053292640856882
71357,0.5904130124150314
71358,0.2674858082197659
71361,0.6340443870252672
71362,0.19832841484627844
71366,0.3040714724547548
71373,0.024622693291563382
71375,0.3653852306948825
71376,0.05751922534482116
71379,0.1460472682239191
71382,0.05678147852082802
71385,0.04387532428690055
71386,0.09314794214478342
71387,0.10716311914324589
71388,0.15795243733633227
71390,0.9328900566771547
71391,0.2531374338180885
71392,0.11003069753838217
71399,0.10641527440332063
71401,0.2550707293454804
71402,0.2638501496295992
71406,0.1978272731120266
71415,0.0783655602011725
71416,0.032180909060392046
71418,0.09287805068386588
71421,0.031053156360845453
71425,0.13415727097940852
71430,0.04703476891708238
71433,0.7910358016903213
71440,0.07855645701612526
71451,0.08652695074739161
71452,0.08352054666772948
71456,0.9254519942628379
71459,0.4328906788130551
71460,0.04333272114631617
71462,0.12014046803494696
71464,0.17831620970824136
71474,0.08694788749958673
71476,0.1624511741982781
71477,0.3521802255206798
71479,0.18003479102646525
71480,0.22189185942242357
71482,0.11665977517597093
71491,0.11744340977296044
71493,0.17654419851340486
71494,0.24224552802594757
71495,0.03706902374013194
71497,0.1441283600442415
71498,0.13129184978082042
71499,0.22236002131162347
71502,0.25514795574602156
71509,0.5488126680546543
71510,0.004206153941214393
71511,0.1706613984615548
71512,0.06394325163273529
71513,0.0222532987503081
71515,0.45052649455604543
71516,0.21553959310206672
71518,0.06469385616573801
71522,0.17507803413127127
71523,0.15828238568578973
71530,0.26993309126156945
71531,0.2594897428207565
71534,0.31054360184060364
71536,0.10333824458562939
71541,0.07967871592995421
71544,0.036198802620427066
71548,0.1252576772987704
71549,0.24165008997615078
71552,0.17614573977197448
71554,0.13406777451654475
71556,0.06577657859765651
71559,0.04359459876263696
71560,0.044743355681102666
71561,0.8803137853375911
71562,0.06659562019298557
71563,0.09481119079269484
71571,0.05233279523894521
71578,0.3430206191164868
71580,0.2751993870904766
71583,0.9007681248489563
71584,0.36702460818755617
71586,0.15872517465278227
71596,0.031148115119059374
71600,0.3267373816337134
71601,0.245508283655138
71602,0.21989437218544444
71603,0.4404751566931306
71604,0.2086691882661112
71605,0.05112568082307934
71611,0.13035579617908555
71617,0.18739668254437117
71618,0.04974327848369882
71625,0.9020921622982021
71631,0.30244550507523377
71632,0.5237947349485302
71634,0.42143619388098136
71636,0.9611119032813208
71644,0.26890683273200733
71645,0.588324437424378
71646,0.4878580062055844
71648,0.15314286982802805
71649,0.04242330308662402
71651,0.08976280882108158
71653,0.1897455897143073
71659,0.06213987679963519
71662,0.22088540382520608
71666,0.039903237981704504
71671,0.6336471077794293
71674,0.38443908880846855
71679,0.22153794946165317
71687,0.012005208903339223
71688,0.03581344789484018
71691,0.11724063745050914
71693,0.09801228993716637
71695,0.19459950802831075
71697,0.027398747582304518
71698,0.14812860235951622
71701,0.1440282470621577
71702,0.06401506143266153
71705,0.049622126381757996
71708,0.12218454365053821
71709,0.2380367843808247
71710,0.33747953491924976
71712,0.12320836788343396
71714,0.09893311793105675
71716,0.0670157833572348
71717,0.010140342027523848
71719,0.06143630550480148
71720,0.19231942869446403
71721,0.08819402878725344
71722,0.037058514664553295
71725,0.08277475129575317
71726,0.10982951525957192
71727,0.28759078237031716
71729,0.056643534642148004
71730,0.276875532551575
71738,0.22232114753360158
71740,0.0420355088146622
71742,0.10924811517993159
71743,0.2302308533575272
71744,0.29562637430751343
71745,0.15051542017394745
71746,0.059065872214287586
71747,0.0848260872825298
71749,0.030378126881827946
71750,0.07840625688241287
71752,0.06339899615973665
71754,0.07260998864446086
71755,0.28043485649082245
71757,0.04866068525426656
71759,0.24893005377266092
71762,0.055237517410779334
71764,0.1486788386065172
71765,0.14424705028969154
71768,0.7193442265268724
71773,0.07261793375061665
71774,0.04224733210527366
71775,0.35328114450161546
71783,0.045465992292971304
71784,0.1886547585721024
71788,0.21022580522922907
71792,0.034432337610641704
71797,0.08699909031748204
71800,0.5407056720246487
71802,0.10437546642979677
71804,0.24228864515138954
71810,0.872704244154774
71811,0.04539874493428515
71813,0.13672468427131063
71814,0.34211481650402725
71822,0.3941690691138479
71823,0.37059293658277537
71825,0.8201555977870438
71829,0.15943524523230046
71832,0.15890584913818542
71834,0.08287486101620116
71835,0.03972669434516918
71836,0.10740183300723448
71841,0.065912856168109
71845,0.4178232592850069
71846,0.25174955409503846
71847,0.19523328244031468
71848,0.19915386849958872
71849,0.16244548108298074
71850,0.17420229057121714
71851,0.08662978293141729
71853,0.13537704584602273
71857,0.187400246214919
71858,0.05633195134533557
71861,0.9731302460448817
71862,0.039341863143795
71865,0.5741744021848503
71867,0.32312535052340474
71868,0.07732898819473051
71872,0.10603801183950654
71873,0.03976817424251475
71875,0.3409063163574717
71888,0.18438022545870192
71889,0.9391782390421045
71894,0.055250570414354674
71897,0.15018901907906923
71898,0.26728772349071955
71901,0.9619254718890078
71905,0.9484726788502679
71907,0.007134781632195695
71909,0.42621980626661027
71910,0.31775002462235885
71915,0.42036114144759046
71917,0.08533226455088717
71920,0.8949491319284468
71921,0.0984126851671696
71922,0.18717971726580376
71924,0.08212996315615234
71925,0.8973833788852638
71929,0.13503017550034016
71930,0.008699950354891114
71931,0.26169948550146
71932,0.1182092118198351
71939,0.24268677174676526
71942,0.08455997959999889
71945,0.17771927831235568
71950,0.15079237788224273
71951,0.150545136379581
71953,0.24332375057422143
71955,0.019056076354972817
71958,0.09567184780703034
71961,0.16704447776853992
71962,0.08447259204858733
71969,0.1493617329265748
71972,0.22457082380077278
71976,0.247849606382418
71981,0.26705373229911283
71984,0.24746997700260273
71985,0.027360887297366434
71994,0.12113001016754904
72000,0.08215193891358312
72002,0.07932804288884131
72003,0.5835928184205809
72005,0.507096629888145
72007,0.12177086025441464
72011,0.4633533798067229
72012,0.0504086588449347
72013,0.04126352072067569
72015,0.13866885461789655
72017,0.05518557850084179
72022,0.12042567443705593
72023,0.05004895095269405
72024,0.11000656865150198
72025,0.08752267561158038
72029,0.11261766216902667
72030,0.08625637511869517
72031,0.1378637216750918
72033,0.08384774521139741
72036,0.26612970592547797
72038,0.15358239808497462
72039,0.20974253906170617
72042,0.25712704594368213
72044,0.1328997076497497
72046,0.11342743383952979
72048,0.22883221265513923
72050,0.6348602183009191
72051,0.22425683224953358
72055,0.1573910132368067
72056,0.12528516783561292
72058,0.4815255866218181
72059,0.601459787268556
72060,0.15667265450538698
72061,0.034549927403506014
72064,0.2650121868021953
72071,0.00937819298719181
72072,0.07335632698117873
72073,0.06721127898510591
72074,0.0006722881694077233
72077,0.05857276389902553
72079,0.30751995977779406
72082,0.951292480453319
72086,0.06874576147987198
72088,0.12879536988672058
72091,0.04981111832552469
72094,0.031370595088389096
72095,0.08653037362138133
72097,0.018625689442878398
72102,0.027966913772672245
72104,0.05620733712874108
72106,0.030241774214240517
72107,0.044155202750526305
72109,0.6520006269933029
72112,0.5021016344544952
72116,0.14187709702570614
72121,0.058769830171429824
72125,0.1983380962163017
72127,0.13114157871969792
72128,0.10305957888552367
72135,0.22517288759637935
72137,0.197161282948702
72138,0.09432607648115234
72139,0.011824905219415626
72141,0.08528750952598234
72144,0.08146329329667477
72146,0.09412859904060528
72147,0.1562439566740618
72148,0.17633637178613304
72151,0.34022507688817977
72152,0.02460094660373608
72155,0.21809245418570283
72156,0.03972032410070325
72157,0.19843355176187588
72158,0.2989520392242795
72163,0.16712237251179088
72164,0.11480166165561018
72167,0.09704608571675587
72170,0.3491197017386326
72172,0.3300975058698328
72183,0.07651210990429655
72202,0.13673232096514285
72207,0.12838591413125788
72208,0.4089342947481947
72209,0.08164490029150216
72215,0.023319977761778077
72229,0.04523791946552512
72230,0.04930913808044897
72233,0.12020647602699737
72236,0.04550226964503409
72237,0.49917468963120865
72239,0.22206914415743742
72242,0.5415753187647895
72243,0.5310903679337476
72247,0.3465807496077216
72248,0.3549176212360549
72249,0.13614458639849594
72253,0.2820773631185168
72255,0.19437988391315422
72256,0.36296111006098364
72257,0.15433920012612998
72260,0.22934954487350795
72261,0.11673042810441378
72262,0.5189379462698447
72265,0.17378002854005423
72266,0.1816434078812733
72267,0.3395733146515755
72272,0.23668212361944377
72274,0.5829281794717687
72275,0.1763689414204924
72276,0.2721364523648245
72280,0.18401981678889767
72289,0.19734433272810778
72290,0.10191979735744343
72293,0.026807947251711983
72295,0.20987512301874062
72297,0.6785665298985293
72298,0.030719323620684677
72302,0.1220893293955168
72307,0.28292042594690675
72308,0.1514374007510416
72309,0.2319737341617053
72310,0.16010359262801913
72311,0.4493882696483861
72312,0.44437967752460716
72313,0.05776823614080703
72314,0.15711065336322716
72315,0.11040979411945492
72321,0.09238267313447203
72322,0.17906432919227014
72324,0.21409000495658506
72325,0.28327294582527585
72326,0.4228990425185512
72327,0.3429294101813921
72328,0.47629674428984886
72329,0.16674992272250463
72332,0.04001679021155827
72336,0.14181265652221475
72340,0.0005001740255091586
72341,0.36394715724548843
72342,0.009151074218738146
72344,0.21293981348857813
72347,0.8189576674089695
72349,0.06869706656196677
72352,0.23957167666314066
72353,0.16081814117691662
72354,0.09345406004955228
72359,0.8081800490817183
72360,0.526801961381525
72365,0.6925857299164458
72366,0.08308500109487085
72367,0.07747181133049755
72368,0.284173269831178
72371,0.033614325758938905
72372,0.9878455816287666
72376,0.05391772214038257
72377,0.12934374930517026
72378,0.04051907713027486
72379,0.1721105740121557
72380,0.19503361825450288
72381,0.1339466972803465
72384,0.1720467413528874
72386,0.09953220300591986
72390,0.2831415165878696
72392,0.045367975063890086
72393,0.05984451818463651
72395,0.11099313743730299
72396,0.042515506565937076
72400,0.16052993336876795
72401,0.044732409281285815
72403,0.05026979062614896
72404,0.3889228744424741
72406,0.26308232942673254
72408,0.14648764267390882
72410,0.03424803691930935
72414,0.07779406998604425
72415,0.3486897980440536
72418,0.04008885063467058
72422,0.11952391709305946
72428,0.20360008306553642
72429,0.08770423833339369
72430,0.4066523482094854
72431,0.03836076600470055
72432,0.30480030926732754
72435,0.13005103082103298
72436,0.169729452844868
72439,0.13890552536124684
72442,0.074678112243491
72443,0.2207025823880693
72447,0.18289273993006494
72448,0.1648693447686575
72450,0.2701789479965937
72456,0.13796510529005176
72457,0.313116014965701
72458,0.24201157712625998
72461,0.11151374263025005
72463,0.13316875122427652
72464,0.09291100243778742
72465,0.5492283791029829
72467,0.2665936754870206
72468,0.27942393931685644
72474,0.2469283859869814
72476,0.4049379797430079
72477,0.8428255001295717
72479,0.1748666968762205
72480,0.007854044403023298
72481,0.16173704101813027
72482,0.1923243868669207
72483,0.05104538159903369
72485,0.2753919354574784
72487,0.18881517716304694
72490,0.10088784024731261
72492,0.9038195099567472
72495,0.06333527234235009
72498,0.3164345319411354
72499,0.8706387643450298
72507,0.05714674063503062
72510,0.09184631159440941
72511,0.19168570173152166
72512,0.05078052064551343
72513,0.03461602028955504
72516,0.09319445691754062
72518,0.2264041757188795
72521,0.21120057581577986
72523,0.15612991084288314
72525,0.07514355152553741
72527,0.3521563258899692
72528,0.23014842143651223
72530,0.30296008596367796
72532,0.4419159897639093
72535,0.0396250466273144
72537,0.23014574335360385
72540,0.07925324726962867
72543,0.3187919537931905
72545,0.25436721730756984
72547,0.05183703270708008
72550,0.142645333165319
72553,0.28824620669995993
72556,0.25754329964544803
72557,0.058429310705639795
72559,0.13748221405904404
72560,0.19498284952702458
72562,0.3022666294598572
72564,0.07194108636191819
72565,0.03764927776459516
72566,0.11099991979620459
72567,0.14761159395180223
72569,0.25395019137514085
72572,0.15942785154270636
72573,0.32113792515788897
72574,0.107861606288699
72576,0.22243446882218965
72579,0.30425804875990475
72581,0.16283352810816545
72584,0.21469642877647835
72587,0.06478530862755248
72590,0.8006670804176765
72593,0.16868825710211485
72594,0.2795721785675896
72597,0.2732701777644259
72599,0.19219512916516557
72603,0.2469160759158175
72607,0.33016710695550616
72611,0.972162750974144
72613,0.37787291521126476
72622,0.14591956103235698
72623,0.14912223942491928
72624,0.09421620276528538
72626,0.3513759928646726
72627,0.10656424405543698
72628,0.7421157803876648
72629,0.09980587637055517
72630,0.017692348878821765
72631,0.10896203641935741
72632,0.38675633686254524
72633,0.2310876762341948
72637,0.18613071709015
72641,0.14009769782240822
72642,0.7954582179685384
72643,0.0808644487540449
72646,0.36320806987812937
72648,0.15304527687030134
72649,0.4727163393689432
72654,0.30214165591673225
72655,0.4885256334024732
72657,0.9479145810055908
72659,0.10896312968328176
72660,0.5566245455567354
72661,0.1020155783994657
72662,0.07717814598777892
72663,0.1833728182967954
72664,0.3239006123674365
72668,0.11965233843047134
72669,0.03776434705460569
72670,0.12101283429222523
72671,0.07655376347487197
72672,0.1435051511415225
72674,0.04465541421707463
72683,0.08102679337005217
72684,0.08973436388113208
72687,0.8933839347522152
72690,0.20319942230409885
72693,0.11367878399209871
72695,0.005320250522150154
72696,0.2503547725209587
72698,0.4642518972921275
72707,0.37044395181745476
72708,0.0834751437005307
72712,0.48796941786074005
72715,0.04676403928516124
72716,0.8807353203530738
72717,0.13204366858633276
72719,0.5765122642459817
72720,0.7192135104604306
72721,0.159757644977793
72722,0.12334443273994132
72723,0.7723020960844535
72724,0.5392499504106878
72729,0.031829290949056226
72738,0.08405214692957122
72739,0.17392081054296896
72741,0.2344027729256758
72742,0.16909652630111302
72743,0.17253615647103532
72744,0.2281923317737964
72745,0.3064127485064705
72749,0.1401996462237234
72752,0.211988549326277
72756,0.2572977234524506
72758,0.9491143495479238
72761,0.43319191927134143
72762,0.02245944708451564
72764,0.16633559355563954
72770,0.2854584895991978
72776,0.500147474093699
72777,0.19695230404297168
72780,0.04832741345452667
72782,0.9129598851188415
72784,0.173705539195483
72786,0.4526597509874415
72789,0.1866936490303664
72791,0.24851385245678848
72793,0.07289856725332994
72797,0.07600904079216968
72800,0.04002411053920606
72801,0.06174577159024304
72802,0.18046056015968157
72806,0.061013403425559415
72807,0.12473913211442417
72811,0.08816085532095001
72812,0.17304103240664181
72813,0.04605476054677731
72818,0.0024152174647231474
72820,0.7095019417792432
72821,0.4642183876050721
72822,0.2034032812773171
72825,0.05138173950187241
72828,0.1138546014845389
72829,0.39252267823229803
72837,0.06970429696252124
72839,0.16674702691006343
72840,0.17378857309072812
72844,0.12981963371447736
72846,0.29151717542033784
72848,0.47158587358889054
72849,0.168505243075611
72850,0.04649115282473014
72852,0.07029134623741999
72853,0.14164028990657826
72856,0.9151939651582356
72857,0.20241950191080335
72858,0.8632544592738254
72859,0.7684428323612028
72861,0.21330796330567334
72863,0.9787775798879328
72864,0.04927980488148861
72865,0.10282823735581452
72870,0.9985564212504009
72871,0.1454780303004709
72872,0.13681598292725142
72874,0.09626987951582056
72876,0.03103670909310384
72877,0.06885088544353098
72878,0.6083097042465523
72880,0.04947747839037982
72883,0.07838632030937526
72884,0.13542383499335123
72887,0.18798065295547378
72889,0.25910911677937143
72890,0.05100003213384746
72893,0.35838531341291935
72899,0.5603744108665074
72900,0.504393385369357
72902,0.27912870043974475
72903,0.16699536969290082
72904,0.5487868373953597
72905,0.3050429993675093
72913,0.10818421404988016
72914,0.22695738812190347
72917,0.20953201235766053
72922,0.23396597495558782
72925,0.8074372011108525
72927,0.20507201123298163
72928,0.040217856012508206
72929,0.38989871902602397
72932,0.13966697134347503
72934,0.08390246631029999
72935,0.09668897058863075
72938,0.32093940595716364
72939,0.190229742762381
72942,0.13607639908208483
72943,0.6808857346240611
72944,0.972599636487562
72947,0.35144722077712937
72948,0.2571395638353126
72950,0.1650174416721069
72951,0.01918753486457257
72952,0.02450976820343443
72953,0.13107626236082115
72954,0.07104625981234666
72956,0.03536029160981883
72957,0.04575125591208171
72958,0.0982545781902182
72961,0.15613597250160804
72963,0.3714283869639845
72964,0.04053944080347947
72967,0.11570083875909117
72972,0.09378229595742292
72973,0.0453005642308399
72974,0.20155477650061168
72976,0.18092093988206623
72978,0.06139526491426633
72980,0.208809277588962
72981,0.2827045825082003
72983,0.19348745040557527
72985,0.12260519372785335
72986,0.15547002771324192
72988,0.25420410569885665
72989,0.21585948786497222
72990,0.005453956304509474
72994,0.15941023455214842
72995,0.25796520337072587
72996,0.17553727775137556
72997,0.32911055104741266
72999,0.33183346455459356
73000,0.3689453031899403
73007,0.3367151133039504
73010,0.11021263809540757
73011,0.008055201887326313
73013,0.13781247793757742
73019,0.047898887266714554
73020,0.2691432524227725
73021,0.23222190369786042
73023,0.1458442667773016
73030,0.09208293580219583
73031,0.2532069582153568
73033,0.349047884245645
73035,0.44183090060299385
73036,0.1398290248841478
73037,0.9167008779640994
73038,0.05628471771504198
73039,0.06404253983423577
73040,0.11854771412926736
73043,0.17344389482918127
73044,0.39379386650249504
73046,0.05348759437878745
73047,0.2011954697914144
73048,0.27401246766010495
73050,0.1957175712005976
73053,0.13597497342622247
73055,0.12204997841293765
73056,0.3184950237252308
73058,0.12246572670267647
73060,0.12525034580900837
73062,0.19952001560267482
73063,0.09086248472947221
73064,0.05703535780514115
73065,0.04119744231151279
73067,0.4071101768949529
73068,0.1462956342109813
73071,0.014272943687334732
73076,0.18417493832062168
73078,0.07264269666926801
73079,0.05706805196822057
73080,0.2746028354062387
73082,0.900640147088114
73084,0.048364068771879265
73089,0.16673349793208603
73091,0.05685442097839644
73092,0.07144003035451499
73095,0.44160684696805835
73097,0.46470849432506844
73098,0.3198268707252808
73104,0.22393787977898258
73109,0.11048338591209837
73112,0.11277948831088028
73115,0.16988797345149917
73118,0.47704872249506797
73119,0.17079346587146474
73120,0.026884847921947053
73122,0.31109487209236414
73125,0.23179124380439442
73126,0.06521357212215882
73127,0.07451239048425198
73129,0.3054053928274601
73131,0.028702377687541254
73132,0.08472359720892962
73136,0.062342469895106264
73141,0.054056785995570344
73142,0.29151918405443134
73144,0.10095400140287457
73145,0.24349689781623174
73146,0.2719347768900885
73148,0.11439308925854288
73149,0.685657683752182
73151,0.021620859275388135
73152,0.2064780477069009
73153,0.05826798532340079
73154,0.2285533323047629
73161,0.12922106377468404
73162,0.3206682445773115
73164,0.12514079223787686
73166,0.25004017993474265
73167,0.2059132343110573
73168,0.07641471966983042
73169,0.10919410387262715
73170,0.12893574556895093
73171,0.07233326599768442
73173,0.06401095200759759
73175,0.3938810005885088
73176,0.37102938045106715
73177,0.06374886346046764
73180,0.17135567944484484
73184,0.10822281769468757
73186,0.10091404994107625
73187,0.08713339872547197
73189,0.20831098447749208
73193,0.2417703360093471
73194,0.109835738486776
73195,0.125210145553128
73196,0.030942045088978846
73197,0.09241730020745835
73199,0.4014686827877186
73201,0.23284584021426402
73203,0.1867088395545396
73207,0.03639451345945809
73208,0.2454210235293052
73211,0.2554180272895111
73213,0.9585291927719598
73218,0.14078894867960712
73220,0.3420385958013379
73225,0.12218694420596227
73226,0.35694197053763643
73228,0.27804474747467905
73229,0.058966610360886657
73232,0.15393349047799365
73235,0.9355891616791796
73242,0.14537083040662674
73243,0.04605104874973296
73246,0.2405576923198559
73248,0.22303029724464754
73252,0.2719397167206288
73253,0.216833547333784
73254,0.1043877120950679
73255,0.05445464627778878
73257,0.055300789122974287
73258,0.023836474284201686
73273,0.048636940803429625
73275,0.9545644451652342
73277,0.21842948584333316
73278,0.37582044299285916
73280,0.042193035937184584
73281,0.16503061452032544
73282,0.1873507915907415
73283,0.04217580354825069
73284,0.05805477781038783
73287,0.028458096149161508
73289,0.9007538462518258
73293,0.0932948872399467
73294,0.03133102165340098
73296,0.06865865009105805
73298,0.06655442170343448
73300,0.08716409861494331
73304,0.09491670581553405
73306,0.27566452474591535
73311,0.02999504420982286
73312,0.14273958599886713
73313,0.09351290145583832
73315,0.21752282958743607
73319,0.06016602522166918
73322,0.05319410939519374
73325,0.058910148812944145
73327,0.16183256985302516
73328,0.06693497426856475
73330,0.03589111797462146
73331,0.004907318318357816
73332,0.03339543084819588
73333,0.042212752299586806
73334,0.048242457165164676
73336,0.22697734120041776
73337,0.1547095834409018
73339,0.02650746969876943
73343,0.12598212576244391
73345,0.0794232505304308
73346,0.16241383890233344
73347,0.22269756757738818
73353,0.2066953806179673
73357,0.4938450808293219
73358,0.0541486296493457
73359,0.13931503552519012
73361,0.04695965651911542
73362,0.03472226499348304
73367,0.27991445115436314
73371,0.1736626818043007
73372,0.09637515177421162
73373,0.3634632351970777
73377,0.11556703262774325
73384,0.3788976434626791
73387,0.04263079259884197
73389,0.23168166227459835
73390,0.15011581375472
73392,0.0723671700064716
73396,0.23957638714277596
73398,0.39682978424078486
73401,0.20195572089554115
73403,0.22610950417568446
73407,0.12364334121236646
73409,0.1476660745459319
73410,0.15952725762050335
73414,0.12333279486728373
73415,0.11969683134008853
73417,0.1780490547934504
73422,0.10528589895685926
73423,0.2852601369322883
73425,0.07472856955279235
73426,0.19517575340705373
73427,0.18415917183175057
73428,0.435844688031603
73432,0.17358019421285506
73433,0.2715978656946611
73436,0.054860219736885124
73437,0.08744608394975045
73441,0.13901275996728474
73444,0.25012726458523454
73446,0.2767257539491446
73447,0.1738122039579421
73448,0.09327533313092086
73449,0.9155145203644768
73451,0.971498642455671
73455,0.15173722352462224
73462,0.35196757264261014
73464,0.5222193356802334
73465,0.7745101145495131
73466,0.13157126125387164
73467,0.23957568708750407
73472,0.050996264830329326
73473,0.03402850701929832
73476,0.2750852391843328
73478,0.20186086891306715
73479,0.5477143375726998
73481,0.24114886204112598
73485,0.23797498247246363
73486,0.04445919065333039
73495,0.13405207370889852
73496,0.2182931729717519
73497,0.12474419253369576
73503,0.052003731429479366
73510,0.03829873018135265
73513,0.44041982519251527
73515,0.36988953385761864
73517,0.6143643672050783
73518,0.8936520501409149
73525,0.1107401061175751
73526,0.053644174073330254
73533,0.27815512465456554
73536,0.7316061595673751
73538,0.2968686443444272
73539,0.04954878606622865
73541,0.04940502574739172
73542,0.053518106516885273
73543,0.04215093718153221
73544,0.020099326783533496
73546,0.09192261175231747
73547,0.19525036848337057
73549,0.12851445881509652
73552,0.07040937498806313
73554,0.19043215043044676
73560,0.0869171737173759
73561,0.34253487488489026
73562,0.7278997733066644
73565,0.41336075431569935
73571,0.6023563310475528
73572,0.17075146388907667
73575,0.07364689596115524
73577,0.44757241503666123
73578,0.26470964257314455
73579,0.0405080618440616
73582,0.1947155290870649
73583,0.045336832284826864
73585,0.03590884642235101
73586,0.0540622331649605
73587,0.2395123782423628
73589,0.47542886729708494
73590,0.12008839269719215
73593,0.09183564471401277
73595,0.8437100078332449
73598,0.19085227104614103
73601,0.08678677640014669
73602,0.09130034449490515
73603,0.12305376770182108
73608,0.16049437314483003
73611,0.15766967405812604
73612,0.2710880575122261
73613,0.03768498598160016
73615,0.19197929365627353
73617,0.2769058842222884
73618,0.2100726649647618
73621,0.40847957681484665
73623,0.31497800462460185
73628,0.08901963415315521
73629,0.08988317994904856
73630,0.9214534443377723
73631,0.2733894010070594
73634,0.18858803396756366
73635,0.29543649197590593
73636,0.31797631531435167
73639,0.2343418723593492
73645,0.117853858392454
73647,0.20347029113338905
73648,0.16786054296303607
73649,0.4153364994771632
73650,0.3972871785457576
73652,0.07184637896744042
73654,0.0709569387842106
73655,0.031570018788525465
73657,0.15776246673279032
73658,0.0690438490163983
73660,0.17127651209181338
73666,0.03788290321154428
73667,0.06196724579070552
73669,0.31083281427762216
73672,0.21216527184005893
73674,0.9200842991336271
73676,0.18113527587166048
73677,0.04546132865894605
73681,0.5634083863707738
73682,0.1099795340444661
73686,0.9476533261145639
73687,0.21037827563874473
73688,0.3180561550834979
73689,0.3729908402537527
73693,0.04409976043878546
73694,0.20500359023830653
73695,0.13231778461182178
73702,0.0874509002420885
73703,0.45863847462282986
73705,0.0979497919527605
73707,0.20411657469524105
73710,0.3517806785382164
73711,0.08222463699718706
73712,0.2653942385403762
73715,0.11809046216474328
73719,0.3722300293752915
73721,0.13402771179742842
73723,0.9065701496303992
73725,0.12562516746291125
73728,0.06523448688289606
73729,0.13733787850734086
73732,0.05522485420602397
73733,0.11545983913117701
73734,0.16259188712025896
73737,0.4142346285518076
73739,0.033962479232776406
73740,0.07573855277591202
73742,0.2820265024549746
73747,0.16318498753724173
73748,0.13061010586469204
73751,0.16836568317697884
73752,0.12222432555884537
73754,0.13879895325301986
73755,0.11847163860264932
73756,0.1050839681886194
73757,0.3106112105159558
73763,0.876108092115201
73765,0.8987731504149458
73769,0.3220919365071796
73772,0.11136891741548335
73773,0.23489688387004062
73777,0.14873609215599043
73783,0.1665909746367187
73791,0.020845929943668406
73792,0.8019932900592766
73793,0.13488130735756992
73799,0.09622163485726581
73803,0.03199427254324269
73807,0.3643137129665992
73809,0.2976351483106889
73813,0.0029135503350196847
73814,0.6327803492472995
73816,0.1314409002675951
73817,0.10316769544186573
73819,0.06551813978034537
73822,0.3160260345684877
73823,0.13361907133418283
73831,0.35307010458224797
73834,0.015268394990051996
73836,0.16207252034732209
73837,0.07180953923721131
73840,0.09937585371038805
73844,0.17789590339968941
73848,0.1010137379297414
73853,0.28644227217883184
73859,0.042983533743369086
73860,0.11428949045828968
73862,0.15342494577228666
73863,0.12303482262640106
73871,0.03334643151234725
73874,0.7510487781738489
73876,0.3791725533154067
73878,0.18966180164238616
73882,0.32148725119432686
73883,0.3720898363534512
73887,0.32469763593331774
74060,0.3187165814221742
74061,0.23286658166424282
74062,0.09371948547420535
74063,0.2856904866920039
74067,0.11529575183568375
74072,0.13227130503567044
74073,0.18703443282689025
74074,0.22365576416909744
74075,0.21869947298575443
74076,0.2545832792614371
74081,0.13897769970139331
74082,0.38180973175150296
74084,0.14902547842662103
74085,0.004161213864266852
74086,0.021236505296885977
74087,0.06666642259597742
74093,0.18929959583709435
74094,0.1053078231303735
74095,0.08353809084379649
74097,0.12452289846379837
74098,0.08975573608586784
74102,0.09666728569405121
74107,0.15264126315164642
74108,0.21167404864145883
74109,0.14525733818976516
74110,0.023877840573940417
74113,0.9483262442299623
74114,0.2691718049382308
74116,0.1558488889622441
74118,0.07667864059609351
74123,0.1953530397122586
74126,0.4292965906698133
74128,0.04040750258167419
74129,0.07609615631611431
74131,0.052965001519190445
74132,0.04198028454103216
74133,0.12243460712196841
74134,0.03678362955430719
74137,0.057806854474810675
74142,0.08242685552350827
74143,0.08147709659799533
74144,0.22592819828203736
74145,0.6977523065496711
74146,0.1353117985770156
74149,0.49719126228869887
74164,0.33167687175488186
74168,0.07115259511944494
74180,0.1925336703223621
74181,0.5845996750094635
74182,0.25390556416448384
74189,0.20020716535106392
74192,0.568881827422316
74194,0.08866452117770691
74199,0.003534320098569975
74200,0.07035302694079723
74201,0.1602488138607335
74202,0.39773529802641866
74204,0.5478471501912501
74213,0.12067611681997152
74216,0.2934902575878052
74219,0.21847480026457114
74220,0.28372120656385824
74223,0.042249247444993296
74227,0.17202021857754976
74228,0.08833494866741455
74230,0.10580622516356683
74231,0.22693481996355466
74232,0.20284112669462656
74254,0.03087207823500853
44344,0.045236816960431275
45840,0.10384673635720898
46357,0.24717371297820284
46366,0.06250291792385311
50190,0.052732132079631094
50194,0.1624690200140466
50217,0.036722255973541174
50219,0.024564714529561944
50224,0.19962739746666971
50231,0.6136386062379751
50235,0.0774792254819103
50250,0.28374660646351196
50253,0.9486533492081828
50286,0.020281462677409847
50290,0.5019726272490558
50312,0.07397157822930156
50314,0.39218184972045633
50351,0.1389740582528643
50363,0.03024530584299594
50369,0.6234943224642953
50413,0.4432138893637571
50454,0.8059499718388689
50468,0.6652943244767953
50481,0.20572710497642177
50491,0.14846258972404477
50551,0.03566536100727339
50552,0.14594919235460116
50569,0.15786518300752134
50575,0.09167398276797764
50590,0.5556701645007697
50594,0.4868238970651086
50619,0.3196081029290745
50631,0.38052487956407244
50642,0.055858551212342906
50666,0.07858674763046569
50683,0.5863651206877795
50689,0.8252978813883988
50697,0.013338049735869982
50698,0.1098652932603808
50699,0.03986796457944813
50709,0.22192813790149643
50718,0.6355238970260859
50741,0.07754465886021245
50749,0.6704929415238995
50768,0.3933644585199214
50779,0.0723844936481801
50783,0.039367318952011184
50797,0.6170323785525371
50803,0.04860684178721872
50851,0.4436390792873565
50870,0.7719445125573344
50878,0.1156371702543715
50880,0.17358692291753636
50911,0.11942516653598735
50927,0.4900294324485892
50939,0.1692058430616382
50942,0.2705297724602783
50957,0.4839693265019477
50994,0.16921258225172028
51000,0.06579658297892747
51013,0.08991875607800333
51021,0.152631204554214
51047,0.23395878026440575
51048,0.12999958882046558
51094,0.1633261445355529
51100,0.22644167111802993
51111,0.3913811059787748
51114,0.7705811429988815
51125,0.40011894884280463
51170,0.7568467638573311
51181,0.26198030725694027
51238,0.029895275227563273
51244,0.1528345338005486
51265,0.12828545906215164
51304,0.006574722881308087
51323,0.12174977454929611
51327,0.24620917345350188
51329,0.054235893193863204
51415,0.8468346454533646
51545,0.05295458989185984
51547,0.05658841341842171
51573,0.3778127570856892
51593,0.8985589868843343
51618,0.38732852521029765
51627,0.1968606921334862
51686,0.07368380478956874
51703,0.6258973189463187
51784,0.06657634715420344
51800,0.06469750425829025
51844,0.12299941911416383
51861,0.06219328605617526
51881,0.25883699926908027
51885,0.054101042057889556
52022,0.09047365426919356
52092,0.28844461963971263
52175,0.5230798098459175
52220,0.3653933684154286
52230,0.07343749642172592
52257,0.12696201025033022
52280,0.09391015575833458
52346,0.2164554387368863
65428,0.31751672698813704
65429,0.42767888834773393
65433,0.08477002662887057
65436,0.5932922208515908
65437,0.11630946470833617
65440,0.14997759064992572
65442,0.5200891499918319
65450,0.7284303155474361
65456,0.5727013445219328
65459,0.7309679168208576
65464,0.06716899275926236
65465,0.06886597681458702
65466,0.2366121665508128
65468,0.09221797286366096
65472,0.02609002809379549
65475,0.08559907075055383
65479,0.9560801417171584
65480,0.2920201401399361
65481,0.7662736673760763
65483,0.41797925632885546
65488,0.20688728640052023
65492,0.9388419782574899
65493,0.914373689561782
65494,0.5083596270610583
65500,0.6809411329962979
65502,0.093351861670333
65504,0.2121541988871573
65506,0.5720854384303425
65507,0.4312451598881952
65509,0.2215586142516401
65513,0.05855260440425071
65514,0.20850906782572
65518,0.13959809839857829
65528,0.143871630881433
65529,0.47780393626817214
65530,0.832687162787523
65534,0.3955807222758928
65536,0.3472973677218479
65537,0.056016323208722664
65542,0.055190427739469174
65546,0.12588087125574204
65551,0.15330706017668838
65556,0.10211442913443328
65564,0.13865372592411698
65570,0.7787839465000167
65577,0.18093645051437457
65586,0.5290676936751846
65589,0.944649954019893
65590,0.35634508087206473
65591,0.06456058432990643
65593,0.2007829298331606
65594,0.6999830713249073
65596,0.9579737545414104
65600,0.3209363981207294
65605,0.3517325305250064
65606,0.0632020158225608
65608,0.2626043232311125
65609,0.04114573775038235
65612,0.08488219533851618
65613,0.17778513317593203
65622,0.09294547371411813
65623,0.10601950325544512
65625,0.10944223507777942
65626,0.18414874192103328
65628,0.48771223324015145
65629,0.1863363959560319
65633,0.8971709986553417
65635,0.20413580479283763
65636,0.36433047119456646
65638,0.20069870320813704
65645,0.11206096165570527
65649,0.42700203056326574
65654,0.4523637792432278
65655,0.8981518849455665
65657,0.2343054220842889
65659,0.26359998264696
65665,0.09361255561076216
65668,0.7621702420012909
65669,0.4887340760702559
65670,0.21339843924127647
65674,0.9150380278568013
65677,0.09891827753221122
65685,0.041799518902638465
65693,0.22364916714406552
65699,0.15470278358545017
65704,0.8350621760338318
65705,0.12354105994799505
65714,0.9679278479943476
65716,0.7622972025874943
65718,0.43516501614563163
65719,0.19504872816087693
65723,0.08001452951741017
65726,0.3389717223965822
65730,0.16211915869259935
65731,0.9037472084180134
65733,0.09070583932569033
65736,0.16684820246966056
65738,0.03112163338203847
65739,0.17691321018160433
65740,0.1900516554278412
65743,0.8374025561081375
65744,0.7845459550452041
65750,0.11299168409889296
65751,0.8141009191796598
65753,0.21842768712951285
65754,0.2773848348409391
65755,0.13723195351916337
65759,0.8303671314031402
65760,0.08120379235418372
65761,0.15706966416826484
65763,0.29240654612899186
65769,0.11644819959556277
65771,0.1788909938550699
65774,0.27590378292287654
65776,0.12210827788139308
65777,0.13507461884503666
65779,0.014160931091760873
65782,0.09584637502509145
65785,0.1555402414682175
65786,0.12885527859270932
65798,0.2660791311598393
65802,0.06562369789824976
65806,0.1267499878851525
65811,0.9071617398161508
65813,0.06687592538591658
65814,0.5838369212011679
65815,0.6102761628856327
65825,0.07227778439439694
65826,0.1674142476300898
65829,0.47399523751311096
65836,0.19220338696077055
65838,0.14911419658889413
65843,0.5240582957053254
65848,0.6878971012302095
65856,0.7084218883733868
65860,0.04926570783288733
65861,0.3336728727950783
65863,0.1295005237779716
65864,0.21876058611553595
65865,0.07498056765569157
65866,0.8634738945646664
65867,0.5690564989001899
65870,0.24309461708950728
65872,0.042827569073551175
65874,0.32628312642991714
65879,0.9294914347975467
65890,0.4723734149251278
65893,0.3548502604749651
65895,0.2235998705522755
65899,0.2785118554999408
65902,0.12741455685451308
65903,0.124431942503731
65905,0.10104999529304935
65907,0.9495788513130522
65908,0.1708493340646453
65924,0.7298047804160347
65929,0.6807689866700942
65930,0.20399575550341056
65932,0.7330522488924948
65933,0.7142420722106717
65937,0.3446754456963532
65940,0.03974364903113468
65949,0.13472559496072645
65955,0.11784838038285736
65957,0.06410383276803339
65959,0.05930181962291665
65961,0.04083762856822185
65964,0.3301205413349378
65969,0.3096997312055418
65972,0.05280734902117243
65975,0.06404729796859367
65976,0.23984636639250825
65983,0.6817165512115848
65991,0.6620807992594384
65997,0.5028163419425804
65998,0.009124010561537974
65999,0.09774657011619632
66000,0.025637414348778153
66011,0.6049642820920642
66013,0.25552612538135394
66014,0.15445282486133366
66015,0.3078118036921983
66017,0.14250762827412214
66023,0.2195453969390188
66026,0.26156792671230134
66033,0.020248431078337157
66034,0.30800693255077716
66039,0.25400357450166183
66043,0.08257406165293174
66050,0.27668217419521424
66051,0.6461948287779212
66052,0.05939940030659497
66054,0.1483939179662451
66058,0.4854058142994634
66059,0.16016254981274963
66064,0.37377944390908724
66065,0.26034860690836187
66070,0.8373109120369291
66072,0.6944508674077816
66079,0.07676208393977871
66081,0.10748752324381497
66083,0.09980549500620889
66089,0.055220202874914595
66095,0.2707769147851721
66096,0.5501912803178965
66097,0.9606019640906204
66099,0.46745975856253735
66103,0.03935565145966092
66107,0.6994306055477546
66111,0.19008119064243392
66112,0.26705308050062737
66114,0.4474488740983014
66116,0.24285337395696552
66118,0.01096244321302228
66120,0.13266277113207006
66123,0.03861339886920663
66127,0.09776149369800687
66133,0.13409454725569864
66134,0.13050150290174395
66136,0.18400331949152463
66138,0.253007105684355
66144,0.25297006113355464
66145,0.5275807190140847
66149,0.30309148762946847
66150,0.25773520896092605
66153,0.14814542769805278
66159,0.30741096684534996
66161,0.24866664929468177
66166,0.1770867118383444
66168,0.07333512368862448
66169,0.336356579532754
66171,0.24936107840648158
66178,0.05744584826400616
66182,0.330264921424815
66183,0.3903759333888291
66186,0.6486584580160808
66191,0.10676013851179758
66192,0.1489211428544331
66193,0.053098068346078955
66194,0.16465059566889473
66202,0.5035755539705684
66208,0.40704590498416865
66210,0.3869031774278452
66211,0.48005024448488803
66212,0.8643221595154476
66213,0.22516559866104666
66215,0.5533232035896456
66221,0.25188959410064493
66225,0.2984430119937587
66226,0.7930605792892875
66233,0.28347927591867605
66234,0.4142394551955739
66237,0.025816611445155034
66245,0.5608809942916178
66246,0.18814850732697963
66247,0.27949678975722414
66249,0.22231844241806337
66255,0.753635349292863
66263,0.05983002972662006
66264,0.1482060611681083
66267,0.125725753393326
66268,0.06658819889013164
66276,0.1258283923010871
66277,0.6078101848746856
66280,0.07995606983701344
66281,0.7578896114858168
66283,0.5061434592103707
66287,0.3600722101101098
66293,0.41604692658469133
66294,0.2790237017260182
66295,0.8075706835746801
66298,0.4480732890861414
66300,0.12978123908304123
66303,0.45719651388016685
66304,0.6470247479965062
66305,0.52130004879976
66309,0.10674546341913557
66311,0.5462664273324862
66312,0.08530757842436652
66313,0.30201852978999844
66316,0.06699739065890085
66317,0.2756986331522383
66318,0.5574147152020289
66331,0.28122970287480076
66332,0.11312766936183805
66333,0.264030721645161
66334,0.14949455241093967
66340,0.49755217544968594
66344,0.22306888738982258
66345,0.34236211973050157
66346,0.2038068178718164
66347,0.3568564912402904
66349,0.17478258566670207
66351,0.6876774090396305
66352,0.7355486885876654
66354,0.020413755349904424
66356,0.4445965054783669
66360,0.20564796478749797
66361,0.12189753082125569
66363,0.28405581312687983
66364,0.5068413506583841
66367,0.3598067498177957
66370,0.15932339891651806
66375,0.9546996212625085
66379,0.07292952491577243
66384,0.12348603903204017
66387,0.24978615253729705
66388,0.457094757569556
66392,0.06696481535104548
66395,0.25570294486828304
66398,0.4937969733922376
66402,0.5659534560743794
66403,0.1238229531971458
66414,0.42902718960869846
66418,0.223320095028821
66421,0.06749607583170726
66426,0.07251757854914573
66427,0.08226758601516636
66429,0.06660958737575956
66432,0.15384483802384127
66438,0.7862525902370346
66443,0.11243372239711649
66444,0.07835259417129946
66445,0.22344022503991928
66450,0.10209862536135468
66457,0.2008030258789891
66467,0.037633099456111076
66468,0.08143243218821704
66471,0.558236131840022
66473,0.38929694254422836
66476,0.562833955109581
66477,0.28732119457829125
66479,0.2805778642904121
66480,0.8710421986779873
66481,0.800720158616229
66486,0.29940038265951785
66488,0.43039053103321834
66491,0.10580905901965235
66500,0.2148813371262095
66504,0.11975845871713382
66507,0.1083470818177952
66508,0.1428414763088046
66513,0.3462162137489704
66515,0.7144404662196152
66517,0.1883259103880165
66527,0.6298963993499327
66528,0.8376175498174451
66530,0.3987354065836113
66535,0.21932415472973402
66539,0.09868880224429669
66540,0.23184561250816008
66541,0.11195023000375981
66545,0.30079859731870107
66556,0.7506544269226082
66560,0.050795512510283226
66569,0.4391869511201556
66575,0.2888372777716418
66578,0.5590342701300236
66582,0.04240229190186919
66587,0.3450185648675898
66588,0.08965815106458229
66589,0.2241929489722311
66590,0.1010260080591049
66592,0.6510740074489305
66593,0.39866954580734615
66594,0.8480958526018244
66599,0.09835207573822344
66602,0.06947986083462045
66605,0.01344421513012066
66606,0.287530493245068
66610,0.4615299654116816
66611,0.1511261064191374
66614,0.6576680497983827
66618,0.47099877456627565
66624,0.049379622880190426
66626,0.5816189445970827
66627,0.09098691158795749
66628,0.02873819617247825
66631,0.16479033245724772
66636,0.3195609865277014
66638,0.28652717076996864
66639,0.013599812378610797
66643,0.7464826903187989
66645,0.7437278990924595
66648,0.39395923932279114
66655,0.14333586559821712
66656,0.5914032980608824
66663,0.3814267040063615
66670,0.09569015462244787
66671,0.1489806138989964
66672,0.0912352262552322
66675,0.21901788967400407
66682,0.03542372955378389
66703,0.047834449380438425
66708,0.8953151209794963
66711,0.15926810619955892
67483,0.27401299840212084
67487,0.06770575099043796
67512,0.1371934077217572
67520,0.17657995286349035
67557,0.1745665257366328
67563,0.3202138513458367
67573,0.05854989798024422
67602,0.19672051656847858
67641,0.3401395953007432
67668,0.210038127288629
67684,0.0824608932363331
67692,0.026458882313566755
67707,0.14522187799092828
67735,0.10957829857887666
67748,0.030025751363499803
67753,0.1460584012438213
67788,0.04381709453046206
67812,0.4487569602889456
67815,0.10860828178629765
67818,0.11269028445970614
67824,0.0655573478741885
67830,0.10964129914097892
67841,0.1331981792258164
67860,0.17364341185929072
67875,0.42685744865678843
67888,0.0538823294918703
67915,0.06431015201005304
67956,0.09739413447382847
67961,0.5769705180040484
67965,0.06353335525133595
67968,0.03881157458541519
67986,0.21520206994427118
68019,0.08260016222979091
68036,0.03225731785214923
68068,0.0334673647226755
68075,0.11227060753259686
68091,0.18354701088962866
68099,0.0965403969726714
68110,0.0683156461819293
68154,0.045904756244559954
68161,0.028868374543877126
68173,0.07778680445407248
68201,0.008836540016072033
68217,0.045218633054789424
68233,0.1735988797403912
68296,0.30751902358878924
68312,0.17883221525389045
68351,0.8648044965338242
68352,0.25733019681127467
68363,0.08683937238053874
68373,0.1165453960779672
70253,0.2601637933973232
70271,0.17486743238937297
70274,0.4724326450154684
70281,0.07969349322990098
70288,0.06470326542178233
70302,0.052880871923052596
70322,0.08778539348189514
70324,0.011783084159182524
70335,0.9632080628943339
70348,0.3290544233075153
70361,0.012615949106252506
70362,0.8724476531021013
70365,0.08703317229301075
70370,0.8764216552028458
70393,0.023252939420953963
70400,0.10322031787609305
70405,0.35786225272249916
70406,0.05614561096231164
70418,0.17641855913405402
70424,0.34608558432270303
70433,0.6756575161243712
70436,0.11830258301893658
70447,0.010414198014429636
70451,0.018369642963311537
70452,0.4137250234271322
70461,0.9875538346134534
70477,0.029008126136927617
70485,0.030532992443303732
70492,0.04086269634017678
70495,0.18051805577518246
70497,0.10334222672648297
70498,0.08702347993935167
70505,0.1319629044058901
70507,0.04814702994528069
70518,0.04147673472735888
70523,0.01587707340587265
70530,0.13510009308514515
70535,0.049196213296858304
70539,0.6635329548593311
70547,0.16627800249846475
70564,0.11828996200008442
70565,0.8838765179037874
70567,0.3329278276985262
70581,0.1851559890388629
70583,0.25067277848711467
70598,0.010537908063908872
70601,0.020172010464730026
70604,0.16503198168110542
70607,0.18716772277907115
70613,0.8512436845274572
70614,0.11578279337477249
70616,0.24451594107806326
70629,0.2985745147562494
70636,0.1836913607121908
70642,0.730252656209733
70645,0.5779965638429039
70650,0.9234977818482121
70656,0.09185025081936772
70657,0.05570071051636433
70658,0.41438890745384505
70659,0.3690142564780124
70678,0.08052147191012991
70688,0.03149484957107791
70695,0.2041010492844864
70717,0.9138833922944095
70722,0.024689839419935466
70724,0.030978814170316844
70730,0.1719815455905557
70733,0.17516252004946126
70738,0.06631820056623507
70739,0.07735977163995282
70745,0.8909899828682664
70752,0.08756049332422994
70765,0.030818898838940803
70768,0.049049784377559885
70776,0.05192555105945202
70777,0.12205083219075967
70790,0.11179848406931023
70797,0.011305946251869483
70800,0.20699567690931492
70815,0.013960265916864969
70820,0.06002081839265927
70825,0.8092232484435332
70828,0.22733485526290056
70840,0.1873857813281171
70844,0.5028602564089848
70849,0.19568112951972727
70860,0.003867032473704631
70867,0.09189670603328642
70869,0.004172547156353795
70870,0.04834366112370803
70873,0.03730196039044023
70876,0.06907087283515646
70880,0.9946683912518247
70881,0.050378072562278296
70885,0.14510052161221448
70894,0.1708412570219349
70917,0.03389942209685699
70925,0.43155628938125795
70930,0.45161499514316045
70940,0.04391228067441989
70957,0.6023651150470236
70985,0.05120298109837504
70991,0.14307191286805818
71009,0.26106992015869407
71028,0.09174575534476767
71029,0.04147088323738597
71033,0.0688319910695468
71045,0.058074343048505166
71048,0.7127663588219122
71049,0.20328506676899263
71057,0.13062052971322313
71059,0.12810493091964106
71063,0.21950910713769128
71074,0.05092778378028228
71077,0.051253166803727865
71081,0.32730238279381546
71083,0.04877554676614327
71095,0.3069274522239124
71096,0.40907303339312584
71098,0.7374228869382577
71099,0.1469378691541939
71101,0.3176923665472159
71102,0.4096553398214065
71103,0.1369255577657986
71105,0.1646121619194159
71106,0.0896653691771104
71124,0.2760480349266783
71126,0.05422227933735093
71139,0.21891397861133177
71148,0.019088059622875547
71154,0.037177690220281015
71158,0.03034902215298576
71159,0.6775700103782637
71177,0.0852532889268046
71188,0.11133225517127666
71195,0.17812895654123692
71197,0.011038592122396428
71201,0.16142618105628098
71211,0.06112354404412476
71215,0.09787730577598724
71216,0.15057144014063703
71234,0.9522809904522529
71239,0.06730414832102251
71241,0.29438467591087086
71263,0.06213134853749051
71270,0.04300533435029046
71271,0.1688479433948552
71273,0.17973688958837372
71274,0.23594404216850684
71279,0.556888184357759
71292,0.1127453681427797
71301,0.05089526799701327
71306,0.5355034134246719
71309,0.25198727969714
71329,0.163346562634172
71332,0.10257124568084822
71334,0.07289776823312469
71335,0.07559838120830996
71338,0.2719034047055645
71341,0.10716797095391377
71345,0.03830602256653094
71346,0.2818599802720571
71355,0.4884757201646757
71361,0.43297880933115285
71362,0.4767205343635189
71385,0.05961864202655187
71386,0.13870907924061102
71397,0.02026718275685933
71440,0.0027693550652238847
71451,0.24772069989127318
71459,0.33216524430209693
71474,0.058842315689476225
71482,0.06574465242008593
71522,0.1677293770931373
71523,0.11404473877046147
71534,0.08823382423730668
71544,0.11177781472465344
71554,0.04992713834372393
71562,0.023648796815105164
71563,0.23290566692841796
71570,0.07447678752598896
71571,0.13655477598373483
71572,0.12498434814794603
71580,0.04534180922222359
71584,0.30186476677254276
71600,0.0693571795017045
71601,0.20416366469603914
71602,0.12738107643886962
71605,0.034710515391870055
71607,0.1027139441989563
71611,0.06117297956441971
71624,0.1031335623676186
71631,0.34383684542749715
71632,0.9344436157630894
71634,0.2469249108046592
71648,0.029202118916416674
71650,0.08419689389482976
71653,0.10018387023453194
71666,0.006017019027305112
71693,0.05949386604505458
71695,0.07471741882556655
71698,0.27785617033045645
71701,0.07421306036850615
71702,0.032834347974311937
71710,0.09527604274997378
71713,0.3234705151664746
71714,0.03675358215621795
71719,0.065214055126144
71727,0.19709862188789426
71728,0.10155847199366616
71730,0.23590838700011196
71743,0.1512882178927894
71744,0.5999037422306541
71750,0.021836426588132434
71759,0.031034192559627322
71761,0.2942289140835991
71764,0.1505264532382772
71765,0.1762929754147124
71770,0.062421552405717874
71773,0.03300793927113278
71774,0.04295708296240379
71784,0.11753138341286626
71792,0.04334845889784226
71795,0.5163848284992203
71812,0.0929466852953781
71825,0.7900942977386977
71829,0.049043847067692006
71833,0.27415027303178585
71841,0.037903672245194975
71851,0.6345341420836662
71857,0.053180796688961654
71858,0.09154280658342524
71862,0.012047045502138363
71865,0.36489513089212366
71875,0.14053443282109002
71888,0.12495471756771943
71889,0.9583564902377069
71894,0.019938998499065698
71913,0.06201783750058933
71925,0.9791787707978431
71931,0.05206633273408518
71932,0.1088559975377377
71939,0.16655521411407662
71948,0.13995072015236226
71950,0.21573469292179903
71957,0.03193071855010892
71981,0.11821676555968468
71984,0.21413203615921855
71986,0.08442676405360568
72007,0.06189494700239678
72011,0.15230106553022976
72029,0.28630069359414373
72038,0.06578162914916406
72042,0.209136848088897
72044,0.031827643960797125
72053,0.17420960657298712
72058,0.12147837938260236
72059,0.8658344962366339
72077,0.09127306293538912
72088,0.047796112463681095
72094,0.0552422294903206
72109,0.042688256898409355
72112,0.43850628488284665
72114,0.6687771767494363
72125,0.1816378465475339
72135,0.003802708361426145
72137,0.11722057537352766
72151,0.2534461523639568
72152,0.1346260384343953
72157,0.12795226217730596
72163,0.180998536146403
72165,0.17484757773745183
72209,0.06422251132007681
72230,0.052355524050455286
72233,0.13764829667662926
72239,0.8922508745427702
72255,0.2549713673450775
72257,0.1086187768474398
72260,0.5201380486784615
72263,0.03806790212703008
72266,0.27515419595863644
72267,0.43671230958710344
72273,0.4117956109201917
72274,0.3671723843132009
72280,0.06875133704957023
72290,0.02849925268670707
72297,0.6683533418990111
72300,0.008171792224196148
72310,0.2959525149259182
72311,0.296833332669515
72314,0.0550689714439919
72321,0.15827358718264914
72326,0.24153373527182193
72329,0.18880490553779747
72340,0.008383188748778782
72341,0.8785368336341624
72365,0.9847457966493189
72374,0.1810676148059888
72396,0.11776014483778097
72401,0.10252603029380856
72411,0.44455823831670566
72422,0.19487209271372277
72430,0.12811622152149252
72432,0.160182885863379
72435,0.6913046003661945
72447,0.1034099232240047
72448,0.1932043673264182
72457,0.7369358119906534
72461,0.09169027084412647
72463,0.030707244463218254
72465,0.47172978125755943
72467,0.4154499649709139
72468,0.13801309313860965
72471,0.4092292934686388
72477,0.9274398475996303
72479,0.06584277756068095
72485,0.6161938354059252
72495,0.05879595593100825
72498,0.3573602173770447
72507,0.12014449948073738
72518,0.3328143686382704
72527,0.3545006993931257
72537,0.07001559704005034
72553,0.042418812007464966
72560,0.022661738876515524
72562,0.0020416534503212027
72566,0.35587292518603875
72567,0.48551667758841927
72578,0.236206363343482
72590,0.9787612931358877
72594,0.2313105989621065
72599,0.18131218006032424
72613,0.2971249676391165
72623,0.16597057624875725
72628,0.9136071523235173
72633,0.3343706363070504
72636,0.05345354569579999
72642,0.9866041815920837
72643,0.1863970516405503
72648,0.02658950268787464
72649,0.044261260485940424
72655,0.09995691243279528
72658,0.0311922984326222
72659,0.031098562937195283
72663,0.3590125268145383
72664,0.2637083829141893
72668,0.19967678583039164
72669,0.15467438217297114
72683,0.04624082510774216
72688,0.3942965478425342
72691,0.19014954506572182
72707,0.6109333970769103
72708,0.039158590661426504
72719,0.42007765495954025
72721,0.21502670208556318
72729,0.15989858254529857
72739,0.314967676654672
72741,0.16708806688581263
72745,0.04746911417266287
72750,0.06681929538691309
72752,0.11886075895328954
72756,0.19562559952554257
72791,0.1509835897626912
72793,0.02434733061077856
72802,0.16530844966208358
72811,0.10550366511656983
72812,0.19735327956090268
72828,0.0679672210437414
72829,0.3975877674415199
72837,0.04473787785524406
72849,0.20664818379007513
72853,0.026548005925180928
72854,0.07294400643842473
72855,0.09019004899362316
72857,0.051205955567367
72858,0.4930897741620779
72861,0.21046882623916446
72866,0.01690145070956356
72871,0.18106545273716684
72887,0.17196284635136055
72890,0.09610018795407749
72902,0.12376784332072793
72903,0.238212635573708
72904,0.5349420734077902
72913,0.5650215584483718
72927,0.2974987757439064
72928,0.012677528766572646
72929,0.20593403945074965
72934,0.061587626130841
72935,0.2418098475687158
72938,0.2037696336704604
72942,0.086644739163402
72943,0.4962875734917948
72950,0.08518476698674789
72951,0.041123832709354706
72954,0.06361473187446648
72964,0.15966447976453438
72967,0.1462381489192936
72968,0.03182900009192443
72973,0.11058056402159572
72981,0.08204281085434369
72982,0.49425873043698665
72984,0.11872783370420191
72985,0.290345206165907
72986,0.3016390186977146
72988,0.1523878048637702
72989,0.2795544401833654
72990,0.29079021782324804
72995,0.04738141415310274
72997,0.38545347391623586
72999,0.09221247033171112
73020,0.18189196867812954
73030,0.09158980814414217
73033,0.29615787566917395
73055,0.22518659393804946
73064,0.06261381244091957
73072,0.22165614620795332
73080,0.13543966098949287
73082,0.9692638559046718
73095,0.6446404854337634
73104,0.20470144444559074
73112,0.24243030547514507
73115,0.07713010791239244
73118,0.10865243800212991
73119,0.11936276673435903
73127,0.08692316275272748
73129,0.10431830339373628
73132,0.12125747484426468
73136,0.1605662087998503
73162,0.14583818299155984
73176,0.42949115535151744
73187,0.21598889694515058
73189,0.35281951257665944
73203,0.003246482985546321
73207,0.037425995047330796
73211,0.2468770053266074
73218,0.04090212475079747
73220,0.3935048220686577
73225,0.019395232665504882
73232,0.1021836582367706
73248,0.40272553170081904
73250,0.2527671272005843
73252,0.0412560148052487
73253,0.07247528005309961
73257,0.15827655277179342
73273,0.05163653655124062
73277,0.12809179240323354
73284,0.03150935622893831
73294,0.12835196248755742
73300,0.14423752163734477
73306,0.1925339829023539
73312,0.04463376529333365
73313,0.1704243354990328
73318,0.06456795877531556
73319,0.08806398823842154
73328,0.02078255764289485
73334,0.03660273862128962
73341,0.3909520649288963
73348,0.1306977259418969
73372,0.0750779077434414
73384,0.2912282023662925
73395,0.06120395497682529
73396,0.28342810080754793
73398,0.6855990662585203
73401,0.1903506846490083
73403,0.17825265503013124
73407,0.11473241900641312
73408,0.0467270472865237
73409,0.1910862044706609
73410,0.06534260035465991
73417,0.09147201943590812
73425,0.05136830809446174
73428,0.18903343001587758
73462,0.4107583838116721
73472,0.08036184578798398
73478,0.14776750752532405
73481,0.2606817077694689
73485,0.24071750068876535
73495,0.2729636694373711
73525,0.21289155672905297
73526,0.12707183777396197
73546,0.09762692494967161
73549,0.09541628922573615
73561,0.3212708495396316
73562,0.9463396154576591
73571,0.9571834913912185
73572,0.15628117974724373
73575,0.08654546326990142
73579,0.24751900133501933
73584,0.08824877756241586
73589,0.5906130610932928
73590,0.39694763104891884
73593,0.178989119518035
73595,0.851618994106638
73611,0.259835050570998
73617,0.0936775108218465
73623,0.4548362181924175
73635,0.3513599905207742
73654,0.09855609725571038
73657,0.23702125793777656
73672,0.4047131410148735
73678,0.06428302186757694
73678,0.06428302186757694
73681,0.29235230162310294
73682,0.05129778996821387
73688,0.15956100127023085
73689,0.14280165873074327
73694,0.08540097212755851
73702,0.0962422976396771
73703,0.11793978218503279
73710,0.27563108560631205
73711,0.03442447890991246
73737,0.42428311388943885
73739,0.09699093493537389
73742,0.13170258530617673
73747,0.19433159174981132
73748,0.19065283102915476
73754,0.14790148230249314
73757,0.38194944579892737
73759,0.6134986439900784
73765,0.9722926371154769
73769,0.10636385613263855
73772,0.5155233260653934
73773,0.0812500162994145
73785,0.09303878338546571
73792,0.828841125337971
73803,0.04908207553179273
73807,0.29294921489744147
73813,0.021299361703919373
73814,0.7703153510303727
73819,0.10477024490493662
73831,0.40132217651286617
73840,0.21505889839665523
73853,0.18879109069828665
73871,0.03915016648766796
73883,0.20930589470553798
74060,0.3326964016395553
74063,0.14931575137490125
74073,0.2851806424821874
74086,0.01698429178870799
74126,0.2851541062937265
74132,0.18687886527972541
74134,0.22995014182349008
74137,0.23155000207256085
74138,0.19593248610898098
74149,0.12071198113146656
74192,0.6099550156294379
74200,0.034341350093876566
74202,0.15832449886682273
74204,0.30102475304363807
74216,0.03263853087921554
74256,0.13211636446883
74257,0.15765621971480276
74261,0.1853560422376057
74262,0.14132621331850645
74263,0.2714468184805991
74265,0.24715867989568682
74274,0.021103152706697458
74275,0.16721158709704156
74282,0.232913472058123
74283,0.33278269211695233
74284,0.164049360933732
74285,0.28000213123866546
74288,0.4889481493928762
74305,0.030059625360096258
74306,0.4912290860676703
74312,0.09274465274735975
74319,0.0747913999055572
74320,0.9896219667811833
74322,0.22874483874495408
74326,0.03288351722603548
74340,0.1463401079642701
74352,0.25207370463939416
74360,0.2159104706400034
74361,0.22626273004600866
74368,0.40085771942312176
74376,0.24270053643196302
74388,0.34128527361655037
74390,0.056007759544510545
74391,0.09724059887852643
74394,0.9862433050240137
74409,0.03945646824267001
74411,0.21947838180373944
74417,0.16226103476480622
74425,0.199460221468276
74434,0.03074177860999689
74445,0.29994649281513663
74455,0.9791626084543722
74473,0.18802038307956284
74481,0.11280433295912855
74503,0.04187104391428237
74505,0.2007727411563469
74506,0.11698743062792896
74508,0.05524355871192253
74525,0.22676363796229365
74531,0.07586701268918426
74536,0.39955356355194366
74539,0.12408968282469844
74550,0.15479472035665257
74560,0.00930521071506808
74574,0.33492684853221066
74579,0.1359557632019611
74581,0.18582785610164032
74590,0.10109949070889829
74610,0.06781809424272073
74625,0.07022936066909331
74626,0.03160621396899159
74629,0.14181830818876243
74639,0.18764233897562704
74641,0.07963480613674381
74647,0.14026191500851257
74659,0.024602552130400912
74660,0.06261073894010782
74676,0.038659493214983104
74687,0.49276762882482916
74688,0.0680513196503809
74709,0.784648527068643
74730,0.5970309091009736
74756,0.27150480165332685
74765,0.09261079296707776
74766,0.9700129281061296
74778,0.8817853996761146
74783,0.17840307029420704
74797,0.11445447250918622
74805,0.13428838969080312
74808,0.08310545891407772
74814,0.4593205588467635
74834,0.2958223273829986
74837,0.07349362984369978
74862,0.20938221878112734
74878,0.2890035734499036
74882,0.00999904275969201
74883,0.1574629364438092
74885,0.1495223835150194
74893,0.18934071335988686
74905,0.13404580763738855
74933,0.025806509671437557
74938,0.1139506935993703
74939,0.08825858879093232
74940,0.33849316747144087
74942,0.34105756891483674
74956,0.31623434057591837
74971,0.07845059762055624
74973,0.03260266695497484
74974,0.05953888729672872
74975,0.11920566795085341
74978,0.14973786603549435
74990,0.8685381463803313
74998,0.21965933288224337
75006,0.2052404958060152
75021,0.5149288275592314
75026,0.4384366745294759
75030,0.07560570388324375
75044,0.10806762910996849
75046,0.03410655200219245
75054,0.2493496666132164
75057,0.33761808125651876
75066,0.2951516787467565
75081,0.09264384119945239
75092,0.10939139052779456
75096,0.02382508353897638
75101,0.1488315583855027
75104,0.3857492140864597
75110,0.0639767855145887
75112,0.15123903301457206
75121,0.44369878038132426
75128,0.33610733389027536
75131,0.0762857541843514
75132,0.22703737793690143
75135,0.9649420940545119
75137,0.19857487461010245
75138,0.023334907241256312
75139,0.6185667758440094
75140,0.16785214025823994
75155,0.09534202308709538
75160,0.321019940297171
75164,0.14275115058846236
75166,0.3889868671320604
75172,0.06208438792607501
75187,0.17236869165973104
75188,0.24754857803083102
75190,0.38778772690724256
75191,0.20134892409809066
75192,0.42042713784844105
75194,0.48721906723839903
75206,0.13350868207080602
75208,0.1543274102673462
75210,0.0568291447112294
75212,0.2616535095475304
75213,0.1090894147325293
75215,0.3143509054860847
75220,0.23276141317972407
75225,0.01183156995171062
75229,0.13855777989163026
75230,0.10653796461005408
75246,0.642728112578866
75248,0.06607155991798114
75255,0.15179809040425582
75259,0.1884767034717701
75271,0.49517794396689835
75272,0.2142731339290546
75275,0.04914267943615775
75288,0.025143771943647735
75291,0.11598123061555643
75292,0.1603089562567713
75293,0.20273851711493684
75294,0.36411815944792253
75305,0.1102062099027646
75306,0.2379449605599353
75307,0.2656356864884021
75312,0.3817412724635777
75314,0.08027392583884307
75319,0.07716075831634733
75324,0.3551336051069091
75326,0.36385041917013583
75335,0.8415078168459448
75344,0.06508261719483213
75348,0.03768249090275353
75353,0.20728759176693312
75357,0.1395016592137075
75370,0.045704781567073666
75382,0.12026634127565645
75388,0.9811059254540011
75389,0.03136405368501145
75400,0.07279484519011144
75402,0.6074545617885994
75414,0.17190607644112169
75425,0.40372926726846126
75430,0.05677805992396996
75442,0.11970964798359218
75443,0.11904231651696665
75447,0.29696291488513404
75449,0.2568427718898555
75452,0.882223177887961
75469,0.6609546533250235
75491,0.1117808141325529
75502,0.3039363158426928
75508,0.08869399315367733
75514,0.14519987738047194
75518,0.3301988719520944
75526,0.15491705326304003
75535,0.05834277258025122
75548,0.31725567667523086
75556,0.3941238119076758
75563,0.13638956988986944
75624,0.27948720019485085
75625,0.2577600346390413
75626,0.11551445052768596
75629,0.47557665756890394
75632,0.09438361652476546
75633,0.04288004010306855
75645,0.12732720180073528
75647,0.22310943601167385
75650,0.2368118770150871
75657,0.028127135852743262
75671,0.06973613178803177
75672,0.048236139580451864
75677,0.07449093431619297
75686,0.9232888864002013
75708,0.034257022898981394
75731,0.2910096118087727
75736,0.05846651019271957
75738,0.09629648847581394
75763,0.05677950701099363
75764,0.05419489157489411
75765,0.20835251850019396
75786,0.06780457299550269
75790,0.10105598005176539
75795,0.22630968671276686
75816,0.6033301620581566
75819,0.0552532578210064
75825,0.0724042562396742
75827,0.02963390100329192
75835,0.045535574647391136
75836,0.15636214706804655
75844,0.050896006251121194
75851,0.30109733742016115
75855,0.1676838836357489
75856,0.05928587465277405
75866,0.23271269623415103
75895,0.528522440220927
75902,0.11019797511400427
75905,0.05272363588234095
75906,0.0692370529066935
75919,0.17471297156247534
75928,0.48416979406389726
75931,0.5020932422271719
75934,0.23502308883262352
75942,0.1642780214481079
75945,0.06358146861671703
75946,0.11318432807128842
75948,0.26460595172254353
75966,0.25617635723952686
75967,0.08025396745449559
75971,0.10293675295334391
75978,0.258060158184053
75988,0.17373509971449347
75993,0.040204197976127364
76004,0.6323095675545692
76008,0.14339180118705525
76017,0.06821073662939428
76019,0.03153087670824947
76038,0.4134213876394698
76044,0.056194490850710294
76047,0.2623425455554026
76054,0.07064834869721427
76056,0.058889768189565685
76057,0.382499256129173
76062,0.13909009506253145
76065,0.13066028324562676
76079,0.20512365514270742
76087,0.07168860677440934
76089,0.7907718399781688
76093,0.4042773945587949
76099,0.9959289905155335
76103,0.2568386318937294
76112,0.1499650295855528
76116,0.005550482510798225
76120,0.446989898315013
76123,0.03679884217754218
76131,0.3522923867412554
76138,0.04576704783306671
76143,0.04353856635609137
76146,0.1359096440431098
76147,0.1867809845701706
76164,0.16700934704366285
76167,0.09186019393119121
76173,0.1524650915672977
76177,0.22796481676281857
76180,0.07303989158464234
76186,0.5239220634867054
76206,0.11868411390530485
76216,0.935470148696226
76221,0.9956340190181424
76222,0.9863979516989658
76227,0.4776620512275913
76234,0.46525778043841143
76240,0.10521606907688329
76253,0.32035171132361534
76265,0.0530343214998147
76266,0.23310118292992774
76278,0.04621559899491305
76280,0.09650598022587899
76285,0.03805716421555528
76290,0.07136953177686013
76294,0.18961086420263115
76295,0.07350890733002294
76296,0.19987396550378983
76307,0.34253491320131846
76318,0.04237514639912654
76323,0.7971812593612103
76324,0.41503286352411506
76325,0.2344450780376609
76327,0.19961110962247447
76329,0.05107066759034783
76330,0.21883084628467017
76331,0.08372694685497944
76333,0.168676428957345
76335,0.3869168078095621
76342,0.5450575534716904
76345,0.27040937520250036
76347,0.8006068109991629
76357,0.06421396210533195
76358,0.05622462339903832
76359,0.09808218305505952
76362,0.21008919434186807
76364,0.28338275291013965
76377,0.20767871890554523
76381,0.32508435557222487
76383,0.25404493276959034
76387,0.33475881113833755
76388,0.04240564963048924
76391,0.9918591426173902
76395,0.4050194004817764
76398,0.9718977524729295
76413,0.2541946260594869
76416,0.13069458323609415
76418,0.12575115854908725
76419,0.23490913171125544
76424,0.0713095981892947
76427,0.09600174496078691
76440,0.4803639370149825
76442,0.12472264291592718
76443,0.4009405440722171
76456,0.2876377234053486
76458,0.48822628348006725
76459,0.08626901054556753
76469,0.32333510039378754
76472,0.16804901775358905
76476,0.056749584886810554
76477,0.9788494315997806
76486,0.9098419091260505
76487,0.9802188803291545
76490,0.2885001033067792
76492,0.6306822358756379
76512,0.824228938904263
76515,0.03762076704787498
76516,0.12364697966347424
76524,0.3293975506993061
76526,0.02770979424065253
76527,0.25043876966208517
76529,0.5249883327149484
76533,0.13970037122983264
76541,0.13662596732167218
76544,0.19283279735784367
76547,0.08096352702030817
76557,0.29733871424126995
76568,0.09217386927479349
76578,0.3881338055726068
76582,0.6771465449578378
76585,0.07333516772173851
76587,0.1436030362189451
76590,0.255989721959759
76591,0.10896067657816685
76592,0.2924403213660575
76594,0.09459321329488132
76608,0.17580985586805714
76610,0.12371925112563273
76618,0.09577757033600875
76638,0.5860875622903426
76646,0.3592364353823863
76660,0.1624655380243263
76663,0.18942093718584083
76672,0.09271149146764153
76682,0.07389844263569069
76690,0.6419930300907154
76696,0.5978449068293412
76700,0.23361083466615234
76707,0.12739840941042824
76710,0.1817985496507294
76711,0.08749999021180933
76712,0.3327254886398385
76716,0.3415806382588188
76718,0.3705361362362179
76725,0.6669199077288496
76728,0.4453970398122547
76734,0.16114319987852496
76742,0.16934341202420441
76744,0.20622451662928531
76748,0.19947692827270552
76751,0.2864518756312894
76762,0.2454270170594299
76765,0.14427744605679504
76767,0.2851293247925492
76768,0.2075233378653531
76769,0.034509052174557596
76771,0.12487974009729613
76786,0.9893866054660213
76787,0.945046791321688
76798,0.04231890639662667
76799,0.48420463183289475
76800,0.4596113697970298
76801,0.08793764185623375
76808,0.21462165248393736
76816,0.04313289871661504
76817,0.1312093285208989
76827,0.0318479944100861
76829,0.22527869625007269
76830,0.09488194874622614
76831,0.530647635045392
76841,0.2436897009727659
76843,0.06739857128105808
76851,0.13992901533547777
76852,0.09116222117176623
76854,0.1624035776017583
76861,0.24586424687497951
76862,0.3330895512651547
76869,0.04241416445798991
76871,0.024396512973318994
76881,0.14978018592911838
76882,0.5051063437510109
76884,0.10210644837083674
76900,0.03741867495638128
76902,0.2212255275895394
76906,0.10180978239724
76913,0.4953821658449941
76916,0.1774666463307184
76917,0.17857069071062606
76918,0.3534225891539775
76930,0.10174082156023978
76936,0.11805440641179589
76938,0.07501372993706784
76948,0.2869779710161735
76957,0.1448122826699623
76958,0.1100238210869065
76959,0.02635312981550252
76966,0.5651891080746374
76972,0.9769716792995468
76975,0.9595629223065879
76979,0.398356237963656
76987,0.12309334702156864
76989,0.16861892684234933
76994,0.11607724418279411
76996,0.2949955729004639
76999,0.12353756643316917
77007,0.34848383387968707
77010,0.18313525384071636
77013,0.5458416654435339
77022,0.1288536416358608
77024,0.35407100504299166
77027,0.33791949480853445
77030,0.16171711801500596
77039,0.0452257061475064
77049,0.09424482081321978
77058,0.504209808723189
77061,0.09677150632222868
77069,0.1065368503374278
77072,0.3891594839369717
77076,0.12134038910130775
77077,0.31144964274422293
77080,0.09980846822716498
77081,0.9032807621512025
77084,0.9777789837879456
77109,0.6228394131239869
77124,0.12226154727629544
77136,0.5360300748160534
77137,0.3384686236023694
77138,0.12707287512156842
77139,0.2489997249054824
77148,0.13728294289170442
77154,0.3652783674593557
77155,0.9819998238367077
77168,0.07111374738596273
77178,0.2168106935806908
77183,0.7448733213835932
77185,0.044716616761094584
77189,0.13507251019734168
77190,0.2164764709105853
77207,0.09303740242208587
77208,0.09753127067116069
77222,0.1113722297983237
77223,0.6126416744013857
77246,0.2861041191261348
77247,0.25230764826800967
77250,0.37803117601025416
77265,0.03172932185013529
77266,0.10362760292481805
77268,0.14261625958323987
77274,0.48077723517733395
77275,0.09238170173898377
77282,0.9711234312747337
77294,0.6848644283152087
77304,0.48706128079003486
77308,0.08430865133399323
77309,0.2140384779985465
77311,0.054340068088456234
77312,0.311899816044758
77330,0.06773460698976388
77333,0.3783033585560472
77351,0.33509471231466154
77352,0.05467012327191758
77364,0.0013641554440145078
77366,0.20294887765532305
77368,0.15283974544816356
77374,0.03711232382960508
77377,0.21670015295407438
77383,0.13852391312194753
77387,0.0922257478056468
77390,0.13097549159748875
77395,0.8543305782719322
77400,0.05253177275856455
77407,0.11592779568379573
77417,0.2827177814503789
77419,0.09083685687471531
77450,0.9370860852394437
77452,0.012407983652408684
77456,0.15591165121148193
77464,0.3108515337341804
77473,0.2875569704893889
77477,0.166246722642965
77480,0.9798692592241849
77488,0.10329342126825942
77490,0.1325147303069893
77491,0.5496515978628849
77496,0.16235902891620782
77498,0.006510567989824729
77505,0.48914781648808725
77508,0.4362820371544757
77513,0.2102851574204326
77526,0.013066074326773298
77528,0.0695847472347953
77546,0.3979892038746581
77550,0.03398826323370893
77551,0.5135118922897755
77552,0.03354083483769301
77554,0.18970464310382465
77556,0.04978730842893534
77563,0.13346821214395746
77568,0.09067520692211498
77569,0.17586310700472058
77572,0.6719385169395229
77579,0.13887465268819024
77583,0.12319842774491466
77585,0.11771593825722768
77591,0.16205556768512755
77593,0.20995951075889566
77595,0.283987735183673
77597,0.42029747527926353
77601,0.38847479643406335
77608,0.21881004221739475
77612,0.18736943341462833
77620,0.27885727699214763
77621,0.16935303897738738
77628,0.0288779651860163
77630,0.26335324606613747
77631,0.4870637652618332
77635,0.24240989829901277
77637,0.17894940282999586
77638,0.26064097127728736
77641,0.013879159651376895
77642,0.051039638384214304
77643,0.3910614384181466
77646,0.3054723616752328
77651,0.12215821512275939
77653,0.053527419860793055
77655,0.055203848124059714
77661,0.05890424385454112
77662,0.47147752246992675
77663,0.12003531087944909
77666,0.23022390119804362
77668,0.2542209854874073
77670,0.0015685812642454277
77673,0.11861092698595653
77674,0.003806615977936803
77675,0.5437739590330607
40204,0.29172693646207754
41634,0.04739094542395392
41728,0.1813396625632072
42129,0.257046176385609
42956,0.05046694204431604
44197,0.05346583902457234
44216,0.7510262459331193
44217,0.45288944792763774
44288,0.15308308245807237
44344,0.11893436868549712
44346,0.12490687258184725
44420,0.7373667970604971
44546,0.2695513051696539
44685,0.026322623197030905
44711,0.40304102575024553
44721,0.3193922923873876
44755,0.1801755930218994
44756,0.18286055410201754
44757,0.446985692511115
44792,0.14596059592137794
44793,0.44016525607439355
44846,0.566364819149353
44849,0.1329606124092093
44944,0.06889698625683761
45017,0.1382778943313606
45090,0.4913907084721953
45184,0.06859517013747322
45252,0.9112208401635281
45253,0.37146853037851446
45254,0.11502055070997244
45304,0.35435058581294393
45309,0.2305166079527199
45310,0.3797676398094553
45311,0.154217714213522
45359,0.024083820777922208
45477,0.08637675774605655
45530,0.041214967411808044
45562,0.13260184608447112
45568,0.3112598098910353
45571,0.05382954129114311
45620,0.5088688351183096
45642,0.15304851405003567
45744,0.11222448904831926
45815,0.19361296667735464
45818,0.054585334126868654
45823,0.1349225705295001
45828,0.05733973555240176
45835,0.12733609205503132
45840,0.08393881989029377
45853,0.08736083149778669
45896,0.3697451471002923
45906,0.09462499034232046
45925,0.1441528033219613
45926,0.36987504177525116
45936,0.0940804202877462
46052,0.10073062438711701
46092,0.32249302760780135
46101,0.21002353613479924
46155,0.1617664310965268
46178,0.05467357945064478
46263,0.09205216362458574
46265,0.14614272238089956
46351,0.009412208848427158
46357,0.17398956252515183
46358,0.37768898782451
46366,0.03762572661039254
46503,0.13034150307929004
46507,0.05983641625306388
46558,0.21443606432797022
46564,0.015815888652644775
46569,0.270252142411676
46572,0.059926876681079363
46573,0.030039896381658555
46574,0.3428939775536282
46582,0.08383461606180952
46583,0.1808179358041889
46596,0.14042965201512791
46727,0.47782489448918536
46793,0.17551331399361633
46913,0.04536745887895032
46918,0.06811501072813594
46922,0.23085743025736893
46982,0.4649534089894548
47011,0.18555812097806404
47026,0.053572086067825576
47102,0.2663188810463025
47187,0.29853247020553436
47191,0.4502393136406687
47192,0.7745993267437483
47205,0.03131001934631871
47224,0.1578425791376953
47236,0.023368935253913033
47239,0.6047962171780209
47242,0.13709703494224515
47402,0.057004371683516665
47408,0.14025859552789055
47421,0.5436793835138498
47422,0.4644066048448291
47425,0.1196621687968758
47507,0.625151992923485
47555,0.11654134577328011
47566,0.4663009161639572
47585,0.050506156139665
47600,0.048782375751053014
47675,0.18564946523063394
47679,0.10262718511781382
47751,0.042791697284745266
47768,0.03156919630290224
47769,0.016707751452091368
47772,0.10176611648534178
47782,0.42671940201989794
47843,0.029622719434706183
47904,0.3471676024399209
47913,0.060224169954982976
47914,0.23596724694344118
47998,0.914577664490513
48004,0.482648184668692
48036,0.032481464289190735
48075,0.4372263367303064
48114,0.10648428484870814
48170,0.4684393484007814
48179,0.08971233647575981
48217,0.38000594397750453
48369,0.04074135197377368
48494,0.12157484503278522
48515,0.7790896600323785
48538,0.11323805012687767
48621,0.07131108567592212
48926,0.3035687461647646
49010,0.35954026460873534
49014,0.18789607644387094
49015,0.1367099266366512
49016,0.018786190374836267
49025,0.10355670139445793
49044,0.07191883999491465
49147,0.030639727275149988
49181,0.6856246624067712
49184,0.2940370970070145
49188,0.30356916794088934
49218,0.03601580068091818
49268,0.6159662429278903
49273,0.28439602059434016
49277,0.12417268168494466
49278,0.03728251496471916
49380,0.2609842358940593
49449,0.1591159936530378
49454,0.19633609992061024
49469,0.38353955196796874
49474,0.03184233847510336
49475,0.05864727839553836
49478,0.49714843164252703
49484,0.3460617650593963
49529,0.46707041412607153
50171,0.3867378994928323
50172,0.2014206546896079
50179,0.17944883733686204
50182,0.31633092451602574
50187,0.5239015998969844
50189,0.44356415634317176
50190,0.09247398895602296
50191,0.11551997644109374
50194,0.0698028806308542
50199,0.17917650827469384
50200,0.13807747317039293
50211,0.22591219367038354
50217,0.10040195015115472
50219,0.06181625106922797
50220,0.05715983896597152
50224,0.7700883318792341
50225,0.8647770939554779
50226,0.11451035072174803
50227,0.6084017788320175
50230,0.2387935876117182
50231,0.1753705460646327
50233,0.022639520926253463
50234,0.7807757397187671
50235,0.14642785983471543
50244,0.2358707308127562
50250,0.23436183305682254
50253,0.7333666336318713
50256,0.20840261900225718
50259,0.624215975610731
50277,0.32721888394612775
50286,0.03756697972839152
50296,0.3436841729666833
50300,0.0661376189526532
50303,0.2655707740751014
50312,0.07005136505014536
50313,0.08021102815436312
50314,0.5330145172479454
50318,0.049910241928800135
50319,0.051510060230275406
50320,0.04518655961075744
50324,0.07558488767556022
50326,0.0681443627825399
50334,0.030126881014198116
50342,0.02399796473597198
50344,0.6650464287700112
50351,0.07009516933929553
50363,0.11236181151100519
50366,0.9029504996922528
50369,0.5305269132218841
50379,0.9608345624078697
50396,0.9225423882910004
50399,0.22612829458162761
50400,0.11233715383684645
50402,0.1338686085503187
50412,0.2249698453647066
50413,0.35990358292478547
50414,0.04290719288592364
50416,0.37989029777291444
50422,0.4784928032357579
50425,0.12765697239344279
50426,0.4051991298629052
50427,0.12587459056158887
50428,0.05382522867791848
50434,0.10510105726931074
50442,0.20857211089832814
50445,0.33476062427511816
50446,0.10340569725114265
50447,0.2554415504179353
50450,0.4235199082835277
50451,0.4957812697823963
50452,0.24548351704227056
50453,0.1602652485472549
50454,0.8159050405996584
50462,0.2818418081176594
50465,0.2957980558716992
50466,0.20367739169100973
50468,0.68568196224165
50470,0.8101034304896046
50473,0.39745889180820465
50475,0.5601589852883904
50481,0.536724128875308
50483,0.06993960174558052
50489,0.21899038282722053
50491,0.14383825720756274
50494,0.12708774036001685
50495,0.3068942093640163
50497,0.08989954396264788
50500,0.16505858238994506
50505,0.0953914272027838
50507,0.05507922776897439
50510,0.1838766102901612
50518,0.03690016640314296
50521,0.33083365526747516
50522,0.16930912623544955
50526,0.19482076844722665
50530,0.32936340483608434
50534,0.12380292132364219
50542,0.05008977053184938
50543,0.24041001490305472
50550,0.15603369161716416
50551,0.047386676262582174
50552,0.0711760599619237
50553,0.2657702266067852
50560,0.32680385647918453
50567,0.332866928859465
50569,0.25759956365721504
50571,0.46764408957884185
50572,0.6236849776696753
50573,0.007776675442425797
50575,0.1288639259210021
50580,0.150077893803927
50585,0.1290162318368407
50586,0.6081968734945922
50587,0.06966161333051406
50588,0.5384389122598582
50589,0.6926871037942269
50590,0.3681620724769194
50593,0.5473024206015317
50594,0.6067929201215614
50595,0.13690498609256563
50596,0.8773035051528002
50597,0.7017125349844362
50600,0.040524009887570975
50614,0.27272754859057435
50616,0.4997050426876367
50617,0.18107691097889858
50619,0.43051985262025366
50621,0.08331810406112457
50623,0.015643634528436434
50624,0.06125640240996495
50631,0.30156773856375796
50632,0.062207713071261474
50633,0.11199142618304349
50639,0.4937503219451017
50642,0.1728274381654303
50648,0.26996535493712204
50655,0.08524569500745083
50657,0.2673459486579593
50660,0.04884226312054566
50663,0.6916981885864678
50666,0.03137058024581048
50671,0.01899621198810969
50679,0.13209596426080578
50682,0.5356190309197605
50683,0.3529259975877779
50685,0.9464528426068116
50688,0.1706796439209417
50689,0.8259884589406712
50697,0.0349631796929285
50699,0.07792144194956342
50709,0.0781748312063043
50718,0.25714804985245376
50719,0.6733091758500508
50728,0.031176956198281744
50729,0.7032304498591534
50733,0.2092779623596762
50741,0.07535402066601725
50749,0.27563932446787237
50754,0.5401553879712743
50763,0.020048932060863296
50768,0.6513983721728724
50770,0.09559740774343763
50773,0.1509240829929897
50780,0.01852428143631229
50782,0.6126796469319955
50795,0.33862145003039035
50796,0.2366652702611273
50797,0.681986411742401
50798,0.7182066141887313
50799,0.0578718015550714
50801,0.4605930068249569
50803,0.04934583209713096
50804,0.04772831223405638
50816,0.1369404267282604
50817,0.06203913209507427
50821,0.2250544244119074
50823,0.05131692831465158
50825,0.08180054189837348
50827,0.21113658807147045
50830,0.2600253729534658
50831,0.30058738619491154
50839,0.09870630477640845
50851,0.4326185313696591
50855,0.3645322258176591
50870,0.7055183101485378
50875,0.16399181167936014
50878,0.2583573874873144
50879,0.26704430510306537
50880,0.1415781613279606
50885,0.05842969170758425
50886,0.6433010356922786
50888,0.023576044945312662
50897,0.22598651302795328
50899,0.12565487760369656
50900,0.04743856676373188
50901,0.09082261619698286
50906,0.27627612893979475
50907,0.18114619190815637
50908,0.5664687229769144
50911,0.12831232254706412
50918,0.8489157148056822
50927,0.6904429203942064
50934,0.5490699351242935
50939,0.20872146447089765
50941,0.10119629183908847
50942,0.34219749208687994
50943,0.07558433034136343
50945,0.07319473189744755
50946,0.4070753913966709
50947,0.03564107462566028
50948,0.8748281601737798
50956,0.09558435541607653
50957,0.2724541950847148
50960,0.14582752380208935
50980,0.08645569623130529
50986,0.09712234730620961
50988,0.1638504468883705
50991,0.16232851589250738
50993,0.02353572676454547
50994,0.07718834589864662
51000,0.08661048151414664
51001,0.43450868333955095
51002,0.3474459363292442
51003,0.1302444848557797
51013,0.20275524056564012
51021,0.30299811535902743
51022,0.37961299855557734
51025,0.11296668882407415
51033,0.25573677424458435
51035,0.15065592817063786
51039,0.4848584988890503
51040,0.17181908483559316
51041,0.19680132080893173
51042,0.6859100853677029
51043,0.1403746779043122
51048,0.1493457440661444
51053,0.10155471486319192
51061,0.28736478001105586
51063,0.12379099219223885
51072,0.36646430616502906
51078,0.42524223007229317
51081,0.1827550357752032
51091,0.06447136260866995
51100,0.4492889008565146
51103,0.17912608662139434
51107,0.485350037949768
51114,0.775696974585537
51115,0.7305346637589374
51116,0.273441135307248
51118,0.26988869981440644
51123,0.2435544372567251
51125,0.5003248131906255
51152,0.05170834891562854
51155,0.42415480946054157
51170,0.5503421451874683
51171,0.11610255639043406
51179,0.1872833407356332
51180,0.6491788062909777
51181,0.10511049833736359
51183,0.13628223310577461
51192,0.028677967832093126
51193,0.6208141084968896
51201,0.14750964672510047
51205,0.061140266784601736
51211,0.11068151477475634
51217,0.1238486482991795
51219,0.12757337900535187
51225,0.18112213818189377
51227,0.01857926416613935
51234,0.5301316406198682
51238,0.032751207784955945
51239,0.4957478686848402
51242,0.043875865266631786
51244,0.3476191228025889
51254,0.16400412980356682
51255,0.04967425017174934
51256,0.00602944936413484
51262,0.18731841246058706
51265,0.21277117981837002
51285,0.23659911368471834
51298,0.8212221777183137
51314,0.13744060060077073
51319,0.05742197368737653
51320,0.6029917195272716
51323,0.3028934704971613
51327,0.5567075243661045
51329,0.10201108277061095
51342,0.2536264866330815
51352,0.39503921126766295
51356,0.8995289760263822
51357,0.1614945632053271
51360,0.29904521208474205
51361,0.3606739161301515
51366,0.3943786634995656
51372,0.15619604239514998
51373,0.8673209474265978
51378,0.4303825463839215
51379,0.18688537882506015
51380,0.04821088136698358
51383,0.1925436776328559
51387,0.6731784806379366
51391,0.3798458092463479
51402,0.03935409525621325
51415,0.4997229063431532
51416,0.08312849576054902
51427,0.020507162407273873
51437,0.01298134683158331
51443,0.0472571711458029
51450,0.04298788886616971
51453,0.15489351136852783
51457,0.014863251797965951
51460,0.2744811597009138
51462,0.9688421506483178
51474,0.22243361820655858
51475,0.21218623271700188
51481,0.5372807871861152
51484,0.7854559752002763
51488,0.012316020965937738
51496,0.9133149613131746
51504,0.24471387799712732
51508,0.03647106652829605
51522,0.11539070000915913
51524,0.05059544557522076
51529,0.1464948459378213
51533,0.04795190885821864
51540,0.08948980990561502
51545,0.09773726408940359
51547,0.054053909948258136
51548,0.6107885138889562
51550,0.45016980820517183
51562,0.033485597715297515
51573,0.37602506729260093
51591,0.533585741926459
51592,0.7906650737155296
51593,0.8642057203291946
51618,0.172861177660966
51625,0.18416177238148398
51626,0.11089865641656188
51627,0.17484213953446692
51639,0.6434763718557429
51671,0.060436756946999175
51672,0.6570146596629607
51686,0.041675417407958285
51687,0.27167234846444244
51703,0.37625200818690413
51708,0.8825374089939236
51733,0.9203854119676984
51738,0.12408826922152075
51755,0.20623871013446318
51761,0.2873565565864515
51777,0.16760423368341704
51783,0.1438039060470121
51787,0.5896575130081467
51800,0.4179570793246956
51809,0.2088747107274037
51819,0.12537972526080354
51835,0.2640845322989142
51844,0.15945657984133932
51845,0.33457557111513975
51855,0.5424124242854164
51858,0.14208909998233646
51861,0.12625153461247562
51868,0.8095467556888061
51876,0.20088502426751828
51881,0.4119912898884891
51883,0.21158453272957511
51885,0.03065272040316204
51888,0.1838110630718828
51889,0.8896392673886717
51894,0.1563898713061766
51895,0.3300175817278312
51899,0.4677082208665106
51929,0.3250132913754907
51932,0.1572818021693796
51933,0.8993933906699989
51934,0.03877249872911966
51938,0.1453994702526
51956,0.7747364791234572
51959,0.017100508195924694
52003,0.03788534836142306
52022,0.13531909555101096
52025,0.18762420638560184
52027,0.10018849687981257
52028,0.1520340940326055
52036,0.3372246201412862
52058,0.14153567042861545
52059,0.08010650946098197
52082,0.5031160677521435
52087,0.1801901258243447
52088,0.37054075288930893
52089,0.11253704548730241
52090,0.2113827364932616
52091,0.17586254455028158
52092,0.6597804447924199
52096,0.02630380983149301
52110,0.7350629155138856
52117,0.5095076085832302
52120,0.013747279992317495
52141,0.49199362313918416
52145,0.6151677283310708
52146,0.14180403798417635
52147,0.6569802401639082
52167,0.09578031149610525
52175,0.268177230882388
52209,0.14902731411360062
52221,0.07858417064224577
52230,0.08734945456411763
52242,0.08479694477522165
52255,0.45635697996578756
52257,0.18432223162325462
52258,0.7378178944412787
52259,0.08447862703686985
52261,0.38150946923072515
52269,0.0770364379107461
52275,0.1475177583238764
52276,0.462035722767317
52279,0.2890325299644769
52282,0.9159898485322328
52289,0.11886195529972082
52290,0.39689714062336107
52293,0.012085111902420672
52294,0.5812613055030129
52301,0.16429009181597043
52307,0.2813620875604186
52308,0.09790382847970906
52319,0.23235790793649447
52330,0.26828901236904473
52335,0.27655864969678295
52346,0.26924180948182497
52348,0.0400618743354993
52356,0.50101066185485
52357,0.6328317282751694
52371,0.185989325378711
52376,0.7375441017343245
52444,0.6861456691583386
52458,0.035737500753707914
65428,0.2818246464515824
65432,0.09413978023726774
65433,0.3198379239959788
65435,0.10675609659594135
65436,0.7951505758474905
65437,0.03302975405187266
65440,0.08541987501651474
65441,0.08943156180151632
65442,0.6211671243810275
65445,0.9122007154222797
65450,0.7856593595680464
65451,0.5913525945159545
65454,0.46915646698912666
65456,0.5821661382885613
65457,0.44737831359283187
65459,0.7666622038234406
65461,0.18036838476144124
65463,0.09889572496775748
65464,0.057188400365614005
65465,0.08428293370675023
65466,0.15247110744365838
65468,0.04455526113680669
65472,0.04356027945217473
65475,0.1548794471075853
65479,0.8163644661741258
65480,0.5404952159021631
65481,0.6736813030162591
65483,0.3696250324867825
65487,0.4900606883595866
65488,0.0864870141061085
65492,0.9339624589696651
65493,0.7754964490708071
65494,0.5866032782059364
65496,0.1588316453437683
65500,0.8043163355422407
65502,0.34861138840148875
65504,0.28295443187762676
65506,0.3351856774504768
65507,0.7007311155380064
65509,0.22715308262634454
65510,0.20320018412450205
65512,0.20376798969110657
65513,0.19723558574960515
65514,0.11359164396625886
65517,0.458446677937672
65518,0.25822887059211225
65525,0.10061107798356551
65528,0.22741435350592412
65529,0.5685109733893341
65530,0.6486765786447677
65533,0.1689730852325512
65534,0.16439015186044473
65536,0.45785626896943377
65537,0.08596480650334465
65539,0.11501024263045809
65542,0.06844878393031305
65543,0.5292916657486676
65546,0.173428516194002
65547,0.8351229246783825
65551,0.11889526314628433
65552,0.09007619500990717
65556,0.17783696605259924
65559,0.14137872740520768
65563,0.9776188948796312
65564,0.1585880907818374
65570,0.4221605101270426
65577,0.4590788442724581
65581,0.3965348263823667
65582,0.20945532987398224
65583,0.8818646025061845
65584,0.597178367467172
65586,0.7227445629446155
65587,0.36528838709971684
65589,0.8863132982523083
65590,0.4109432254640996
65591,0.10769618322704307
65593,0.23224264506291853
65595,0.060382981319359895
65596,0.6280094806135379
65597,0.026035822252081443
65599,0.02134828329613859
65600,0.44994687710579045
65605,0.3765020158665558
65606,0.14652567360244828
65607,0.056309323188219455
65608,0.05849186795803525
65609,0.03519707988996842
65610,0.412406526506423
65612,0.07052042121497781
65613,0.005668126801678614
65614,0.03448277829195892
65618,0.06852156624113426
65622,0.05481771600820425
65623,0.1341554492720598
65625,0.09531132367797131
65626,0.09477285591495074
65628,0.25244663381990395
65629,0.08904539005404608
65633,0.9482287627374146
65634,0.034763900592646634
65635,0.5122867130349898
65636,0.51528384821392
65637,0.12727755122528722
65638,0.11857322131254919
65645,0.2924957701558281
65649,0.2871215117351738
65652,0.14905266402686124
65654,0.7778982240830262
65655,0.9534164419689333
65656,0.3354685103572143
65657,0.13767874334583025
65659,0.2993284649044181
65662,0.5889762822708527
65665,0.20004287317749173
65668,0.6855630608527356
65669,0.3934374426168893
65670,0.3564937771585342
65672,0.12323231677488598
65674,0.8740551761816688
65677,0.06597445526866354
65681,0.042594511259723494
65683,0.12767099831471346
65685,0.13944152380786765
65687,0.3162531345179433
65691,0.0158759881526129
65692,0.9392141925320483
65693,0.2113918282529715
65699,0.11746009974785693
65703,0.14260246384880113
65704,0.5557947569438305
65705,0.05805047253934327
65710,0.17941673122761323
65714,0.8966078204049723
65716,0.8130539554627717
65718,0.3824290014178705
65719,0.2290787103533118
65723,0.05942330039348331
65724,0.10241744243523293
65726,0.7261081716455576
65727,0.9655923007146807
65728,0.5866541428526842
65730,0.14462994935498152
65731,0.817884168887161
65733,0.4477268375423955
65736,0.20495326325572333
65738,0.0364721213520415
65740,0.20370279123783117
65741,0.20275206344900995
65743,0.7210984049375443
65744,0.46289570612853814
65750,0.03559886781943982
65751,0.8121078689380451
65753,0.41014309341228206
65754,0.32795522423562035
65755,0.10243200192421217
65759,0.4972986523095947
65760,0.06752714215997611
65761,0.05860969272853709
65763,0.25439225529193865
65764,0.1257141864511615
65769,0.1396653333791131
65773,0.12080743538431209
65774,0.5973240378462508
65775,0.05932519648933695
65776,0.11519141374793462
65777,0.4926859541252166
65778,0.6665056120338233
65779,0.01636962440240098
65783,0.04893522097155529
65784,0.23611848610394875
65785,0.3174179884667252
65786,0.09803742419573502
65787,0.020737168054581884
65792,0.18161899244833563
65797,0.97105794589204
65798,0.2703922459082229
65801,0.1687608452670895
65802,0.2478511947739264
65806,0.17291836859874926
65808,0.23713505690613063
65809,0.10299367565793612
65811,0.13877271176275102
65813,0.03113986229162994
65814,0.617508076249682
65815,0.4949471011219093
65817,0.2149354834912378
65823,0.4081695148484331
65825,0.0978632344424193
65826,0.09552515080961191
65833,0.18015486830371152
65834,0.2715098431044638
65836,0.20362578060320644
65838,0.15785239615699645
65840,0.02222292819811833
65841,0.6983908289396322
65843,0.7094300433026864
65848,0.36589318030910256
65851,0.035846709441643074
65856,0.7742960480410788
65861,0.37264723899554647
65863,0.12840725434766673
65864,0.22293105739358948
65865,0.0658625751439313
65866,0.7184039278918324
65867,0.6888573433455611
65869,0.1323260355152666
65870,0.47092564214303173
65871,0.12339807905170183
65872,0.14832568161241955
65874,0.5653166729793018
65876,0.17022972931245803
65879,0.7110981811942684
65883,0.750905693292877
65885,0.0019714977501077025
65886,0.02388090185431608
65888,0.8777976764229775
65890,0.19762089435176378
65893,0.47258968847865185
65894,0.1208976381260818
65899,0.30963929523515293
65902,0.06115374046714689
65903,0.07785650738312132
65905,0.06045257450983948
65907,0.7158832556952861
65908,0.3233367709905396
65909,0.12236956445789059
65911,0.7425122958519801
65924,0.7628313594824466
65928,0.268406141803066
65929,0.49949754300676596
65930,0.12612237358262737
65932,0.9126871085795941
65933,0.40729626687064996
65937,0.7149743447895289
65940,0.26678060857593666
65946,0.04582329402108839
65949,0.21870874551644742
65952,0.3195114118137051
65953,0.4974938098521671
65955,0.03468091406348318
65957,0.14447889223236687
65959,0.0665555856156761
65961,0.1543912626375192
65963,0.9928561174286629
65964,0.22005528034209307
65968,0.10576948882159339
65969,0.2740679757930584
65971,0.5927707673531057
65972,0.18072499711321588
65974,0.4362253999348509
65975,0.26969040691903623
65976,0.6164007172430549
65978,0.5602515354223269
65979,0.1826960970181291
65981,0.5817773853615716
65982,0.25180659934034705
65983,0.6907555674652258
65985,0.5917847719742416
65987,0.0867237316804625
65989,0.0426100007125003
65991,0.6954373027992198
65992,0.04553600350971412
65994,0.40942510233188617
65997,0.587975381298
65998,0.0801561346830699
65999,0.03340269855507596
66000,0.021128091281232896
66002,0.15871552562696556
66006,0.35647608173877726
66011,0.5717176720692473
66013,0.1289841954050177
66014,0.2788700980206268
66015,0.2989620021590683
66017,0.15295528612642534
66021,0.10980664829257442
66023,0.08028015271432905
66026,0.4381004910296748
66031,0.9189215927623187
66032,0.316857101953992
66033,0.06081547815917341
66034,0.4467111223431187
66036,0.11040714249531759
66037,0.7003765718225832
66038,0.44542716976372365
66039,0.36631496218418796
66041,0.03145869076175422
66043,0.05001842354519559
66044,0.01578919617726768
66046,0.03219772160674721
66050,0.09593216460691735
66051,0.8572311692190635
66052,0.10131170637595463
66054,0.0652542652496888
66058,0.07974833990269219
66059,0.2835986336417007
66063,0.15146839567288492
66064,0.6794506967113294
66065,0.26535509754310405
66067,0.11612666271041029
66069,0.9302351852536411
66070,0.711601112028089
66072,0.7986952344336681
66074,0.06989007419363923
66079,0.20110796036887188
66081,0.14321431295720474
66083,0.03116192916541531
66089,0.04774805115593757
66090,0.1994122322142515
66095,0.5379356677281694
66096,0.5433973544138977
66098,0.9519572847194382
66099,0.6498530175447442
66101,0.05979701940882007
66103,0.09049692387738328
66104,0.06501903538481293
66105,0.2613234255942054
66107,0.5164015664964743
66108,0.8481183045799625
66111,0.20478853592115828
66112,0.49345786354234983
66114,0.7782246921959974
66115,0.9183365864173729
66116,0.2241307573001424
66118,0.449151360701065
66119,0.2130695402726559
66120,0.28713157946233575
66123,0.10577237788830526
66126,0.13294167024212966
66127,0.16110356883435037
66132,0.13722768857058962
66133,0.20560809079026676
66136,0.14937777621626644
66138,0.5954199351092707
66141,0.10905490632914266
66143,0.385883255154984
66144,0.30810148885176863
66145,0.10350025014855489
66149,0.19928590689276146
66150,0.33182568090853753
66152,0.5530592756516057
66153,0.0540634895863574
66156,0.3889331756560439
66159,0.4394232573042829
66161,0.3160273852625343
66166,0.4762850036833359
66167,0.29987127288134113
66168,0.1518776896142531
66169,0.1993474200822423
66170,0.3161656059300425
66171,0.1235107798452815
66172,0.9561640192248833
66178,0.13479443045234824
66182,0.31926853680446615
66183,0.28412131984319977
66186,0.3575617312356918
66191,0.30927745717562544
66192,0.06340734137304084
66193,0.12454883527751194
66194,0.2006124974984179
66196,0.3137748723858288
66200,0.8490155744311595
66201,0.060035097405264866
66202,0.7726752593868103
66208,0.382007608466353
66210,0.4062837656936331
66211,0.5037621363185927
66212,0.9019762327476097
66213,0.25564104668613524
66215,0.6732252631155157
66218,0.38266433205906203
66219,0.9412962293000249
66221,0.4928213327571798
66223,0.010354616279164975
66225,0.46185678778838235
66226,0.7118718483584143
66227,0.15276762305897762
66232,0.24595620884130304
66233,0.32065134662073475
66234,0.42623241984944515
66237,0.07034426035308225
66238,0.36778143965822563
66240,0.7024416245935006
66241,0.06555548755457888
66245,0.8188340295836155
66246,0.07973032040424859
66247,0.16229044539708673
66249,0.1639884534166617
66250,0.1335087457823813
66253,0.18425641369236087
66255,0.5596052378965047
66260,0.16421825074861474
66262,0.05746789825672519
66263,0.29920015527667004
66264,0.2440332115624121
66265,0.07267512771146765
66267,0.35358130325912307
66273,0.6023334933697889
66276,0.19679888478478422
66277,0.35735237040934276
66280,0.10219819510064619
66281,0.6759112232336789
66283,0.43994272683081886
66287,0.3632551456807001
66288,0.221542471007712
66289,0.7161930565376208
66292,0.7885993920546306
66293,0.5937441196451194
66294,0.06130134503077144
66295,0.7074566818393976
66298,0.368475414721244
66299,0.1395554055750547
66300,0.2590933064358595
66301,0.05085705121384129
66303,0.29820845431104737
66304,0.4575390283519736
66305,0.2971860731468682
66311,0.7687168090370764
66312,0.133481874192274
66313,0.44129269579236857
66315,0.6812681737913128
66316,0.11501177631492007
66317,0.2861471384888231
66318,0.7480208196429408
66331,0.2615089205062436
66332,0.17631272082432786
66333,0.33813672303455605
66334,0.20364994061956554
66340,0.7307276620590757
66343,0.20370929127085238
66344,0.4485378450759226
66345,0.22901386466366988
66346,0.08454147319690589
66347,0.4176115748912922
66348,0.02791508939601608
66349,0.2273446368682631
66351,0.6440783492607713
66352,0.655196309821129
66353,0.16150143827645505
66354,0.025042853613024687
66356,0.4688708904254099
66358,0.25442457760420734
66360,0.3046717330265451
66361,0.286079606949748
66363,0.4493031491393394
66364,0.2465833600070406
66367,0.2770109539472048
66370,0.18715182449830545
66374,0.13972056917188552
66375,0.9065123913950801
66379,0.09736972888108132
66381,0.07799535001770741
66384,0.3746424404396686
66387,0.3547196049156921
66388,0.5421571045210333
66390,0.06744442402295575
66392,0.14116785090429657
66393,0.25096855316037325
66394,0.29677614080286646
66395,0.21420154454238366
66398,0.4286431129524303
66399,0.060388486907528995
66402,0.5356510249102265
66403,0.1816750778194857
66414,0.4835588742789035
66418,0.17296607575349746
66421,0.1009893943101161
66426,0.05568984734031677
66427,0.06334643476149174
66429,0.053373976909704794
66430,0.08886312028460773
66432,0.07981883870655973
66433,0.04397646652746518
66435,0.020709987764062673
66436,0.0620780508913511
66438,0.723061655621605
66443,0.06483887580126946
66444,0.4648448332793164
66445,0.055607596234125825
66447,0.041293653313959865
66448,0.22736471808590275
66450,0.13994737039868602
66451,0.5898842987288907
66455,0.2413968431090984
66457,0.2747009317399669
66460,0.6462728952757286
66461,0.18574617020050269
66467,0.11022232696635179
66468,0.2128604589506184
66471,0.5379422031554502
66472,0.0075209411094717534
66473,0.19711151340856942
66476,0.6839963554803588
66477,0.3411418177865099
66479,0.20302527275097995
66480,0.1855611060344129
66481,0.4926526452532522
66485,0.632698023790918
66486,0.3315478832079041
66488,0.27783005684812406
66490,0.1328301892409521
66491,0.05539615865674028
66499,0.03688018548248563
66500,0.16199879727979702
66504,0.2222898916362036
66506,0.11524890388562771
66507,0.07421876298661989
66508,0.1482129831538669
66513,0.5536687389800005
66515,0.47011906056292463
66517,0.21548720029837432
66519,0.1967724201471876
66527,0.7706623871207721
66528,0.5084515922208
66530,0.46968179020969164
66532,0.8777165511661654
66535,0.1954839791440131
66539,0.03890671692762921
66540,0.07091330890218539
66541,0.3104419062447417
66544,0.03551087071929874
66545,0.2724736279512102
66546,0.02940478996985023
66547,0.15314416089263122
66556,0.6343775765905512
66558,0.2029557818891835
66560,0.060274764317991454
66561,0.8948692160776676
66562,0.4588768740468913
66563,0.8545973964757396
66567,0.05535703750540301
66569,0.5439555804325099
66574,0.04936588270104309
66575,0.3181100953193222
66576,0.034743141021805625
66578,0.5485717778687869
66580,0.6423439303108543
66581,0.06138655950633994
66587,0.5205999745938412
66588,0.08125330057498938
66589,0.25052446362789577
66590,0.1773385917378389
66592,0.38567915814242043
66593,0.4762411700124885
66594,0.8048845412194838
66597,0.20258568393289086
66599,0.0826590999397568
66602,0.04628578217035126
66604,0.01704655324042253
66605,0.021912740821462003
66606,0.32211436386299486
66610,0.35118506669693866
66611,0.13611790921141925
66612,0.6262506249687655
66613,0.4378893751405007
66614,0.3838316694585745
66615,0.08843101983250164
66616,0.04737496822016669
66617,0.5215076139179583
66618,0.44796522065746747
66620,0.3945446933730248
66622,0.4735696244131688
66624,0.33261315277840336
66626,0.14601037451658833
66627,0.08187371614724522
66629,0.023771158489313347
66630,0.8981732858869408
66631,0.20092099021670873
66636,0.20716299659028625
66639,0.038584834522937365
66640,0.03022687016876845
66643,0.9353139314063408
66645,0.5575469117263144
66648,0.615268353799157
66650,0.35823914973119064
66655,0.12735896988221845
66656,0.4916256810116507
66658,0.0681162626098644
66660,0.0174184462972298
66661,0.049295391396614076
66663,0.4018705707364836
66668,0.35519817456641517
66670,0.13744116128987016
66671,0.04274812941623973
66672,0.08051123849605717
66673,0.11304250220271571
66675,0.10048588922314783
66678,0.1420157236617609
66680,0.5701291568458384
66682,0.018972751489873336
66683,0.11893546849383423
66687,2.8190130587109196e-06
66693,0.2230890381989559
66696,0.39496346088343226
66703,0.03149439205408298
66707,0.09821972704723331
66708,0.8373572388647009
66709,0.4723112651510527
66711,0.060994413437478384
66713,0.030781139625651804
67483,0.21825556407723817
67487,0.1520576299437357
67492,0.10538945072112114
67495,0.11869728527901233
67497,0.10559944376878756
67504,0.10670804377195293
67505,0.10163916508163717
67512,0.16074987829560272
67520,0.22003798017072837
67531,0.12139430934617229
67534,0.032991010685550846
67538,0.13030534714647857
67542,0.05155816024655415
67545,0.056785300621143245
67547,0.010015301480712288
67551,0.3833692709862862
67553,0.6225036261561565
67557,0.22148387114798168
67561,0.052555169643392866
67563,0.12942485769106712
67564,0.04249761139591325
67565,0.34125741730285564
67566,0.052868815648851944
67567,0.20450741594741229
67576,0.062711051537933
67581,0.012735977045561968
67586,0.027833658198526453
67588,0.24781711704123777
67590,0.003914686849063717
67602,0.2682744039662884
67608,0.08601408892421115
67622,0.11727945679721336
67628,0.08384836942971584
67629,0.04504800166137423
67641,0.30913130201971256
67642,0.18339005649489726
67643,0.06622480289036704
67646,0.22141355224040887
67647,0.07482588378761551
67652,0.17454434358441642
67657,0.04295978502008514
67661,0.28165185092721495
67665,0.02763500606499442
67668,0.2890823355838606
67670,0.017266799620773432
67682,0.35420607327444237
67684,0.05384468968233103
67692,0.0711674443482174
67693,0.04819886431904875
67705,0.0434442950325736
67707,0.2600926424008303
67716,0.06460460645438841
67728,0.11930155388419919
67735,0.10513248971684289
67739,0.10767355855848079
67743,0.06426111031899946
67744,0.16084349755345176
67747,0.1339452374139441
67748,0.05275255267145691
67753,0.1516254596113337
67757,0.09605903850842218
67762,0.1496258767351411
67764,0.16917906943466857
67778,0.7811649560353302
67779,0.030746397787301732
67782,0.12035897835488941
67783,0.058036184367205285
67787,0.29825385182325936
67788,0.10503530239847046
67789,0.08524695658281708
67790,0.39105871771874834
67794,0.28574312553687964
67805,0.14107312650646717
67809,0.1466792532636778
67810,0.044485926965225284
67812,0.7531222932344568
67815,0.33128652785199963
67818,0.163065269773415
67824,0.031285904660766854
67830,0.15337891000673276
67831,0.18659453133449752
67841,0.2309586152721814
67846,0.051517859083288355
67850,0.19426855834392012
67860,0.2419843192762215
67864,0.1427049376816985
67875,0.06753812783804831
67881,0.033519236613958225
67888,0.1684670786829065
67894,0.1181761610797674
67898,0.16900252194738777
67900,0.06568622446794312
67909,0.16596537342441572
67910,0.0778643797636131
67912,0.134050035108328
67915,0.05127502863186795
67953,0.029939650113616455
67961,0.6149961828281696
67965,0.08349099890516729
67968,0.047485739134521456
67986,0.2558810966519138
67988,0.0313168747566244
67990,0.16601629674453425
68003,0.050796394583536124
68019,0.17147285221628014
68025,0.09803522620855888
68033,0.06141287432323664
68036,0.04591655703661819
68038,0.11650319190760788
68039,0.017029344119888837
68047,0.12406086302999239
68051,0.1341058237995457
68053,0.0986095248400921
68055,0.08429056134450441
68065,0.0865763605298004
68066,0.18501201819109112
68067,0.21962247349728017
68068,0.21015693551362719
68069,0.003976683107141468
68075,0.20559941256653064
68081,0.12041210876120431
68090,0.00640367109603955
68091,0.18124537195323484
68099,0.13484713859321598
68110,0.1705738134379104
68113,0.025516496530257626
68142,0.011192858607066961
68154,0.2850049562461655
68155,0.09597604522931193
68173,0.10368530999182865
68175,0.2171321530181525
68177,0.17504557973888973
68189,0.16344453299381712
68201,0.0308479506195729
68202,0.20989905347812546
68206,0.08218084850437064
68209,0.036511296595653116
68212,0.03709334688297509
68217,0.10902009879620381
68224,0.059450167147769545
68233,0.15019942933251323
68240,0.5791115087924212
68255,0.20486982757915187
68266,0.04648970875201432
68280,0.22228777412113637
68287,0.05889079665381998
68296,0.8990872789899617
68303,0.02738153792725823
68306,0.09605703078735257
68307,0.0919727048781775
68315,0.032129932530326345
68319,0.013476364108026674
68322,0.14180919350834933
68348,0.3942627535707592
68351,0.519968694707576
68352,0.2007593138830915
68363,0.10417176539019675
68366,0.14809624356923545
68373,0.25156512201686126
68375,0.0899937245717426
68379,0.8917286552583166
68381,0.03897963039880732
70245,0.05068858601774624
70253,0.22487894883754925
70264,0.2667902752978029
70269,0.9503417288081898
70271,0.3255311212704616
70274,0.4066674768122845
70276,0.10402554926741743
70277,0.05923533587309077
70280,0.1383622721886815
70281,0.06573182346219288
70282,0.21075220879728154
70288,0.026917863298908037
70290,0.09954281555230313
70294,0.11926218664620288
70295,0.14301821304948864
70298,0.030139841869466118
70299,0.03336488829974315
70303,0.3048476675674281
70305,0.3170717689865994
70308,0.09587707949968155
70312,0.09407359735169625
70318,0.22773229281044
70324,0.03916348868566623
70333,0.09447654710999603
70344,0.8302737464052657
70348,0.6875385728022212
70349,0.07001720400764075
70357,0.19260559025329282
70362,0.7744118151932197
70365,0.18146801453291272
70367,0.12473252978332047
70368,0.04551667685483327
70370,0.8047534713843854
70386,0.2682765501886417
70389,0.07878765723149085
70393,0.021175793714173313
70400,0.09141381328250253
70405,0.5774073866278402
70406,0.07663355058511466
70408,0.06689824161536746
70411,0.05516428531355098
70418,0.1926457194118269
70420,0.12376597857645526
70424,0.12086896161679843
70433,0.7870390143355718
70442,0.03793779838134352
70451,0.11790088357577766
70452,0.3518661898099243
70453,0.11192907637679259
70455,0.13955260625893476
70458,0.42129245758410644
70461,0.9532657370423253
70462,0.09462032568816213
70465,0.006052444914115584
70466,0.7673588265786466
70477,0.3565535831817459
70481,0.3736049032702309
70484,0.2376115635247888
70485,0.1447819142357477
70492,0.06865297515285541
70495,0.25830593061389273
70496,0.07992920605657954
70497,0.10287298738040083
70499,0.19022085602909966
70503,0.21651551938013147
70505,0.1307083021576715
70507,0.08816811168318396
70518,0.06383858806377597
70519,0.06194515606671532
70521,0.05653063371858666
70522,0.03704217006474989
70529,0.11812096609718462
70530,0.17723550516895176
70533,0.35985204246287633
70535,0.09360417628347827
70537,0.4009329514437288
70539,0.5574421872829567
70547,0.20431729397568357
70554,0.158955464774837
70559,0.9660548611119107
70564,0.13784592957849057
70565,0.8899783355183329
70567,0.29239508493399957
70568,0.16688443804425768
70572,0.04991026538283461
70576,0.0014777421438721574
70580,0.08164513850287203
70581,0.22962646941119036
70583,0.17730592350013816
70592,0.1392987825345349
70598,0.03955713245379171
70604,0.345802539868605
70607,0.26763042183108415
70609,0.11289166476542768
70613,0.8111104771370238
70614,0.13817873287932142
70615,0.1373119998838232
70616,0.27105577632543776
70629,0.22330933977679937
70631,0.9338347126217039
70632,0.10182072002159401
70635,0.3230111891046072
70636,0.09318216108436847
70637,0.10385706792255939
70642,0.7347616679908707
70645,0.5842462071944992
70650,0.8567863617756251
70653,0.7833058900315117
70656,0.010062754190893468
70658,0.4266568137199039
70659,0.11875146755414269
70678,0.09364164845875135
70688,0.03447305035208829
70691,0.3786098934649997
70693,0.06552799965646558
70695,0.5384810889913764
70706,0.1743169873714493
70717,0.922879642065254
70718,0.3441255618643851
70719,0.3245038238385265
70722,0.01260515045744489
70724,0.1497711120309968
70728,0.15782564254461146
70730,0.14320304168015588
70737,0.3407650495879832
70739,0.16658027138138906
70745,0.6755382543371703
70747,0.18457465724786387
70750,0.3321323985552957
70752,0.11036624919411013
70755,0.013870515718365629
70763,0.08509351236853478
70765,0.019849038335530676
70766,0.03200375387269425
70768,0.05706549000742326
70773,0.06552383738289484
70777,0.08706618528842122
70784,0.8978720791853634
70788,0.10332395575610023
70790,0.0637111431291391
70792,0.1090047675073664
70794,0.0907979119752509
70797,0.05789654607926561
70798,0.039925392030400346
70800,0.048978337275325905
70804,0.4399002735990096
70805,0.02241963316497882
70813,0.1194318424077941
70814,0.33001193019924235
70815,0.15160660240170107
70818,0.49324609345907505
70825,0.5871389382778219
70828,0.157333199841994
70834,0.2939065526891963
70840,0.3087818940551967
70841,0.28016758947448467
70844,0.30636968416604976
70846,0.6589831097075481
70847,0.06867128443635437
70849,0.4065585132989327
70850,0.98421128402781
70853,0.7806614513374035
70855,0.08278553415007248
70860,0.14005453701328696
70862,0.045835058849861554
70867,0.12976265998022665
70870,0.04493839929295166
70872,0.12286365689746051
70873,0.09979910523211481
70874,0.05939441738007328
70876,0.1344424266254735
70877,0.1425447997746081
70878,0.005380527760722881
70879,0.016366351351845523
70880,0.9904171144083056
70881,0.19489992965645886
70882,0.10870681692068825
70883,0.12095081085330966
70885,0.1801300465405527
70886,0.002521850289634339
70892,0.10100686000711318
70894,0.13323628952636132
70898,0.02946133955316199
70902,0.026404133864503673
70907,0.9692489003580269
70909,0.37452603821264274
70917,0.09643395360541977
70921,0.19058554160780897
70925,0.23809339443557415
70928,0.8737441765509769
70930,0.7510761973035169
70934,0.5364656472385577
70946,0.24128306022865684
70947,0.3681089036108595
70950,0.13332202388706363
70953,0.0930322868614224
70954,0.13249063737085087
70956,0.11959192376445692
70957,0.6605126461543717
70960,0.5366269450465401
70964,0.059441820137415974
70965,0.08965344080749797
70976,0.10415747473408035
70979,0.010999934603075917
70981,0.36337797193713606
70985,0.016955796231496637
70987,0.1118000508807548
70991,0.08193721212695362
70999,0.021739899142357685
71001,0.1062936961095442
71005,0.16158607102039202
71009,0.2251646139219291
71010,0.022241864897693114
71020,0.19954338226635937
71026,0.23697765562939768
71028,0.24036695877212003
71033,0.14252747398989335
71035,0.11169928285919034
71036,0.25779047076609
71045,0.11090589726166401
71049,0.4886332572740259
71057,0.17642933735494964
71059,0.169087861863055
71063,0.2162661826045089
71066,0.11584477379337449
71071,0.06186247562900714
71074,0.03319560339106637
71078,0.09919474339251447
71081,0.16955315733425008
71083,0.05633416486612305
71084,0.0009586012994302275
71085,0.28350255017414766
71088,0.13190693725406263
71090,0.08987637315292175
71095,0.4015347823124569
71096,0.42198781174923145
71098,0.7597145309467584
71099,0.3029994767758302
71100,0.5490424211882325
71101,0.3557676526600097
71102,0.44882205891603527
71103,0.11439320778350648
71106,0.061599664544343555
71116,0.1990816506536781
71120,0.457538553162177
71122,0.3978070423531202
71124,0.18807415708420938
71141,0.3097308636049888
71143,0.26028928114441385
71144,0.18535609060660319
71146,0.9254204007408866
71148,0.03772372122370692
71152,0.013450846025493937
71154,0.023860583304795225
71157,0.02571130206028877
71158,0.04816459470933027
71159,0.6203264602126967
71163,0.09835707430885976
71170,0.2214033642676996
71177,0.15730732286378515
71182,0.5882802680157001
71186,0.12237116670722904
71188,0.07912410751701555
71190,0.014212711378522066
71193,0.1798449827464057
71195,0.20538282128688254
71197,0.009064514288766486
71203,0.21255897928976675
71209,0.07124238568673451
71211,0.07867837739130366
71215,0.0357996560183196
71216,0.12481968717400888
71219,0.1376085282152138
71220,0.029828211003684272
71221,0.053261086167963316
71224,0.9771139879587374
71229,0.19521684020359104
71234,0.8447549368518142
71235,0.22464400221824168
71236,0.14525140477308268
71241,0.33757514268712474
71243,0.4313722996699584
71246,0.00504979721353352
71249,0.028486039077281096
71250,0.22674465764129367
71252,0.1950157509812137
71253,0.12317401886944028
71254,0.19562923333671872
71262,0.4871816774561246
71263,0.1177460078824368
71271,0.4741661680166731
71273,0.16804430766483563
71274,0.2662028016051427
71278,0.12568504430475858
71279,0.6527799665050773
71280,0.18073182424467274
71286,0.3573339115259498
71293,0.19318928854394432
71301,0.18568322427005876
71302,0.07238886269655334
71303,0.18004233170233064
71309,0.8023306998916059
71312,0.17762503802428453
71323,0.08269790112279528
71326,0.17615845446882633
71329,0.30671888057063573
71341,0.3755843584299538
71342,0.7244796180089094
71346,0.2995570932113856
71347,0.014102748943141495
71351,0.9711693124687999
71355,0.447000983833266
71357,0.28941960435799324
71362,0.7280771686776448
71365,0.45953054938677734
71366,0.14631870320626597
71373,0.014389348394265465
71376,0.0612667865933767
71379,0.14028009428299873
71383,0.18292508299857418
71385,0.07600643726590109
71386,0.14222899185082066
71387,0.16444360118163362
71388,0.060157489629878165
71391,0.2191735081117972
71392,0.19025435484760195
71397,0.039979436491578695
71402,0.10578368959325901
71406,0.26717319018070773
71415,0.11296088333666329
71418,0.019571262316180282
71421,0.06448583527917705
71430,0.019838732256943086
71433,0.9928051419313627
71440,0.14475858482888937
71451,0.07182306560527124
71456,0.9591847519744158
71459,0.2648921579827769
71462,0.07584373162595477
71464,0.3337985629500536
71472,0.06524073603248423
71474,0.13201158712339833
71479,0.442752909778342
71482,0.2601581954820461
71493,0.08376462959441966
71495,0.02853914833945102
71498,0.03705118422498474
71501,0.21460298303433534
71509,0.7726182271938535
71512,0.049789612834078366
71513,0.026101272957733217
71515,0.20073326085703116
71518,0.10637302547923827
71521,0.18574474672164346
71522,0.1786190980673307
71523,0.19673298112417406
71534,0.19669611299773823
71535,0.0698033011939453
71537,0.13814976946125035
71541,0.1337834241997365
71544,0.12179917778099794
71551,0.40293290087634615
71552,0.06328435469253767
71554,0.23114234589440305
71560,0.20509483485874072
71561,0.8356444349563766
71562,0.05083435386670026
71570,0.07241293141761124
71571,0.1926428972297801
71572,0.10619579637436478
71580,0.03863658296768666
71583,0.8466597139245495
71600,0.13865482558721956
71602,0.33970273194634737
71603,0.26448738890554185
71605,0.014400794328520511
71611,0.29946413542367967
71617,0.17512865175345524
71618,0.0584271358424337
71621,0.2239631076483658
71624,0.11839148196863078
71625,0.9871696105103626
71631,0.4986337955418158
71632,0.9913908479628661
71634,0.4027950085065373
71644,0.34808848375515594
71645,0.3700558132586711
71646,0.1183759983180658
71647,0.08250913148036819
71648,0.17799766439077694
71649,0.0481824765862507
71662,0.1399464287969775
71666,0.17512751162262133
71671,0.31835198355350103
71674,0.41045338913755613
71679,0.2588107129879019
71691,0.10191585000972568
71693,0.04102466863250564
71695,0.23672817818282899
71698,0.11118840814221641
71701,0.12222734934914287
71702,0.046692909686048265
71708,0.038454573171581026
71710,0.249956551248755
71713,0.5225779892220092
71714,0.1501788840902471
71719,0.2999441961181091
71723,0.11506993390870787
71726,0.10076631521140098
71727,0.1957641777305597
71729,0.22275593678156388
71730,0.3975340560375759
71743,0.21970069082636287
71744,0.3193696681945468
71745,0.3109104016303701
71747,0.289060108995037
71749,0.015556878686770692
71750,0.2592105343705443
71752,0.10660353203637811
71753,0.08966626819757287
71754,0.09816134562814445
71755,0.010416276236660423
71759,0.10470279291821603
71761,0.38386631126882204
71764,0.29225172611279193
71765,0.2194089885666907
71768,0.7336399382396445
71770,0.060543613622797074
71772,0.006647893103179739
71773,0.27585667803203273
71774,0.08109170593053451
71775,0.19751730618941513
71781,0.05462672922452623
71783,0.02848029469637795
71788,0.10053979631860294
71792,0.05418055524012721
71804,0.3040742076563074
71812,0.10069553065503441
71818,0.05258908854794819
71823,0.5434474482893245
71825,0.769591054674017
71826,0.07161983841966618
71829,0.12894116833389488
71832,0.0995317948456236
71833,0.22264287694009027
71835,0.025671790119837612
71836,0.06679245080229235
71841,0.04772542310692796
71845,0.2886509855184142
71848,0.26478173387732806
71850,0.03586291331805946
71851,0.22944979159789483
71857,0.02880735276458698
71858,0.08942794915626796
71862,0.015187510313191042
71865,0.545286041115329
71866,0.11315386409201174
71867,0.3485064556981383
71875,0.19290785691433734
71889,0.939243517869358
71894,0.06958836570381156
71901,0.9693248442241338
71903,0.09727665438316298
71907,0.12840151705521655
71910,0.1513978290476171
71911,0.027336527780748313
71913,0.013258947684720027
71915,0.14787261189801257
71920,0.982173854857138
71921,0.15635927402546596
71922,0.3138090300844632
71924,0.055493794154919444
71925,0.932603743822571
71931,0.24948464250209718
71932,0.12079054671384741
71939,0.19930899385320863
71945,0.15085725804062894
71948,0.42102398977773675
71950,0.4480547473019901
71957,0.03870976106555405
71958,0.15908570354006074
71962,0.16286847985792993
71965,0.23606978634465936
71972,0.31909452358935575
71981,0.3382481662662432
71984,0.17213943150773467
71986,0.08822962714884001
71994,0.40388041102281197
72002,0.2600620451600688
72003,0.2860059268924182
72005,0.28303626971358814
72007,0.07094356703360637
72011,0.2510038846964673
72015,0.11327653456914433
72017,0.10224073538547236
72023,0.09483388751016761
72029,0.12501489612051508
72038,0.2502627698996416
72039,0.25153994937936625
72042,0.23561850662117212
72044,0.12662103508445985
72046,0.10206225361706235
72048,0.6388945600400718
72051,0.22432315084298776
72055,0.09415532833649365
72057,0.2173021404291522
72058,0.4410868291694417
72059,0.7519231911649401
72060,0.014583982159288172
72061,0.08712414468903351
72079,0.06107805544761398
72088,0.025470205847594293
72091,0.007223082720470014
72097,0.045537445688912534
72107,0.0732386384579092
72109,0.4218563268519247
72112,0.3064519367454483
72113,0.12271299253461752
72114,0.30464815142424534
72116,0.18404437622079475
72119,0.001018792375843394
72122,0.016302024632458643
72125,0.048246966362511405
72135,0.028413006210505756
72138,0.15654622751063035
72147,0.09225087301701315
72149,0.044328986888320585
72151,0.38533774839399576
72152,0.015656857159440273
72163,0.14667888992687067
72164,0.057856912791238405
72165,0.12088806833170203
72172,0.07968030484557383
72182,0.016019527603642735
72200,0.30175017456296516
72206,0.05897350848528159
72209,0.33207060063822214
72229,0.05585681078538426
72230,0.09013386377256247
72233,0.1932775995235649
72239,0.8155714052603099
72242,0.20000874909236993
72246,0.07006263929941604
72249,0.07453910221144135
72252,0.30970794359134063
72253,0.2020889391409519
72255,0.19996948619155008
72257,0.528206373273784
72260,0.20832268089946995
72261,0.015054841540853778
72263,0.030869229342621162
72266,0.3164976083503352
72267,0.2996365655501945
72270,0.06644817990950481
72273,0.09170730980937683
72274,0.4854810849911287
72276,0.1498811444333177
72280,0.1645513446857026
72289,0.0797243105809684
72290,0.23261376299120123
72293,0.13882768381576263
72295,0.14322068609043806
72297,0.8183236757770846
72300,0.03641359492373136
72309,0.33169857932711483
72310,0.4552617546806218
72311,0.3223064010342767
72314,0.21430096083845795
72315,0.030912181996027327
72321,0.07289444098980301
72326,0.1488512978082317
72329,0.26318332296225405
72341,0.678043255844225
72347,0.9891838197109064
72349,0.07154339588608817
72353,0.0558937359284137
72360,0.2164182291628743
72365,0.8885391102226312
72370,0.23934987791327864
72374,0.2264614609970756
72375,0.140498396578178
72377,0.036560690700582266
72380,0.27379769751091365
72381,0.1979777001700935
72393,0.08851702771237802
72400,0.193983441906799
72405,0.09517590152497325
72406,0.09666999774145539
72411,0.2574448963737593
72414,0.0701051980984951
72422,0.27547168537851296
72429,0.23300104793586482
72430,0.3759442131129882
72431,0.06493850523893059
72432,0.31472180017954704
72435,0.1458984210947018
72436,0.1263765374911943
72447,0.10695139985398394
72448,0.15254451709911848
72450,0.6473345898643175
72457,0.362854158173277
72458,0.166694465395574
72461,0.12626062524710244
72463,0.023140523847289686
72464,0.07260297164037878
72465,0.5909094318106858
72467,0.42276178740091463
72468,0.07659466664950237
72471,0.24157533406055756
72474,0.10096501519741789
72476,0.2374580698288376
72477,0.966248984023054
72479,0.0984022629701513
72482,0.04769139692331476
72485,0.4738518557013116
72492,0.957852746139785
72495,0.038585927694978914
72498,0.2843162816384168
72499,0.9888342990128628
72499,0.9888342990128628
72502,0.2056708033512396
72507,0.10905050709546048
72511,0.09879656634860602
72517,0.0757333725034117
72518,0.20417682503186296
72523,0.45927851707936046
72527,0.35413926960873576
72530,0.2670792862103573
72537,0.021037183232615053
72540,0.08526335804446111
72543,0.16746212971210986
72550,0.0801783852537448
72553,0.1322828668793348
72560,0.13043406766127524
72562,0.13730109781485555
72566,0.15134409020602518
72567,0.45876762474739247
72569,0.14425301154478132
72576,0.195007714968536
72578,0.18607649946321442
72581,0.022262198960903548
72584,0.20369718500751255
72587,0.08124842955225545
72590,0.962246364008997
72594,0.46147883798693845
72597,0.10757576281401565
72599,0.20119439737138314
72607,0.292165372664899
72611,0.18249277067342404
72613,0.31151954736350607
72615,0.09782349110367286
72623,0.07486032827032482
72626,0.26793764661919567
72628,0.8142035914927128
72629,0.038627586821159146
72631,0.021102102486803796
72633,0.39917119106432924
72636,0.0281793412346537
72641,0.1897501963143931
72642,0.9416621193527235
72643,0.2243317379272149
72646,0.3397874160125302
72648,0.03374048231741449
72649,0.36066458467259893
72654,0.17730257158549909
72655,0.12681954831855455
72659,0.03525164655824345
72661,0.08328438614092998
72663,0.46002370016679006
72664,0.48718726301178844
72668,0.15807608281982932
72669,0.07282671007829648
72670,0.03424066517534716
72671,0.052671400327386375
72674,0.0724658330127731
72683,0.06260265054707545
72684,0.0820252775905808
72687,0.9977447827715417
72688,0.744861532959197
72696,0.17255137047796465
72699,0.5220951478128247
72707,0.7168484887655071
72708,0.18811909001291444
72715,0.10949353588936014
72719,0.7246505216673367
72720,0.8273427195174506
72721,0.19183895859317907
72723,0.9407763529083796
72724,0.7647853266866101
72729,0.09193446846742544
72739,0.16167666130509842
72741,0.13884267395806907
72742,0.1880098450621881
72743,0.19395241048152548
72745,0.34199656037731685
72752,0.1820371291804083
72756,0.12207531985202486
72764,0.12509221998004919
72776,0.7979897793136046
72784,0.14719970228775733
72786,0.4567231920213769
72793,0.08670315591166639
72797,0.08504331419814018
72802,0.045926267136042566
72811,0.4520389993800495
72812,0.19190188522041476
72813,0.013886997820186344
72820,0.21335509478898929
72821,0.7842587674081942
72822,0.21125570528263304
72828,0.06399336363839025
72829,0.6312307244022195
72831,0.23059956307377716
72833,0.11923904647694106
72837,0.11804228505403455
72839,0.14117402806160143
72840,0.18751722144283586
72844,0.13127861693673498
72846,0.40055577405409953
72848,0.2746418884286455
72849,0.11059822158225663
72850,0.044479493093393815
72853,0.04417199756470314
72854,0.2009884809334891
72855,0.08077493505968958
72857,0.10177709511602442
72858,0.46129123100703534
72861,0.3253673141143057
72865,0.01387483838350923
72871,0.12616312426170345
72872,0.12727071670203705
72874,0.07423793856441566
72880,0.03388086598254721
72884,0.13968223727537665
72887,0.39096721766236014
72890,0.052592513460159696
72902,0.33549596858515734
72904,0.3116818769258058
72905,0.3911209347737297
72913,0.10809797111141664
72917,0.4998985143099472
72922,0.12480146053204406
72925,0.9873220944335221
72927,0.2103773285373587
72928,0.027176279209344022
72929,0.3642124786167495
72934,0.05263761561197769
72935,0.27207379858980546
72942,0.06927593467413672
72943,0.39983133924411457
72950,0.18632459523649456
72951,0.03175490151723401
72954,0.049006266834897776
72958,0.06965542592469047
72964,0.05485024764908339
72967,0.0752829721336189
72968,0.040463344785641286
72973,0.03858113932515842
72974,0.19682305779610096
72976,0.040615725016505067
72980,0.33595465007824604
72981,0.24734849778964843
72982,0.5880081912612654
72983,0.1834791719857534
72984,0.19474660439576377
72985,0.2689816149074118
72986,0.372548145863451
72988,0.020264600458302525
72990,0.15874157051726806
72997,0.3960329814709687
72999,0.23546983596064314
73007,0.16932829998978438
73010,0.0881134813204061
73011,0.020796637725152774
73013,0.13313815649853158
73020,0.2719540611962565
73021,0.21757749573449892
73023,0.07512089544661543
73030,0.05678038025174065
73031,0.2602627535308974
73032,0.11825911854730364
73033,0.5147655794174686
73035,0.3627414034723973
73037,0.9274003507438049
73038,0.10514596717365629
73040,0.03753036708114248
73046,0.03938138472293315
73055,0.32037893780034843
73056,0.17860766308322254
73058,0.107651719996948
73062,0.20187852792073693
73064,0.17888877219426394
73065,0.05430787415395437
73068,0.15571661009043344
73072,0.2657677772427053
73078,0.07716599209140598
73079,0.09647884609840221
73080,0.300933120792055
73082,0.9595954838565202
73084,0.05937796700985125
73089,0.1080744394164299
73091,0.04804977591535208
73095,0.5217168121155854
73097,0.8393688593908102
73098,0.4866869732925504
73104,0.26174635359096815
73108,0.06943425085933737
73112,0.3361237854707364
73114,0.18731798615516015
73115,0.0885262173248347
73118,0.08312211758395624
73119,0.24117447309865903
73126,0.062082881508397025
73127,0.07303947282358383
73129,0.18989381067259953
73132,0.21776550490533295
73136,0.2365387224898862
73137,0.89401454310356
73141,0.20304119634736592
73142,0.22196433567673118
73149,0.17198886822930556
73151,0.046909052188516175
73152,0.2607866350565286
73153,0.06635080514761416
73154,0.19124582468595738
73161,0.0741081448250368
73162,0.3095683786225917
73164,0.016807769636047902
73168,0.03013324006300077
73170,0.07082012464404712
73176,0.3691652056164236
73189,0.6122505025262306
73193,0.2905818492549064
73197,0.249855063272476
73199,0.12509397666514488
73201,0.08891044203705159
73203,0.06615563260255689
73207,0.04951365795814319
73208,0.11496256945369307
73211,0.3140871435360223
73218,0.05995580054958169
73220,0.34027997947878186
73225,0.06124167422993292
73232,0.22898772595182995
73235,0.9979133245660469
73242,0.26307772563785686
73243,0.03200779935222154
73248,0.26025618913704124
73250,0.3101618711461385
73252,0.07860160006787999
73253,0.12252409636656515
73255,0.02191824943469808
73257,0.06541828690206938
73265,0.11788501509342839
73273,0.0903306700158004
73277,0.017306514996550792
73289,0.9838029019148138
73294,0.012236737198774699
73300,0.23536001867131276
73304,0.18589924731870447
73311,0.029689705214928426
73312,0.1690946919115675
73313,0.11671024058478029
73318,0.4426821650690941
73319,0.0904276027910663
73321,0.12172110347737614
73322,0.05584453142299839
73328,0.1992700218533262
73334,0.027203582901783957
73337,0.16177710448476232
73339,0.16161295900348477
73345,0.03854837603359134
73346,0.12252074444758983
73347,0.25612419275248305
73353,0.22552049860210543
73357,0.12703627733280423
73358,0.05059837408925934
73359,0.13853067465336555
73361,0.029527097083577314
73362,0.03831926064276476
73363,0.01362700138047633
73371,0.15175189114204105
73372,0.157485235607052
73373,0.14683763753593976
73380,0.9477242060387424
73381,0.10101587956697122
73388,0.07545832659071826
73390,0.10445312291760572
73392,0.0179818182733578
73396,0.212717811013856
73398,0.5963589863809441
73401,0.1839797781977081
73403,0.16173012466776218
73408,0.05642717175264579
73409,0.1091192796198494
73410,0.27527950359331355
73415,0.29018711102686917
73417,0.0509994985221522
73422,0.10789589800614226
73425,0.0863104672787795
73428,0.30993021256522996
73444,0.03873169484078657
73447,0.05978246778134134
73462,0.4564337731219665
73465,0.9958340478011494
73467,0.07855926294046914
73472,0.10313414409761176
73473,0.042406346673256705
73476,0.06735685550644042
73478,0.20386712026900813
73481,0.2813278957435974
73485,0.33832176327147956
73488,0.13861310852652156
73492,0.11739585998689696
73495,0.20862988322242984
73503,0.026616189236672347
73517,0.8672580138391558
73525,0.18334366293549317
73526,0.06201798213135398
73533,0.15075758101283832
73538,0.1401975249841277
73541,0.08437471770610014
73543,0.05166445823078193
73549,0.07645686368582219
73554,0.27295447324096284
73561,0.1757107164052003
73562,0.9045258257766956
73563,0.31060650442452903
73571,0.8703110756803605
73578,0.21087543762242755
73579,0.19623295641579908
73584,0.128241276173676
73586,0.0867280425345464
73587,0.28153853154851194
73589,0.7108793210763749
73593,0.23896457296895432
73595,0.9028037780585404
73598,0.17803975142032294
73603,0.09532708591973922
73608,0.5232974250948735
73611,0.3166431588253418
73617,0.2570105184443061
73618,0.5272838275493903
73621,0.1403055539716533
73623,0.36941709785762367
73629,0.030712060985393762
73634,0.17047246832703608
73635,0.6331487227398365
73649,0.07587302082524044
73650,0.4748892550574103
73652,0.2847383708359931
73654,0.12953705441072183
73657,0.1459784195120792
73666,0.06514119788392117
73667,0.11109900779237288
73669,0.23236216425403988
73672,0.3251463916746934
73674,0.9943384255274609
73677,0.05084398025593514
73681,0.26601243038524625
73682,0.1047146428893186
73688,0.342562404935555
73689,0.16325145285512138
73693,0.06491808524109247
73694,0.16159247236356125
73695,0.08481570753789296
73702,0.1868162058529037
73703,0.02155860887305509
73707,0.24555769944900885
73710,0.3132058407291274
73711,0.049523947733561335
73719,0.2485890358867687
73725,0.01363087521670873
73729,0.11093071346318666
73734,0.015108692254874847
73736,0.06232697531949506
73737,0.43792692090211605
73739,0.0947231760581147
73742,0.36014511516561987
73747,0.3461995947350232
73748,0.28022734487856904
73751,0.06109074743305601
73752,0.17572537906332636
73754,0.10941658190898142
73755,0.07894607854290352
73757,0.20566224089484342
73759,0.4881497585409622
73763,0.9837927885640289
73765,0.9738100465090728
73769,0.3931651377200706
73771,0.13228202492061905
73772,0.6589066731932052
73773,0.08609372813972123
73792,0.5538165063372452
73793,0.3020644380105979
73803,0.07754238515076764
73807,0.38194843942081425
73809,0.14880275612486285
73813,0.024582391519341332
73814,0.8353895793293006
73816,0.13453931295230262
73819,0.08668440075128994
73822,0.23339955928314324
73824,0.0012766290764309183
73831,0.6007633504064928
73836,0.1220183183871645
73840,0.2741546872765894
73844,0.2014615685549339
73848,0.05746478451130923
73853,0.039064771450574305
73860,0.15645051866588366
73862,0.027478165623667252
73863,0.11488124051668325
73871,0.044342715607025435
73882,0.281778774557036
73883,0.27909595752004535
74060,0.580270764502289
74061,0.2938184491458295
74063,0.5505665807700403
74067,0.051088401750576794
74072,0.07293451692240113
74073,0.3325700235239293
74074,0.33320002316424896
74075,0.1982249754613929
74079,0.462215898573895
74082,0.23742693297247636
74084,0.16983513367181496
74086,0.024384957927947568
74088,0.03614716647982124
74093,0.6214115225340767
74097,0.13794652270735686
74098,0.08695939613055409
74102,0.0683073697581758
74104,0.15173938562165024
74106,0.118866063337603
74107,0.15723649366003992
74110,0.05997722377625177
74114,0.3613888682816629
74116,0.3242786224813563
74119,0.06574296912971578
74126,0.41801037824294396
74134,0.10402836063111141
74136,0.14260332930736855
74137,0.12133722504432563
74138,0.2023619655180121
74144,0.04128363640995407
74145,0.7359172330849624
74168,0.028558780942202714
74182,0.38833581259679695
74189,0.1629769535217756
74192,0.5171893417777816
74194,0.19319029023689305
74200,0.07220569893374634
74202,0.25437561698361505
74204,0.3046545992679831
74216,0.14643927855735875
74224,0.2829636175286866
74230,0.0979415941014986
74231,0.26146023222183845
74254,0.3072575759237916
74255,0.014591345300294076
74257,0.0997275599791634
74259,0.09099808190386441
74261,0.17910599339522282
74262,0.2796592144591225
74263,0.40037181314303644
74266,0.11597871596691485
74269,0.15531687196902777
74273,0.03740160947659366
74274,0.18518950052120572
74282,0.10869463369157961
74284,0.03082808228581296
74285,0.08463242024326803
74288,0.3841294145268917
74290,0.29417035324379254
74295,0.7949398653041253
74304,0.869881817214675
74305,0.06875078381360605
74306,0.28435464760094714
74307,0.14811144894960424
74312,0.05616470236371697
74313,0.0766112485379013
74314,0.1798225428759418
74317,0.10509849056140105
74320,0.5018731939135309
74323,0.4368064022040946
74324,0.3505878857056253
74326,0.15298274360440325
74327,0.08957213878277419
74330,0.1530852080308927
74332,0.7645782593187402
74338,0.06100368601979238
74340,0.2564495048812614
74345,0.19378508748655937
74348,0.04880784058560243
74352,0.29375004588914366
74358,0.24614102030038015
74368,0.5307352394790995
74370,0.1537339791583495
74374,0.13441276953319034
74376,0.09832729437900128
74377,0.16963457088140899
74384,0.3104633006759426
74388,0.3117151920152924
74391,0.14288455873885444
74392,0.09202003273345252
74394,0.12721969624710472
74407,0.03694909007066939
74408,0.24616837454402277
74417,0.17684487502783905
74418,0.1614372251236341
74431,0.40977584645810616
74433,0.04519693997623136
74434,0.10830018138231476
74438,0.33654926945141733
74445,0.3088098098371935
74449,0.23073284285789963
74455,0.7644692981614454
74460,0.16867731965774405
74463,0.017349034502566387
74466,0.03051007147954891
74488,0.2503339365455884
74493,0.30404373916115907
74501,0.04162341968638292
74502,0.26195803534582685
74503,0.27101609804784477
74504,0.015209143759483047
74506,0.06711568643377246
74508,0.055018991348190396
74525,0.16019939319092413
74535,0.20131471659076405
74536,0.45008606976361465
74550,0.3166195414289478
74555,0.1691002934481299
74557,0.10270684520199466
74558,0.21997233798869595
74560,0.0981637889675712
74562,0.07640544942085423
74563,0.404766369988594
74576,0.14118701163881706
74578,0.059661284520501824
74581,0.07582194886736389
74582,0.1605413651372766
74588,0.17139259418897027
74590,0.17128218208248625
74596,0.03340289063689046
74597,0.19997487005136066
74599,0.3124473637607892
74600,0.13632182985832964
74601,0.044916068721820655
74609,0.3468501799967689
74613,0.0021807097700379946
74628,0.30325996123575627
74629,0.6925691751254435
74635,0.337147022607228
74636,0.14382591534054023
74638,0.239648468769423
74641,0.11200391581066288
74644,0.9030778283099996
74657,0.19312039656753757
74658,0.09909977685247227
74659,0.04710600188690574
74660,0.05359775174828116
74667,0.07134997016982865
74675,0.36556138982741143
74676,0.04179824707437264
74677,0.25892124292251667
74686,0.08080405208218586
74688,0.1905094604751223
74689,0.08921124736937264
74693,0.11611790806149906
74695,0.12769590801436462
74697,0.5643196284562444
74706,0.42832656920756124
74712,0.4275068497009784
74721,0.24060303676899486
74729,0.09250134258185903
74730,0.7570518119222042
74738,0.8634083095048287
74741,0.5361676712277857
74750,0.15134077032837925
74755,0.11676796270020381
74756,0.19031251896790216
74758,0.12598761293277277
74761,0.2860887098162929
74762,0.219692469163607
74765,0.18827798593530543
74766,0.9605470127239762
74769,0.18460398807303224
74777,0.9961570504981284
74778,0.8784477052580781
74780,0.6082803782307715
74783,0.08377253739027642
74785,0.08424284785085086
74795,0.09923595507281323
74797,0.04949798066039655
74799,0.26314208514225834
74804,0.16311347721199365
74805,0.13524975200263664
74808,0.040227067089546334
74810,0.8871459863251394
74814,0.38776941040945534
74824,0.4345056889679472
74829,0.028234115079146662
74830,0.12749852798736813
74831,0.277989682530197
74834,0.2858848638651661
74837,0.11552142967773608
74838,0.038103346708058795
74857,0.21568978923894774
74860,0.18791026001285668
74862,0.24671815886055012
74871,0.35483970429795286
74873,0.1613828577337191
74878,0.1258966411552318
74879,0.09003844378212644
74880,0.1186118645125903
74882,0.04030823228317373
74883,0.2443621130968381
74892,0.9000324341129247
74905,0.08485012533265913
74912,0.6822739776201535
74914,0.12769624601228627
74915,0.06260363420208163
74917,0.052181987122994725
74920,0.2462607532586391
74923,0.16465215993755053
74924,0.10432004768141348
74929,0.32903105750803596
74933,0.03072132005225271
74934,0.396382348111017
74936,0.08716392093524483
74938,0.1830400919435457
74939,0.07865198785416748
74940,0.22144555799094562
74942,0.46926131426089956
74943,0.30829043619545143
74945,0.0838828562822893
74953,0.03621555644617867
74954,0.4825498966139535
74956,0.37701216961201955
74958,0.3875606440481189
74959,0.8778428188248759
74966,0.012989921052425099
74970,0.18738470028949578
74971,0.05576776545502408
74973,0.08745351636118535
74974,0.3238579575710931
74975,0.2336395168109708
74978,0.2142045792762391
74979,0.1120446942286501
74981,0.9975062028231031
74990,0.7450037655854703
74992,0.28175614730225435
75006,0.7080205123325362
75010,0.20870143203792646
75012,0.07795091610395216
75027,0.9241480152768419
75028,0.08283664356359559
75036,0.3318923020628083
75042,0.17541016351074842
75043,0.022500586358548947
75044,0.2738430295079467
75046,0.135861967107454
75047,0.025220087628753225
75049,0.2006760976007705
75052,0.023747750470193087
75057,0.28874681233033933
75062,0.42753938350931
75063,0.321539046750955
75066,0.5161350336057726
75068,0.2534179431144207
75069,0.038104167042818944
75077,0.17734427056666782
75080,0.10201753742051686
75089,0.08416110593715126
75092,0.12088597655108274
75098,0.08687784028786343
75101,0.18860541966192182
75102,0.1020340436713402
75103,0.0907472945835237
75104,0.4180071088080258
75109,0.11541874244520035
75110,0.15447322563676816
75112,0.22593859241805267
75121,0.4149877196296364
75125,0.0036216737859241584
75127,0.1547537425786965
75130,0.45985085539389275
75131,0.18861676985982606
75133,0.3014810875860001
75135,0.7796367603398093
75136,0.02764562308202535
75137,0.053573619912370335
75138,0.017820279293219474
75139,0.6402116500657992
75140,0.22876451301437706
75148,0.32227413378602277
75150,0.2268701971159841
75155,0.03730442519205356
75161,0.0850387232337071
75163,0.2391243494801288
75164,0.24306295695377877
75166,0.8086028959612052
75175,0.17657169148363652
75176,0.06445609403534606
75179,0.4782403908437112
75183,0.2312111102655741
75185,0.245322591084667
75187,0.19282860412613193
75188,0.07601668365488376
75192,0.23763315165829088
75194,0.4937666906169011
75206,0.20699916213645841
75208,0.08245717829413625
75209,0.12903611367152618
75215,0.20498090898214189
75217,0.11252709802441077
75220,0.4262058002938453
75221,0.5772020388839629
75222,0.05830622419757146
75225,0.05467062995558169
75229,0.27558753351878595
75230,0.12527362537259173
75233,0.15291023304118956
75240,0.0495461878415819
75248,0.46926085049808125
75249,0.21171793068177394
75252,0.08197025765577014
75255,0.14388384358311962
75258,0.1896784858859852
75259,0.0517725820255841
75262,0.9560853015565175
75263,0.36646149908721404
75264,0.11318036762925732
75266,0.958347257951554
75268,0.9983904708288227
75269,0.9849249041689836
75271,0.5558331797014792
75273,0.9683933676994825
75275,0.3405782855127536
75291,0.07414204226972579
75296,0.4831400593850584
75305,0.21611915817158026
75307,0.3277411705773321
75312,0.6431328567286574
75314,0.05042969174054506
75318,0.016783969695160453
75319,0.04370628572965838
75320,0.04340740468267959
75321,0.07601485305838235
75324,0.13859216248411493
75325,0.34950644192258784
75326,0.45282949996368826
75333,0.10828327609656438
75335,0.8884084969512496
75338,0.05280000522493573
75341,0.10346372318419021
75342,0.19413656072626387
75344,0.09007093192170866
75345,0.2281766682224439
75346,0.4616751794999036
75348,0.16617914835723416
75349,0.11804232852597679
75353,0.23615501884839513
75357,0.09618428386653359
75362,0.26275888635613726
75363,0.11747091175642518
75365,0.3816642925136386
75366,0.184323597236649
75382,0.05004303565963855
75387,0.07406509366078536
75388,0.9562429199440539
75400,0.011676241748249059
75402,0.22966742897903555
75407,0.2732961705860183
75408,0.1487735543079846
75414,0.290270964042544
75416,0.0982948656471001
75422,0.13475064676196927
75430,0.05786203991394036
75440,0.6941533535939554
75443,0.29211805061875834
75447,0.3412527063680663
75452,0.7595350090592125
75460,0.06569881483156537
75462,0.6276520816352373
75463,0.17775280308869004
75465,0.19304776615638103
75469,0.5578842666785734
75485,0.13321333541789365
75489,0.03251703086666468
75493,0.12520386541254716
75495,0.13224242791906488
75496,0.05800431245078083
75498,0.34332501286626876
75502,0.1512162488567426
75503,0.1580563868409642
75508,0.2578523594949064
75516,0.23130281238627154
75520,0.15187262684715408
75526,0.2697653268357986
75529,0.4091686041970336
75532,0.12070611953849746
75535,0.10535116337024839
75538,0.5407654461342053
75544,0.14684620188462696
75548,0.2172334571949699
75556,0.176610962154989
75560,0.21446941428004682
75563,0.20483584327880158
75566,0.30821501286717157
75567,0.6801127185986402
75568,0.9581460323058614
75570,0.34749978393655434
75574,0.10416056954783946
75579,0.48820024093565584
75599,0.24588291045278596
75603,0.23231687301616905
75607,0.9663444545304307
75608,0.2791642202593698
75609,0.9820749123481716
75610,0.9824407235114979
75611,0.24456382932019907
75613,0.1975133239069336
75615,0.5220481469128703
75624,0.3883900944003915
75625,0.028096058149546934
75626,0.03510742796834679
75627,0.03857646054223869
75629,0.512946684453797
75630,0.05987737146250273
75632,0.10976562564357842
75633,0.02360617868967196
75635,0.1428908552541142
75636,0.10231365884850564
75637,0.20695820575543208
75638,0.9683529558485771
75650,0.2469485724810775
75651,0.2637797231111095
75653,0.21385900216562617
75657,0.15214326745706017
75664,0.15229876685423738
75669,0.18756670980838508
75671,0.030084065931142
75672,0.0698604395541811
75677,0.0656023777560333
75682,0.04483017697576215
75686,0.9099836700790084
75692,0.1365525747717071
75698,0.31864505899314044
75718,0.15541000452509202
75727,0.2725847425925442
75729,0.3990237224381622
75731,0.23125812866989287
75732,0.6867504053401728
75736,0.23936466952739582
75738,0.10290375595029722
75741,0.2130322934718268
75747,0.4675502901666276
75750,0.9989443068886713
75763,0.057194375707755825
75765,0.17107124838335114
75766,0.12686644153897572
75767,0.13152056284191757
75769,0.33720366583956407
75775,0.2667092916880714
75777,0.15442604936898832
75778,0.36065509353910624
75783,0.10294187740247401
75789,0.11148543627222167
75791,0.14157793775885777
75795,0.08832408816718335
75799,0.0680972354473106
75802,0.19491032733517022
75803,0.32130307979265277
75814,0.22442972811557071
75816,0.5655910276237434
75823,0.7076791157334449
75825,0.08813230206366644
75826,0.03224285153048201
75827,0.13662182899817915
75830,0.3244531133345321
75831,0.09580382282336365
75832,0.1437503180731361
75833,0.0032873235395646165
75835,0.034190127044005474
75836,0.2283377710102489
75837,0.5660085707772194
75841,0.197755349228094
75843,0.6498146098572668
75844,0.6595330065235929
75847,0.043503830708450104
75848,0.263527854115541
75850,0.16246071344144333
75851,0.09393980714551145
75853,0.18874221615805414
75855,0.19890415696045088
75856,0.05012874345004203
75857,0.4206907011625831
75859,0.00041445388485752147
75860,0.04046265662928108
75861,0.1352860176841453
