pid,label
27085,0.0020121468823143993
30747,0.0010129521675217071
32932,0.004987676313928621
33635,0.03229149707607406
33955,0.08736178903787714
33978,0.0011254628443411034
35307,0.007864902844016837
35623,0.009993874668332224
36023,0.0015885277547255958
36331,0.0005657498941980131
37217,0.006419961205257509
37479,8.603615306716735e-05
37832,0.009253737570339315
38303,0.0015089799203587136
38546,0.001762159379768521
38682,0.004294288495279638
38683,0.0010431404140400305
38713,0.02083337758146586
38754,0.004268666682751051
38755,0.004230038275064929
38767,0.001122662027712878
38781,0.013978063221527294
38791,0.0002855806367438099
38828,0.000899360785667782
38829,0.0007809739604159887
38904,0.028695174297604296
38914,0.0034185526348314644
38945,0.005518635496686758
38948,0.0008493934460813967
39002,0.003193412693550201
39010,0.12042119629116096
39011,0.04129846488360292
39014,0.0005287328688529265
39015,0.0035979205127954134
39038,0.005358672583129622
39085,0.0014845249318701495
39106,0.011287533644867138
39110,0.008662027989577976
39113,0.04180491081288102
39116,0.029399979969355106
39147,0.1726812660185391
39148,0.01018741462431122
39158,0.030483666063824997
39205,0.001413831262510142
39234,0.0007582153241343109
39268,0.00035928351972349634
39272,0.048035201512002995
39275,0.0038880021557235298
39283,0.021114800777839265
39296,0.0012122416176667656
39306,0.0007883526679626285
39316,0.0038425959506191857
39327,0.000546902763576393
39341,0.00742891474411358
39345,0.0019811601901261826
39346,0.0005083772028894862
39363,0.0003126637265251689
39364,0.0055273781892140016
39366,0.0033876925525448444
39412,0.0006970254878487262
39435,0.001111521205350041
39475,0.008196197186944669
39476,0.0020585273962980917
39479,0.010680191009617899
39482,0.0021395521324287575
39483,0.003141306227331753
39511,0.005594745304532088
39513,0.01791396802037004
39644,0.0010646773269174744
39649,0.0334868205984997
39651,0.013925603481702097
39674,0.022445721123236992
39685,0.015331196405720664
39718,0.013711528256759739
39730,0.01739627305721171
39731,0.0021285108562014592
39734,0.0011310175268992228
39769,0.022662042922268574
39770,0.014929869474992488
39778,0.0019878434251783938
39779,0.015137176285697947
39780,0.0002800384083139659
39798,0.08721988167785664
39819,0.001884882378085309
39898,0.0014766252664528614
40004,0.004407794357465189
40009,0.0005600602446429236
40044,0.0030985695304824924
40055,0.0009254661664048124
40082,0.008939885619156525
40083,0.005091204795081989
40100,0.007066548495146567
40101,0.0009336975850312852
40103,0.000559916463367066
40142,0.016542516642497396
40147,0.0035438798972518043
40148,0.0002565370516780135
40150,0.001042299748250799
40153,0.035208434074516855
40154,0.003875882448854436
40178,0.0027285974365946855
40190,0.019103712704890977
40193,0.0016480650601160694
40194,0.010038943258491655
40195,0.048592005023381596
40204,0.004013911703169739
40221,0.006073286894981668
40253,0.0016556040845429607
40317,0.0057489213115835235
40350,0.0024841063038925646
40407,0.07998058473578194
40467,0.000897547876804158
40472,0.007765936577118676
40473,0.002065226838924738
40476,0.0019507295452243472
40490,0.0005807105993736368
40497,0.008658895527836372
40579,0.005053623681932984
40580,0.0013956898382012244
40583,0.06719670905640072
40601,0.001178288475183229
40634,0.04472927344238783
40697,0.0007268579930547445
40718,0.00397374595978111
40722,0.005294179807207747
40731,0.051202602150949426
40736,0.0003383180335116382
40776,0.0012318539425987013
40809,0.000629291484813203
40843,0.07439813051185856
40845,0.033596653835831096
40856,0.013699556130431827
40857,0.019808988337907823
40869,0.002720345032685274
40947,0.0025225271684963394
40953,0.0020351705769792146
41007,0.02570909748450566
41088,0.09875570364336357
41105,4.863279157249182e-05
41148,0.0017254060723591758
41156,0.0006595438808108591
41174,0.002634975497181503
41223,0.0039512875114189995
41238,0.000359110433002366
41246,0.012852310866816355
41254,0.007414255944999292
41257,0.01781850012608114
41264,0.006222788933407669
41310,0.1059805856761546
41473,0.012142701710968656
41474,0.015044190887598827
41476,0.03853957071152816
41498,0.005352269245175363
41514,0.00465168020598284
41520,0.0025273697311672606
41522,0.0021645637994338117
41524,0.032026814920252875
41532,0.002240262706943358
41548,0.005351397678142
41558,0.0023177871918271436
41570,0.004906183733357206
41582,0.0017147189742629737
41634,0.00038781149739464306
41636,0.004968327613330098
41645,0.002354674655380069
41663,0.005619256586319054
41697,0.008758234351663475
41728,0.0012050668447587186
41742,0.0017362521856687475
41781,0.0005372726571009139
41829,0.03203064156286246
41854,0.012815579234891869
41924,0.0005663972527235533
41936,0.007458781369885727
41943,0.1303584391647601
41974,0.013139638585098652
41975,0.01161076546471717
41998,0.00843175833432265
42008,0.015080970734162603
42030,0.002433744868403581
42031,0.0019306798938794147
42053,0.011372995892489662
42066,0.0026703523153401034
42124,0.0006109531989457593
42128,0.0012065606889394656
42129,0.005187775626902145
42142,0.0027902860119367306
42146,0.006259919371307157
42179,0.006810054417533545
42192,0.0015842631623157243
42231,0.0008319529103846704
42289,0.0040916453368296185
42314,0.00891376614903937
42323,0.0006143445800374617
42359,0.007107699837774204
42360,0.0005807118350303817
42362,0.16645654270380267
42369,0.019772349879405533
42378,0.001713539877297427
42403,0.004461092267406003
42413,0.0035547676612679834
42424,0.0009591597850468273
42437,0.0040963986730024205
42438,0.014037178301962501
42443,0.001119084809343461
42446,0.06348438917631212
42448,0.006069749188339201
42499,0.0010963404195962845
42509,0.011702945360176815
42556,0.007011516589667911
42613,0.005482073436050022
42631,0.0037766313961307084
42660,0.004758347231015729
42665,0.007790984449388926
42670,0.005859691565877108
42696,0.0046740826538294155
42721,0.0018673916730796163
42735,0.0012755299686482212
42747,0.015889248934659747
42749,0.0020820518892316724
42750,0.0012573289310599234
42759,0.029183866359892133
42793,0.007022339010014519
42798,0.00356249676939195
42799,0.21425046553095345
42806,0.002271223818290773
42812,0.0038412605982468596
42837,0.0005975885825127319
42876,0.02970814806838353
42953,0.007951412282748484
42955,0.0319582749732145
42956,0.0003883238884900615
42957,0.002722643253323188
42968,0.021385083597084804
43014,0.0010463595266198584
43052,0.001707021995554455
43061,0.0054834615440723135
43065,0.012011765411458725
43103,0.0010589736443533514
43109,0.0033435832231247836
43122,0.0003155292623387879
43138,0.06986159253473447
43146,0.004154997097546486
43149,0.0003567041230297803
43151,0.00022770724761532137
43153,0.00563992359781616
43158,0.011797208912183233
43188,0.0027531867662634124
43199,0.001496149891618831
43201,0.007224423728667829
43213,0.0008759627533574028
43240,0.0018421502956415515
43248,0.0029149763223830917
43276,0.019449351298466932
43284,0.002476522191698877
43315,0.0036437246911413604
43384,0.0032415954712502527
43388,0.005410146226217933
43396,0.01136384167716358
43413,0.0034367819886643564
43463,0.0010595508866715598
43501,0.2735836588916962
43539,0.027829635906196196
43556,0.007438843820948465
43559,0.001986310918326128
43562,0.004616016754634136
43563,0.004592110824155836
43569,0.005050392087094211
43570,0.0006645468725815868
43571,0.0007354704501953634
43575,0.004559704662687831
43580,0.005685978682673585
43587,0.0008268766159123438
43593,0.007233500564037103
43602,0.01872957784947979
43605,0.010942988294459813
43612,0.0075616254191398155
43622,0.0028792169007837566
43629,0.00040721552454244024
43652,0.0005236565928325429
43661,0.0224686663006965
43664,0.003484800274546674
43715,0.015840746338778047
43736,0.015998791611112142
43746,0.014859637576683037
43771,0.07170664358081372
43774,0.011658760940204687
43818,0.0010008966156115516
43822,0.011398614364491789
43837,0.007972195887400649
43851,0.0017289085975456446
43871,0.005920794718217558
43872,0.02429671791569869
43874,0.026637347143754313
43986,0.0006071720629444343
43991,0.002028025944436131
44022,0.010882802763144706
44024,0.0178285332485005
44032,0.0020852921479409805
44033,0.010392415992899834
44043,0.0024190249739954087
44059,0.0027699551583588405
44156,0.001326834903385458
44195,0.0005508731307300583
44197,0.0004236100295298834
44198,0.00013478545135625367
44202,0.002605619127384158
44203,0.0005170209262847968
44211,0.011331925165193572
44212,0.006736339538050626
44214,0.004009357996582209
44215,6.702661746405911e-05
44216,0.04517799211304606
44217,0.010163452796531561
44218,0.004100115649385737
44219,0.006286680296925793
44222,0.009816545471441101
44288,0.0036881755649638692
44294,0.0029651437154265903
44306,0.008694607063702361
44310,0.0015353035285622927
44311,0.06690747462830231
44312,0.005309722087406302
44314,0.0005663090360588749
44324,0.07482934956673316
44325,0.0035325751441504937
44326,0.0014590647510126574
44327,0.005153145827626061
44330,0.005675766208326518
44332,0.0013507807185118954
44335,0.0008499742533411863
44338,0.021413893917786232
44344,0.0006242468000209928
44345,0.000832552062179651
44346,0.0006289844578285817
44347,0.000659106185266483
44348,0.002210720815795899
44350,0.005990847815107809
44412,0.0495518086026872
44417,0.01678935566383707
44418,0.018079856126460684
44419,0.009771315201901117
44420,0.04657962477632105
44421,0.0005327352744851272
44423,0.003330316214382091
44510,0.005423115403289521
44511,0.003666386257934987
44513,0.0059376615862380125
44517,0.007809984276285701
44541,0.13770670637864715
44542,0.02440160377411146
44545,0.09042645351004312
44546,0.009936569233690852
44613,0.004868499599209276
44624,0.021587399370223623
44628,0.005163702971039144
44658,0.001056223291008519
44685,0.00023903762739616025
44693,0.03210575868727337
44694,0.0014291294791732836
44696,0.006822427527329979
44701,0.028339691998413262
44703,0.015252999875755754
44704,0.0029899985765320623
44705,0.0007153813704512153
44706,0.0021298413292744353
44708,0.0013904432955328613
44709,0.005677451430064081
44710,0.028041376645681737
44711,0.010529720134319532
44716,0.021167861693277685
44717,0.004194987991588442
44719,0.015740930410122252
44721,0.009312142258383428
44722,0.2620779015195339
44724,0.007376511460422043
44747,0.0002757826117027925
44748,0.000365221382147625
44749,0.04939782955963449
44751,0.00105638403815191
44754,0.004663028487930281
44755,0.0038908883233475457
44756,0.002367725427044751
44757,0.00960268363727155
44784,0.0026578681381207686
44786,0.0038582577586111044
44791,0.029099011962937682
44792,0.0018007840552508975
44793,0.01702260617979665
44794,0.0010874312265236258
44796,0.06619585653118028
44797,0.002845829639831376
44798,0.22785840127430784
44799,0.44094664953280815
44819,0.00048509457276093735
44827,0.0044504338447950076
44828,0.0007222466018773175
44845,0.03640236858041201
44846,0.010166625697314717
44848,0.002165596693999686
44849,0.002334375783813039
44859,0.16447773298256396
44861,0.04350505440650562
44862,0.02704008218401078
44864,0.011295050713257931
44865,0.45341405798398443
44878,0.07582363032568842
44913,0.005435923663786604
44920,0.0006692671103232179
44922,0.002694800415778731
44937,0.016966559477824637
44940,0.0037460779320732124
44941,0.001262230494859495
44943,0.012163597757280853
44944,0.0006148382788417681
44947,0.0008363216344876463
44948,0.0010625583206413432
44957,0.0013440405391188944
45017,0.0019974347408657053
45021,0.0024369248663787856
45028,0.04492865330160247
45032,0.002850460973482558
45034,0.0017323641621432896
45062,0.00028349618141232803
45063,0.02190786223078347
45066,0.0019342712175420636
45067,0.007021333522807189
45068,0.009980804857520047
45080,0.0120523876220527
45081,0.014438913107358604
45082,0.0037245938789422814
45084,0.0033287708882350346
45086,0.006793623187379864
45089,0.01954829068810563
45090,0.01935191783157996
45105,0.00424833553575366
45146,0.0028338709996288346
45147,0.001691718904281191
45181,0.0053011390039318235
45184,0.0007562439072145691
45187,0.5342000207589263
45190,0.9618269908816224
45227,0.0005075146031344489
45232,0.0010276007535429772
45240,0.0038256660979769765
45251,0.00023542322403063713
45252,0.14632210949963895
45253,0.006086166737521382
45254,0.0021859526662338364
45256,0.0012475215116944205
45262,0.01937333725046494
45264,0.03848815907154894
45266,0.0032990968740194736
45267,0.0011901180127291161
45268,0.007268341946603859
45272,0.005305802627351696
45279,0.0004586275672648513
45286,0.008141124750576064
45289,0.001101463550265133
45304,0.007475100733966361
45305,0.0024669585657005736
45309,0.010191423652417288
45310,0.011207708745126135
45311,0.002096080201452864
45312,0.006991996878088571
45314,0.019802540327603327
45343,0.005049482062528308
45345,0.0004591561797513144
45347,0.0014093288292662287
45352,0.05805014104834271
45354,0.001315044939419687
45359,0.0002881232470603272
45361,0.0008686975178803058
45389,0.0015115363909443307
45394,0.3697908735490394
45452,0.002381211530022115
45455,0.011742678867871557
45459,0.0012121036009142092
45461,0.0053163002222974985
45463,0.0007742387896837762
45472,0.008914290666156503
45475,0.0038524097247216427
45476,0.0009803985720106872
45477,0.0010811359066267064
45478,0.00031459431321648266
45479,0.0030252753682846263
45480,0.0013685659149370749
45481,0.0015153980305966533
45482,0.0010173161004599324
45492,0.0012637771228890143
45520,0.0016048460430972543
45524,0.0008584552099556813
45526,0.0010048095566112037
45528,0.0018097676175088601
45530,0.0006143997464697198
45531,0.0022303511279170418
45532,0.0007106457806336858
45533,0.00746069869382019
45534,0.0014580171387434306
45535,0.016062481542809773
45538,0.0001853641363983439
45539,0.001088659783952219
45542,0.010919503049264654
45562,0.0010488138627276552
45566,0.002244319542291203
45568,0.004832509154610489
45571,0.0006310811864234304
45572,0.18401012910671175
45589,0.0036649651602890425
45619,0.006038118257291902
45620,0.014862500365082328
45629,0.01809352418913424
45642,0.0031050408481356974
45644,0.00013914963430611204
45645,0.00599395322820695
45646,0.0008204365177236788
45647,0.01327865252001182
45648,0.0015424617707273539
45692,0.00215054421758278
45693,0.4540795126984799
45695,0.008053310725846977
45696,0.0007650222695824765
45699,0.007592251212676702
45700,0.001654254391308354
45705,0.006331171663166945
45731,0.10797360045856909
45734,0.03329763733949263
45736,0.021042419144875084
45744,0.0017714809701296827
45745,0.014998196414601562
45746,0.0012396052035475729
45811,0.001220918971545607
45814,0.0011960850454651208
45815,0.002364203854735473
45817,0.0013639423072785144
45818,0.0014822548779477934
45823,0.002625344514781575
45825,0.013241682070716495
45828,0.0007476136462736027
45830,0.0024937960416516725
45833,0.016490261128294742
45834,0.0013233386639762328
45835,0.001218965959001735
45838,0.002630470854821861
45840,0.0017415761260550606
45841,0.0009812041584236128
45843,0.0008245416373987584
45850,0.0003391468782273249
45853,0.0012984724983998639
45854,0.002670151723730563
45864,0.004733964806888332
45896,0.008477426751428827
45906,0.001748679019667763
45908,0.0006057368403337108
45909,0.008395247477858324
45911,0.07668857009485401
45912,0.003125741715934479
45914,0.01868425815485059
45915,0.009752632516622114
45916,0.0016111679872227434
45925,0.003146973203967658
45926,0.010029892024640078
45930,0.006564789279588678
45934,0.0028974620858618952
45936,0.0013881602554111922
45937,0.0006311168092942432
45951,0.004344953763733481
45994,0.0030236882268460906
46004,0.03454300758640555
46006,0.0009136430696356885
46010,0.0041295887039314505
46023,0.004543330861650259
46050,0.011029772929125149
46052,0.0026080735701539313
46055,0.0042644824555635305
46089,0.10977244964754061
46092,0.006485972216590692
46101,0.006674598325084338
46136,0.0008160225757721544
46138,0.008478617907235248
46142,0.005774010293672159
46146,0.002240458495647711
46150,0.19177906563959504
46151,0.003483672704410069
46153,0.013774764702053674
46154,0.0028667716060298714
46155,0.0025999438491002814
46158,0.028793731205343787
46159,0.0012441028173676507
46161,0.0029736716992443298
46163,0.0023918116402307263
46166,0.0012047841850704605
46168,0.004676878697255054
46170,0.0025760924213053286
46172,0.005336231155008293
46178,0.0008993848031402666
46179,0.010830327214682647
46261,0.030673803093149273
46263,0.0011078804968148038
46265,0.0018999401926210607
46267,0.006849770935243784
46268,0.012229652135282994
46269,0.0011150285105915785
46270,0.06706031551872124
46272,0.08839900017746004
46273,0.0009164662388618277
46276,0.029628542448719854
46289,0.0024376348744901423
46292,0.011107207938726216
46294,0.009761238808689312
46309,0.042279908538266374
46316,0.021850140214115424
46348,0.007226507436373734
46349,0.0034638089964399497
46351,0.00011156108204784868
46352,0.017262374668943307
46354,0.012738014945963903
46356,0.041382137864911454
46357,0.005779437180000811
46358,0.014940840689613925
46362,0.03313347412831822
46366,0.000788446912187272
46374,0.001664223082432633
46376,0.003122332438651419
46382,0.0023779477814493332
46400,0.043601963190460974
46403,0.0005256153906749035
46423,0.06609182957515479
46427,0.07297528423483843
46431,0.013848370339337012
46500,0.0003735308889382671
46503,0.001986958476804201
46504,0.09598292910490312
46507,0.0008168427200746334
46509,0.03057462382217084
46552,0.0034765179673183363
46558,0.0034768589246205713
46564,0.0002374259674067956
46567,0.046832325607389536
46568,0.0035711536405119786
46569,0.00343290790045347
46572,0.0008297256673552169
46573,0.0007698773724416906
46574,0.0069010846013723105
46582,0.002232636794713551
46583,0.0026324065026144612
46593,0.07730521155164467
46595,0.2800153930947833
46596,0.0015594187967753485
46598,0.009844430517624812
46599,0.023205522887444954
46600,0.09339373925831534
46645,0.0009824009745189569
46648,0.0042485631318039604
46651,0.007047055712748805
46652,0.007374871227941233
46654,0.0031242121690040277
46655,0.004688725032083249
46713,0.0006317643201448547
46714,0.010864745041979052
46718,0.023920833915295384
46727,0.012770061979220376
46769,0.0046269739850107365
46770,0.0024003703981178215
46772,0.0005962205272918704
46787,0.11258327880860612
46789,0.0001186439372619006
46793,0.0011155187951446032
46810,0.0014142262792024127
46814,0.0012893333298721983
46815,0.001080017021555241
46816,0.002555468965344784
46832,0.018500433903980557
46843,0.0025225320874493347
46844,0.01030311147944573
46888,0.0003263307057159245
46912,0.009493046958181463
46913,0.0007708653207531355
46914,0.003802435312113767
46916,0.018458444163715698
46918,0.0012713150157979665
46922,0.0033091403636306875
46923,0.007318251059040166
46973,0.0005417847764848779
46975,0.003969151788454994
46982,0.021132988408474506
46985,0.02329078556434188
46987,0.007664941121146597
46995,0.005098270214059424
46998,0.004032694630387861
47006,0.005083455297494753
47010,0.0034507488346171055
47011,0.005353511394335327
47012,0.33098278658651537
47013,0.0038877268089010163
47026,0.0005492706176692539
47052,0.09048541159594047
47057,0.015429791399873057
47058,0.2517508741341452
47060,0.005417470308582577
47061,0.0009128907331035812
47099,0.012481576974588795
47100,0.1226223321093478
47101,0.0005292941305321736
47102,0.0036745106254542676
47104,0.13024960456006224
47106,0.10065402324711946
47176,0.0024546259006509295
47187,0.005262736234457315
47188,0.0007592655763325985
47189,0.00043007524481016946
47191,0.016941521936611675
47192,0.06460081350120674
47194,0.20216887508688394
47195,0.00455984065397376
47196,0.046265657538941615
47198,0.0012120520277952482
47201,0.003432966391260786
47202,0.001067924640905177
47204,0.05501081301474359
47205,0.0003816971336067667
47207,0.00150253367655294
47210,0.001988739606865821
47212,0.0020293177756631293
47219,0.004474047495600771
47220,0.005671581465470803
47223,0.0010098686703769514
47224,0.003064916407967879
47228,0.0018625771840847015
47235,0.008989575116968112
47236,0.0003990892942040622
47237,0.07365385006896348
47238,0.00020621212676906884
47239,0.027220273368952063
47242,0.0021800618227634638
47294,0.01646295525492469
47299,0.01123658608494526
47324,0.0002245686170947912
47326,0.023869624817821525
47329,0.09302207907692549
47330,0.008622646192181947
47331,0.0017311915987295145
47357,0.4433379445239586
47402,0.0011512237637728165
47404,0.00030213366294666
47405,0.010335177559362228
47407,0.01258251559401526
47408,0.0023860749695731607
47421,0.025267679216106197
47422,0.01855773992639756
47423,0.0010389257159660419
47424,0.0016905352959567402
47425,0.002756297602808188
47427,0.001256788492110319
47428,0.0025129714029432457
47430,0.17042750800685802
47484,0.002131587283155421
47485,0.004034787600627
47491,0.0047908897886582555
47494,0.0034102800502900303
47506,0.5454306175580521
47507,0.026906279680443936
47508,0.00427325990549445
47510,0.19356648339766935
47514,0.0022366909481016457
47515,0.012867431046899268
47549,0.007014966448027533
47550,0.0016374646295977148
47555,0.0017300784802930112
47558,0.0004577047692126966
47566,0.017859303801476406
47568,0.00023929052919358134
47578,0.004768057128232656
47580,0.06399999887991885
47581,0.03802931280442984
47585,0.0007749407395758914
47590,0.0022344929448685187
47592,0.0004237950720336582
47593,0.0002474962921574118
47600,0.0009164461571507307
47601,0.007809032362188155
47609,0.0023777727505149815
47637,0.017200165865332198
47639,0.28586311748373794
47640,0.016287532983095453
47641,0.1061710275220866
47670,0.0001354857096059583
47671,0.015189565586502285
47672,0.1463192839414612
47674,0.07846983238803917
47675,0.0017258359487817097
47676,0.008049355606054727
47678,0.0009389775852919407
47679,0.001052470015894019
47689,0.021060110851688844
47690,0.00039822327425032326
47751,0.0009319456870890226
47768,0.0002905842272685713
47769,0.0003915359404247489
47771,0.004163159737801341
47772,0.0015295348709410761
47773,0.006363041670673349
47774,0.04420060061478786
47778,0.0006188734524447822
47780,0.0003517922349608209
47781,0.0027675453815019443
47782,0.01016803134097302
47827,0.0026740198138608755
47843,0.00025964180105377183
47889,0.00880446385031929
47891,0.004410465778317078
47892,0.018112926121153408
47898,0.025208298563975797
47899,0.005619610203929307
47901,0.0010880652101860524
47902,0.09010105056210091
47904,0.008254752064340858
47905,0.002743746865254807
47909,0.11277928671249089
47911,0.0010942985872802295
47913,0.00039659306443441846
47914,0.005359393467262268
47918,0.17199484136918947
47970,7.938186097460874e-05
47972,0.005191160968358368
47974,0.003185020616090264
47976,0.0011449505169937337
47979,0.001000133332575518
47980,0.014991162792504734
47984,0.006307588470273205
47996,0.3218723418165103
47997,0.16314312757125007
47998,0.14631175258435494
47999,0.026807321761293402
48002,0.002970742181713592
48003,0.0007360186658613362
48004,0.015290860970867185
48032,0.009449104130275254
48036,0.0003706987073209476
48044,0.007757329812346941
48051,0.0020570275308442617
48071,0.01098823373977125
48075,0.016192759274729948
48080,0.018301965591404325
48083,0.013526019335383251
48087,0.010061235148806094
48088,0.002587258334450417
48091,0.003743025644161607
48097,0.03210960163932546
48098,0.0051112612786395895
48099,0.0021470467913270834
48114,0.0015408052197339204
48120,0.02665434759833014
48123,0.08623418954222302
48125,0.00401442566167608
48145,0.019424237506057356
48147,0.004894517242211295
48150,0.0008536616936784033
48153,0.00022331732121766952
48159,0.003047236178173456
48164,0.003059430172918398
48168,0.0029263058996859908
48170,0.020388754639345506
48171,0.019277155677991945
48176,0.0019252105789683974
48177,0.1718862013142863
48178,0.00047425280537849484
48179,0.001593140565410223
48182,0.010745636302450404
48183,0.04312681404255766
48184,0.07308413131572315
48186,0.012742699972522477
48187,0.034040091802258275
48212,0.04619063756087567
48215,0.4615729998895238
48217,0.010227080514052673
48218,0.06082993499407986
48219,0.27129705703791
48260,0.00649909509260754
48263,0.002339720634475702
48280,0.0005459017554334017
48285,0.007549768530445281
48287,0.0026972534559947716
48289,0.001597729317802758
48295,0.018812044105037777
48297,0.0007700193551388921
48298,0.003456596092339584
48318,0.024732760792871754
48363,0.0026501595906560497
48368,0.27532953578672953
48369,0.0002449212003330769
48372,0.04390823657364229
48376,0.003150463924546714
48377,0.005070577495633829
48379,0.0027847524015206914
48402,0.001288603277112038
48427,0.0509797868656374
48432,0.03814966021713903
48433,0.29081557190816776
48434,0.010825936832573602
48446,0.0014490831193465562
48454,0.008548768103512728
48475,0.003214624264427547
48486,0.0051933677516862444
48489,0.04758568403595171
48492,0.006702375589417567
48494,0.00380890726232241
48495,0.0018728736056233706
48510,0.007885847239253512
48515,0.09716175407805844
48517,0.008170715455465175
48524,0.08532041708874556
48538,0.0016494317953425384
48571,0.00040024829777769337
48575,0.0017869501453204157
48576,0.0029382427864794833
48580,0.0017133813584138966
48588,0.0010364594970382317
48597,0.0008011071011263555
48612,0.0020325652163886883
48616,0.0003397131914343374
48618,0.017061538510781026
48619,0.0017262052529943889
48621,0.0009628523188875221
48658,0.0009810822022102757
48685,0.003922834901064327
48728,0.259807309759295
48732,0.0891038981550999
48738,0.0011861605787942017
48741,0.052539409854024374
48742,0.0007250304085812538
48743,0.026220203514710716
48748,0.005368609283474938
48762,0.000969561674522732
48763,0.14315808762423868
48778,0.013690918705202974
48780,0.00026927103833661705
48787,0.012997893510627818
48809,0.0037546701439028106
48812,0.01070415505476584
48815,0.0020298247820089497
48816,0.018246044094061734
48817,0.022517351710832963
48819,0.19314314801725857
48821,0.05855181413732
48824,0.01948010871661791
48832,0.0009472109688807352
48838,0.029558273547641505
48839,0.003553798831884211
48845,0.003138860266633706
48846,0.001065499273842964
48904,0.014998151977284317
48911,0.0008119558992614499
48912,0.0014322037333612658
48914,0.002642053839923245
48917,0.028094094118036803
48918,0.002433560989331168
48923,0.17064169106834504
48924,0.011720072889489628
48926,0.00703978975474923
48927,0.04015067295642754
48929,0.006849749141879987
48952,0.003127109577815077
48953,0.009730180159931852
48954,0.012255710886605434
48955,0.029915478089995843
48956,0.005608680472517954
48957,0.00567488389020141
48958,0.0009341634954373117
48967,0.0017607573043828463
49007,0.0019255013802909316
49010,0.010716838520531418
49012,0.007129387151932767
49014,0.004444844316580427
49015,0.002762177890193
49016,0.00022985487750242553
49019,0.06008678550982885
49024,0.002181391426574376
49025,0.0012171511894444379
49028,0.004236160669819158
49036,0.001615259745223469
49037,0.0010996392799216314
49039,0.004613383227962837
49040,0.008157437882818206
49044,0.000529802483894831
49147,0.00041282895230768373
49178,0.0075683275789992415
49180,0.001320497980614435
49181,0.05126192927219234
49182,0.018249119485854094
49183,0.0001449366187769215
49184,0.008966959015781331
49186,0.05189010079809232
49188,0.00396652270715195
49192,0.005454193398301175
49193,0.0011957724256533167
49194,0.006185812419932096
49216,0.06469966106081512
49218,0.00045919479940408493
49236,0.003616199094169809
49244,8.314194333229992e-05
49245,0.014162596605401796
49246,0.008001059289605683
49250,0.0014620626616311486
49262,0.0039868057485075905
49265,0.002032528713840402
49267,0.002976423464134984
49268,0.01506106178299016
49270,0.003663520764503554
49271,0.0016213577304519508
49273,0.007310231646611164
49276,0.001847162997632793
49277,0.002864117004257451
49278,0.00036518376742112506
49279,0.035344090442084954
49281,0.054919116895288424
49287,0.001080438700292988
49373,0.040762536911280886
49374,0.002794454935576921
49375,0.002624664276427374
49376,0.0016786766377713165
49378,0.002327267608668291
49379,0.11554146991751649
49380,0.00356836512022407
49404,0.01060718524053909
49405,0.001945409083964985
49446,0.00048182523807803636
49449,0.002906207852696731
49450,0.0024282363400516525
49451,0.003069764061351213
49452,0.007029477580305348
49454,0.004258158035218564
49455,0.0015382629680803527
49466,0.0005166453994025348
49469,0.009050280193785797
49472,0.00020735278997328452
49473,0.0005503634320159782
49474,0.0004414802964999897
49475,0.0006002405641970065
49476,0.002487809690510988
49477,0.0018540084129880815
49478,0.012803072628509818
49480,0.025910443321109474
49481,0.0049436459035845145
49482,0.030476710044125586
49484,0.006270223499264909
49485,0.001601109748570643
49511,0.0005198948758821535
49529,0.021499579064385866
49540,0.017324888571223038
49544,0.03157710365531004
49545,0.01687152433373597
49546,0.0028109091971612946
49547,0.0021787879323136006
49548,0.001872823376849554
49558,0.01752713419767417
49587,0.0008304632715181198
49588,0.001128301800315661
49591,0.2413680349670196
49641,0.003716453793269811
49644,0.0011564916036408347
49654,0.0036659717778603253
49670,0.0025638879383061038
49674,0.0007260648030970205
49675,0.00017167414241947882
49676,0.0026761619585923403
49679,0.0009610088117337767
49686,0.030281798798184597
50171,0.009446425554643423
50172,0.0026412139925206446
50173,0.017103861321587123
50178,0.0025458336266622637
50179,0.00249430567577126
50182,0.006912481800586503
50187,0.015689678095716364
50189,0.005697627540330788
50190,0.0008629435082027012
50191,0.0018134540746574876
50192,0.01058500653988383
50194,0.0020301292342982113
50195,0.0012639915526864438
50199,0.002761253898297925
50200,0.002666044864399956
50201,0.00926908526711852
50205,0.0015879627546388302
50206,0.005359434257915347
50207,0.0043673254383388115
50208,0.0011175007442277742
50211,0.0062365267668427924
50212,0.0026517084297655244
50217,0.00028879754362548017
50219,0.0004620589231266702
50220,0.0009212709046536151
50224,0.0026645912155554546
50225,0.09122920126680041
50226,0.0024635519299784237
50227,0.023959971283556723
50228,0.0019585506949045144
50229,0.00443258014961749
50230,0.004688560710818105
50231,0.02079323527930671
50232,0.0008075482862472713
50233,0.0003836818991544194
50234,0.07360677262317782
50235,0.0008156971688733408
50237,0.036562534438097004
50239,0.010145862626740587
50242,0.00462255894509951
50244,0.003000371818444633
50245,0.002393282334952762
50247,0.00034694559586529914
50248,0.006097377855514883
50249,0.002254524876864433
50250,0.005092443034457618
50252,0.0005214870909215127
50253,0.2475286031858022
50254,0.008203949142188924
50256,0.0024432343459025404
50258,0.0064545341233185295
50259,0.014763542439849852
50264,0.008679185250158724
50266,0.0036870108589227373
50267,0.002131725282157464
50270,0.00511779379209033
50274,0.001393042169679942
50276,0.03799553041842726
50277,0.007223506789157889
50286,0.00021600512783345497
50288,0.0009507849196802499
50290,0.014318770098378533
50296,0.007805181669039262
50298,0.0003952119277336548
50300,0.001123583835480686
50303,0.009260668475951122
50307,0.00044851561763151714
50312,0.0012333783458347229
50313,0.0005627266237810404
50314,0.006840070366671942
50316,0.0008368909769344388
50318,0.0003435659036747562
50319,0.00048300837486223717
50320,0.0009256950156006327
50324,0.0025177905486844544
50325,0.0017349916192851687
50326,0.0017244246325832128
50327,0.004836574292069018
50334,0.0004009675764471779
50339,0.00535637875161271
50342,0.0003224357870088707
50343,0.15987085171712567
50344,0.035835957387833926
50351,0.0018295367948303486
50352,0.021170466634382407
50353,0.0028924744352518262
50355,0.03333778114689039
50358,0.11139553547319737
50363,0.0005015100402507263
50366,0.20585336857342748
50367,0.00048324996484326826
50368,0.0007267694025688404
50369,0.03927936324942617
50371,0.0008521646764525433
50372,0.0006622675885636358
50373,0.031112234027817737
50374,0.06967423394279444
50375,0.005210152427506737
50377,0.0720251153904045
50379,0.22623229945945597
50382,0.003647453721997016
50388,0.013903531715248548
50390,0.014070273918315387
50396,0.1321307705329204
50399,0.005786199287210098
50400,0.0024791054175438997
50402,0.0026640088895233905
50409,0.0474407532780817
50412,0.002409699884474446
50413,0.010840576281801087
50414,0.00046439990077681625
50416,0.013754445904576543
50417,0.005291039275749408
50422,0.011999623021344266
50423,0.00781103817683782
50425,0.0023295128971924355
50426,0.018195317045108426
50427,0.0039368610238423385
50428,0.001119748824223835
50430,0.0016854189832707417
50433,0.0016770340461214344
50434,0.0015812492298405347
50436,0.0013748898156449832
50437,0.001078342278546505
50440,0.005005242578928281
50442,0.0030530689529153243
50445,0.011977433342749233
50446,0.0018199153726542907
50447,0.003636801772557196
50448,0.005754162084216603
50450,0.012603204913194293
50451,0.01673012249328104
50452,0.004536470494572608
50453,0.004728314757066762
50454,0.08621536546962479
50455,0.09423037887041769
50457,0.000784966546736033
50459,0.44579915574642187
50462,0.006311147416651947
50465,0.01736398416931131
50466,0.004252550057135515
50468,0.030080007278268244
50470,0.05889507644965204
50472,0.036521275716056005
50473,0.00738444413572465
50474,0.014747691260252105
50475,0.018421222920397703
50476,0.01568349894416062
50479,0.001495488920375447
50481,0.004058703161853928
50483,0.0015558173153398234
50484,0.16252705192734337
50485,0.006041617778771698
50487,0.000515591433135156
50489,0.0023350337703962614
50491,0.0026798311261972494
50494,0.0024784192295834026
50495,0.009605963612718062
50497,0.001795631200857838
50498,0.15522446469712067
50500,0.002191195675035072
50501,0.0014904861639418604
50505,0.0010981667947116624
50507,0.0009995309382889533
50509,0.0007550370267819655
50510,0.0032129990091340007
50511,0.05750076436895278
50512,0.029637228830516813
50513,0.000707846428033488
50515,0.014939702195547595
50518,0.0006361858775428928
50520,0.08259896301214381
50521,0.007670790649934587
50522,0.0040432521395850265
50526,0.002665865670184766
50529,0.0018503677845900426
50530,0.018171189808395074
50534,0.0017842422416163932
50538,0.02009416270966322
50540,0.0034320454369999084
50542,0.0006643480228772444
50543,0.0037962861930467846
50550,0.0014201433540094353
50551,0.00032800201863589164
50552,0.0026458822882533413
50553,0.006441767177063188
50557,0.22323498770115227
50560,0.010174077393047527
50566,0.05781459055969369
50567,0.008577291741186018
50569,0.003814384701028241
50571,0.012573325960134996
50572,0.025463885533043688
50573,9.314372690301845e-05
50575,0.0009306859253614215
50576,0.0008845547646001799
50577,0.014359017588888329
50580,0.0016068250863635369
50581,0.0051908736071591055
50584,0.016206358678529462
50585,0.0021507910490333082
50586,0.028013367148497552
50587,0.0007315654289310763
50588,0.019893129535698512
50589,0.03496555345744976
50590,0.016701862547008298
50592,0.009546335210003316
50593,0.017018589629920405
50594,0.01129075905364152
50595,0.0014492533844463677
50596,0.0963304962737952
50597,0.03507920794690641
50598,0.0005840038776940928
50600,0.0005456436661401066
50605,0.5880128512387129
50609,0.037951970107859404
50611,0.005290980750888818
50613,0.0004321403809427691
50614,0.005804980683401862
50616,0.019461473893048784
50617,0.007994501022024555
50618,0.0005249858821010987
50619,0.007474802361842235
50621,0.0012504939830869071
50623,0.00036303439479091213
50624,0.001113142366817253
50626,0.0008010243877316066
50630,0.00214419965095568
50631,0.011669116349469169
50632,0.0004514732092169514
50633,0.0018372271743227367
50639,0.016630003829248112
50642,0.0004244462407303053
50646,0.0026404454899977485
50648,0.0056827421425973525
50655,0.0009145443584411326
50656,0.0015418659897904685
50657,0.007363238215264428
50660,0.0006544683449150367
50661,0.0011620092077470133
50663,0.04379351459210314
50664,0.000585078902399171
50666,0.001102458109767834
50671,0.00026373135518872344
50673,0.0008765598736296411
50677,0.0070738684450033385
50679,0.00222894217767761
50680,0.0012994719917516315
50682,0.02554537546501514
50683,0.017519145850317372
50684,0.001840056059777464
50685,0.24529443817840807
50686,0.014951908220722477
50688,0.004513303414696348
50689,0.12317327438130697
50692,0.001552866019862067
50697,0.00016778367822885577
50698,0.0014671875034335865
50699,0.0004365682141791105
50700,0.002635605025785506
50702,0.004038781131238882
50704,0.40544753219009116
50705,0.011708914956018645
50709,0.0029656579892814363
50718,0.023152390843347977
50719,0.04478951234497939
50722,0.0012364533664139207
50723,0.01380988729495863
50724,5.6702936108801207e-05
50727,9.452479073498362e-06
50728,0.0005393020703373547
50729,0.05335167095987423
50733,0.002939318323645466
50741,0.0014369948266632095
50748,0.00406221716087162
50749,0.02438217864963391
50753,0.0027469440110446143
50754,0.024956455958268484
50763,0.00027734915111860654
50765,0.04505557965202256
50768,0.011851443241465424
50770,0.0029837650179979887
50773,0.0015966131711292499
50779,0.002415068784366804
50780,0.0005185978015677357
50781,0.0006700413185707026
50782,0.026237025917305364
50783,0.00036616304152894296
50784,0.0005376795276948136
50786,0.00048027127801109076
50788,0.0007351486992389595
50794,0.19469495876191004
50795,0.008619021012157876
50796,0.005718825953027697
50797,0.024436488114820923
50798,0.05147605316055379
50799,0.0009049871294252362
50801,0.021609881444929157
50803,0.0006101361733601139
50804,0.0007294088257091163
50808,0.0021197878509389705
50812,0.0003344262834835097
50813,0.005489216984224809
50815,0.0006167978481110432
50816,0.0014991323938944512
50817,0.0007771462439066368
50818,0.6602717072737588
50821,0.003126386141834792
50823,0.0013072251931978047
50825,0.0014392446055779258
50827,0.003954693128840098
50829,0.0011279019639873025
50830,0.009130805345244268
50831,0.006463269624869188
50833,0.0031080377994601835
50834,0.005478821399480158
50836,0.003243253517221398
50838,0.00019672456816168817
50839,0.0011546055167398486
50843,0.018068754744248336
50851,0.01639452653436227
50852,0.001056934064673946
50855,0.005303051907205842
50856,0.006412901197643156
50858,0.00154364798262214
50860,0.024066434851496902
50866,0.0018728627399832395
50869,0.08066727856445685
50870,0.04791089266861669
50871,0.0026502938556009375
50873,0.25442989253804216
50875,0.002531837490400985
50878,0.001720953028794691
50879,0.00606498599308985
50880,0.0037709316108037205
50885,0.0017320127619135034
50886,0.0845323058876144
50888,0.0005552248076221783
50890,0.0007518556576216727
50891,0.0007585683649340034
50892,0.0036191364634952047
50893,0.0030451622150786707
50896,0.0009168029168255164
50897,0.006048643886116065
50899,0.0030615227517618413
50900,0.00044760498500670266
50901,0.0012516764673830315
50902,0.004345980592770851
50904,0.0038484196728576464
50905,0.0020566776343736177
50906,0.0039001949220985885
50907,0.004903075461410805
50908,0.02154483827058621
50909,0.0031212318930654544
50911,0.001713985291114652
50913,0.041084048703260226
50917,0.0020184184760632137
50918,0.08360662114031119
50923,0.0005405404065081668
50924,0.0903275717277417
50925,0.026232801833358476
50927,0.013171492970529724
50928,0.0012977027615606132
50933,0.2033642627937115
50934,0.020911020412271608
50935,0.004872713752032506
50937,0.15472008730897854
50938,0.009341608718131509
50939,0.0028812305307125245
50940,0.00587004833585308
50941,0.001080428592216119
50942,0.0058031646919010135
50943,0.0017878340143879323
50944,0.004582748523947066
50945,0.001761599888733818
50946,0.013849462228615089
50947,0.0003663525959762217
50948,0.10888656274997255
50951,0.00048197128406153003
50956,0.0009115028970501621
50957,0.0211774221146875
50960,0.002596019519321568
50966,0.001402280122634072
50970,0.016968896393717528
50980,0.0008701849171871889
50986,0.0012740533610091868
50987,0.006847562224480243
50988,0.0016591060329784813
50989,0.012618189916976792
50990,0.00042943032209091087
50991,0.0027309628798358986
50992,0.0007144904037114626
50993,0.00027520043575456695
50994,0.003669960437463991
51000,0.0008371638080030852
51001,0.015535376055645287
51002,0.008592320375906128
51003,0.0018517763334436556
51012,0.005873285114797705
51013,0.0009989929066114588
51020,0.0034916699251969947
51021,0.0032217271994323697
51022,0.012970732568993303
51023,0.00390421597123772
51024,0.0013668395042072214
51025,0.002249924155752152
51031,0.0008055992003974909
51033,0.004938498248989099
51035,0.0027364894409752146
51036,0.0016749532376379933
51039,0.017595261434881968
51040,0.0037411533934231253
51041,0.004032623125783613
51042,0.038903461354904856
51043,0.00252725950052561
51044,0.004708083440270709
51047,0.003933379874655429
51048,0.0017748801961611404
51050,0.37286985133354333
51051,0.001048731263265815
51053,0.0020250583882697013
51054,0.1646510137332153
51056,0.0048207105731178194
51058,0.0008051444905624296
51061,0.005751240895262218
51063,0.002389674296153311
51065,0.0010178673828764803
51067,0.013447432166785043
51069,0.1347007471674584
51070,0.0021254004564472146
51072,0.007865731806695555
51075,0.05529339903796566
51076,0.025180610234539384
51078,0.011482949007709325
51081,0.0036492267609923626
51091,0.0011228246901057745
51093,0.05921998351922736
51094,0.0018159288224153468
51096,0.04355135273139434
51100,0.002808907718212328
51102,0.0024649162169178064
51103,0.0026504741895678756
51105,0.0006958629803253037
51106,0.004197557674236439
51107,0.01960977309992642
51111,0.008452223902674657
51114,0.03788914842449613
51115,0.04713350014869073
51116,0.0035696766741871986
51118,0.006307870993640384
51123,0.004964258726574213
51125,0.011125071055148277
51127,0.0006943665497439998
51132,0.001035449510070189
51135,0.0010396288901789086
51138,0.00031466320357658215
51144,0.00735168769926323
51149,0.005688959253400162
51152,0.0008015702661737462
51153,0.002676641688918211
51154,0.14871349039758971
51155,0.01688927576928919
51157,0.00023844718559531278
51158,0.0024220170708892336
51161,0.002294704700831949
51165,0.010394791742547389
51170,0.06068338047161982
51171,0.002072332692468213
51179,0.007044171552864628
51180,0.030766086334126648
51181,0.009843155202046951
51183,0.0015114258594921973
51187,0.08533848343247544
51190,0.005903738672151719
51192,0.0002392999264476633
51193,0.05748618097179785
51198,0.00218812618348713
51201,0.0019023311262534788
51202,0.0009182930194662389
51205,0.001069122001722908
51211,0.0017295900700941126
51212,0.009129829690019573
51217,0.004329685909785193
51219,0.002266298512978102
51220,0.03388646125444188
51221,0.0008118562395626314
51225,0.003430929249688997
51227,0.0002201077570224367
51230,0.03094387019092989
51231,0.04021828611322681
51234,0.02437128643903052
51237,0.1820212410166398
51238,0.0006082193668753014
51239,0.015690860749005026
51240,0.021967520012800383
51241,0.002399813129819201
51242,0.00043402111082523786
51244,0.0034726131809544292
51247,0.001373945290800182
51248,0.0009621471683768877
51253,0.0018551023592683535
51254,0.004983138311988518
51255,0.0007516695731049295
51256,0.000205435653445453
51262,0.006378643515631884
51265,0.002003464347437826
51272,0.03514324683842964
51273,0.0005204791025780033
51275,0.002170773977503141
51278,0.0010926232920995891
51279,0.001483244440105257
51282,0.004220425607087863
51285,0.004687184548844658
51288,0.0008794414872766316
51291,0.0046408534488297576
51293,0.004862982014102902
51296,0.026229020384808
51298,0.08522197226815835
51301,0.17179823874741953
51302,0.004349810686377073
51303,0.0008883485634736014
51304,0.00046144429318020546
51306,0.00247696580677076
51307,0.0012418683848182922
51314,0.006310666668606114
51315,0.0003547695734710773
51317,0.007963638276150995
51319,0.0006609544136218358
51320,0.01816492663381293
51323,0.0017115674550377965
51327,0.004518112725180784
51329,0.0007988074892835921
51331,0.0003730148938845121
51333,0.0014010322481364554
51336,0.002498402481059001
51342,0.0063129208115630326
51344,0.002435265926419909
51348,0.18929696258702733
51350,0.20849469987648084
51352,0.014401706349977807
51354,0.0025392773303674863
51355,0.10050262288539874
51356,0.20976057781400723
51357,0.005000789928239098
51360,0.01091015982539497
51361,0.008642925992633402
51362,0.07791811908068003
51363,0.23140359299222185
51364,0.0047727286815911155
51366,0.014010394825840673
51367,0.38279155192596326
51372,0.0018933406497596362
51373,0.13572450686207335
51378,0.014589437763672275
51379,0.00485281979123041
51380,0.0009879589439846508
51383,0.0035715109236934077
51385,0.0007251205463051339
51387,0.029843779800984876
51389,0.012732729497089756
51390,0.06885359714304518
51391,0.01178942221715897
51394,0.005847535645917066
51400,0.042497094516411746
51402,0.0005666777723813913
51405,0.0019075802182488303
51411,0.004763738267376488
51413,0.0004938803388888879
51415,0.09304971277480921
51416,0.0014416263556421276
51425,0.006618390902841596
51427,0.0003796192437810345
51430,0.0028609323466519216
51433,0.006412572826744061
51434,0.0025596534759706343
51437,0.0001853504462810171
51438,0.013463784333062367
51440,0.0027500676777038645
51443,0.00142861856748148
51446,0.04708786491675684
51448,0.0010654017021021404
51449,0.008912279417950713
51450,0.0010519737571612366
51451,0.4620999026316495
51453,0.0020469828129682124
51457,0.0004121086812241576
51459,0.0030733183179735223
51460,0.0042244501749246115
51461,0.00593676713316412
51462,0.3993095196787896
51463,0.0013082818512611383
51465,0.0005469192957313742
51466,0.014183367656623362
51474,0.006988916796375186
51475,0.004036718670336117
51477,0.0016032749306359685
51478,0.003587813061686691
51481,0.009126556163024643
51482,0.005151680654399988
51483,0.0017313770985878695
51484,0.07142815251561604
51487,0.0011361362384526776
51488,0.00010527063750296062
51493,0.002392727652265614
51496,0.13585014371750403
51497,0.009748821633201742
51500,0.004736935989566927
51503,0.009579138621293806
51504,0.005629710771804227
51506,0.040813317148828
51508,0.0005373594449574049
51519,0.004700104836227561
51522,0.0015400327211710194
51524,0.0007953254733292427
51529,0.002367906992456477
51532,0.047625003041850016
51533,0.000714718131873206
51534,0.006229189966565123
51537,0.005277592913913183
51540,0.0014180474687984347
51543,0.0003169695180597169
51545,0.0005776872735415041
51547,0.0009619360848984195
51548,0.028191314929342848
51549,0.0005338693673959432
51550,0.01910412785003798
51556,0.0014232227956690452
51562,0.0006527673356983215
51573,0.008463522864463356
51591,0.01544435502505942
51592,0.09646524821759178
51593,0.15942816746274732
51594,0.0011127283621844822
51595,0.44846217255481585
51618,0.01030863423812251
51619,0.006148405611369157
51620,0.012470873602487303
51621,0.0007777404185725519
51625,0.003056100503172345
51626,0.0020371940184947105
51627,0.003862564905544058
51630,0.0013030103590102313
51635,0.27599181961068386
51639,0.03443413840219024
51655,0.0022761317647546635
51671,0.0007334468741877505
51672,0.0291800388081147
51673,0.022870854618223024
51674,0.00827757473243234
51679,0.0012588686706327696
51682,0.0024195464821735275
51685,0.002964906438026494
51686,0.0007916126030747161
51687,0.007442566546226351
51703,0.04649299468267565
51708,0.14094202487389348
51728,0.3596348538353768
51733,0.20753743937093982
51734,0.0012291504236667825
51738,0.0030116477179811044
51748,0.002925653298270505
51753,0.7127589956282068
51755,0.006702721692164633
51761,0.004965621030988373
51766,0.43673403092134466
51777,0.0022057081492163643
51783,0.0022000837080580673
51784,0.00048372787212180396
51786,0.007481946158355471
51787,0.03878840125157353
51792,0.00584102134539031
51800,0.0009888334775997767
51802,0.010717775892847555
51809,0.0027504527209520767
51811,0.0011234127407351217
51818,0.00045307684644361746
51819,0.0016167919815339984
51830,0.0008678342146219315
51835,0.00836734843832031
51843,0.0014028907793707396
51844,0.001667198890731772
51845,0.02308820010699813
51846,0.0015730401251313466
51855,0.011896846732555895
51858,0.002194309878221337
51861,0.0004249388315695827
51863,0.0022454254459258662
51866,0.0005820111459598997
51867,0.014016458741447461
51868,0.08522640337137956
51869,0.002858549902644947
51876,0.0049956040666704555
51881,0.004234034962005422
51883,0.005995737309855672
51885,0.000654142067611753
51888,0.0032716687114768455
51889,0.15337479521999317
51891,0.002921042933917776
51892,0.0019216912587346098
51894,0.002010163720581275
51895,0.007060705192980453
51896,0.003314496029948538
51899,0.010309600654554938
51925,0.007836367628510687
51929,0.009229273623346227
51930,0.002456806606341674
51931,0.03982475747018357
51932,0.005449655383097797
51933,0.2264621556220338
51934,0.0006098676588305973
51938,0.0027436602532157827
51950,0.005285003292397212
51953,0.0052065753553666265
51954,0.005316362409797517
51956,0.05383610241562464
51959,0.00016243138773748087
51990,0.2289593077895692
51991,0.029482726322894403
51999,0.012409298046657793
52003,0.0006867423228429012
52006,0.00016657901450556787
52013,0.0021324899590025957
52022,0.0016790066653639892
52023,0.016828350791685757
52025,0.004611618832396999
52027,0.0020864597452354295
52028,0.002681863382294316
52030,0.0636588615218136
52036,0.007265723755802924
52038,0.00022429302024111968
52058,0.005139321134902427
52059,0.001465601035531186
52063,0.3560686578056302
52082,0.024525862440251057
52084,0.2434332676872236
52087,0.0030612096725672624
52088,0.010040554964310822
52089,0.0028140001159055322
52090,0.004128555031358734
52091,0.002714338245570417
52092,0.009858359129364225
52096,0.0003023012500708917
52099,0.000911647676793678
52110,0.06892530043857738
52115,0.0006496642965226784
52116,0.001673777317775772
52117,0.025575368065282232
52120,0.00021967663164111363
52141,0.021170187414903854
52145,0.02394814276438195
52146,0.004627122148304446
52147,0.022308528724205214
52149,0.0003947570069592389
52160,0.009352858724571207
52167,0.0010489225722636892
52170,0.0026827326806451585
52175,0.011333301750202262
52185,0.0009156559530727136
52188,0.050118324474171104
52195,0.017141905548061186
52202,0.004090135129213139
52208,0.0008170748592729375
52209,0.002497920547133487
52213,0.0009256287664837149
52215,0.0009790181045729288
52216,0.0009305679614554028
52218,0.00154574159907793
52220,0.007512868675226918
52221,0.0010553095996125449
52230,0.0009074849181846761
52239,0.0002204509514571059
52240,0.006868648976267207
52242,0.0008511126942286053
52247,0.0025215617484129287
52248,0.007310612134188011
52252,0.005462031865107657
52255,0.013234227950306519
52257,0.0014837371022047615
52258,0.03918283415746915
52259,0.0012580796276797064
52260,0.001324739280498276
52261,0.01429752938790091
52262,0.0006855616913069218
52265,0.0010815258167544705
52266,0.007599410902941207
52268,0.007852699895956518
52269,0.0015133480065960398
52273,0.0009930038898335854
52275,0.002267696131204543
52276,0.020591851365697383
52279,0.0072993262439386055
52280,0.0017560212014030867
52281,0.015344298191928955
52282,0.23701553741986114
52286,0.35854373477250173
52288,0.009452882225103676
52289,0.0027421325021293724
52290,0.008176232382053414
52293,0.0001998806266445671
52294,0.03158931836852541
52298,0.0001766784352406659
52301,0.002283640510781467
52307,0.0041326080281679275
52308,0.0010599808628665732
52312,0.0016588579516503708
52315,0.0027041720813678464
52318,0.011069387354017057
52319,0.002811022035812535
52321,0.0012377930926909082
52325,0.012451674781457853
52328,0.014714281497268973
52330,0.0059891854375108975
52333,0.005757574088343703
52335,0.005417167584799028
52336,0.0004259067628408999
52341,0.0041345835771349915
52343,0.0104916224230819
52344,0.0006167992652719819
52346,0.003288641498322655
52348,0.00040977184601416396
52351,0.0029036076998708313
52353,0.0016453921582467177
52356,0.021192822565412703
52357,0.02092950131986838
52359,0.011041730036672737
52371,0.005626180634089584
52374,0.01649752467750943
52376,0.07931113061704557
52382,0.006090881124621098
52384,0.0008516649057129218
52386,0.0004983622388249296
52389,0.014821987759092598
52391,0.00012404912531780444
52394,0.0040494439556680705
52406,0.00017874417898238785
52407,3.658964897916608e-05
52412,0.000764155320082098
52423,0.0004554364549362899
52436,0.0008683993925348208
52444,0.04251359909114653
52458,0.0008268781220159785
52461,0.0004080919583287491
52462,0.0006835340305290554
65428,0.010144979272958921
65429,0.01045636479382384
65430,0.005154441224230716
65431,0.0010464591845861862
65432,0.0011318994112471845
65433,0.0014224279417942487
65434,0.00839402863896284
65435,0.002054876905484826
65436,0.02844762213261954
65437,0.0020436781327337747
65438,0.02088162205762907
65439,0.0019347898358010212
65440,0.002906652086216429
65441,0.0021614992931354173
65442,0.02986530885930345
65444,0.0036716364312527907
65445,0.13218334759455122
65446,0.0021189417052469616
65448,0.0060906021276299245
65449,0.0033561141461708154
65450,0.0536708367654776
65451,0.034195498169449765
65453,0.002352827698117391
65454,0.019304747556700048
65455,0.0178930268987004
65456,0.04330186021181218
65457,0.036768199346252424
65459,0.051807334229259885
65460,0.005493036721115077
65461,0.0048571725074036485
65462,0.003884580704094219
65463,0.0019463907124077622
65464,0.001376191739102164
65465,0.00102442471508471
65466,0.008031333444978155
65468,0.0011461732362488331
65471,0.0005987095296125595
65472,0.0004949073915801131
65474,0.010251288725327356
65475,0.00167388889418231
65476,0.008087349309143082
65478,0.00024767328928231984
65479,0.33372096287739905
65480,0.004461073289635933
65481,0.046185609508213175
65483,0.009878143531530985
65484,0.8476719759850408
65486,0.00298010800632804
65487,0.02802277763286637
65488,0.0041805812055569
65492,0.33996501381326494
65493,0.10041110329781344
65494,0.015568803900626284
65496,0.006903579685693496
65497,0.23420163217346138
65500,0.03727853836723467
65501,0.15386238571933253
65502,0.0020886939070919987
65504,0.004596031170331196
65505,0.0009994301204238345
65506,0.018037324270189527
65507,0.011404548200940941
65508,0.0007209820281940531
65509,0.003054285617387329
65510,0.005252643098053088
65511,0.0020067789207217543
65512,0.0047753795388441826
65513,0.0010028528548678996
65514,0.005171760449211219
65517,0.009551557338560241
65518,0.002711128689545076
65519,0.09469598858053112
65520,0.007607188802392912
65521,0.0019863704932260966
65525,0.0025967750343221406
65527,0.003357046699688538
65528,0.002235140346482865
65529,0.01917012789357641
65530,0.08654406939695689
65531,0.7118766349792455
65532,0.000501179205194407
65533,0.0014390084494206013
65534,0.014547972956274365
65535,0.0035119057657621504
65536,0.009480733839086252
65537,0.0010056512499480904
65538,0.000893107712690274
65539,0.0018496699440167731
65540,0.0022801536867116763
65541,0.008768156584000653
65542,0.0008877591339059937
65543,0.013684980308287412
65544,0.005664289680448543
65546,0.002382769700730699
65547,0.05510243561944902
65551,0.0017126766581782337
65552,0.00158497045275045
65553,0.002866098442934456
65556,0.001522694483955086
65557,0.007747581979241809
65558,0.0023500311093886768
65559,0.0013878582954410603
65560,0.008113605804514179
65562,0.0015738006423069017
65563,0.4456788366814992
65564,0.0022905196624059573
65565,0.070994707182204
65567,0.006269330199603325
65568,0.002450296733283727
65570,0.05476020408748317
65571,0.007664359643178399
65573,0.0003653119420875535
65576,0.0005583036665207611
65577,0.00487789980723569
65578,0.2972215845538575
65579,0.6328219567269977
65580,0.6875049914434623
65581,0.013587964938607639
65582,0.0040187716468453255
65583,0.1437574856539478
65584,0.025136867852082724
65586,0.015529199320239209
65587,0.013141969375851634
65588,0.0006968014486633216
65589,0.1728549098503415
65590,0.006764551170934067
65591,0.000745047071344759
65592,2.0567512977102244e-05
65593,0.0025020629377726067
65594,0.0686131934575533
65595,0.0014558208367207901
65596,0.30184953806468184
65597,0.00042129725609923194
65599,0.0004162829120207768
65600,0.01005247404411716
65601,0.012147401101174918
65602,0.010506874858421536
65603,0.019332227993060003
65604,4.587704014663714e-05
65605,0.006933326734029645
65606,0.0009643513491748445
65607,0.0008947521382570644
65608,0.007948785721978832
65609,0.0011928234998634416
65610,0.03229455633195479
65612,0.000970863950827762
65613,0.0019429831554312919
65614,0.0004895311788825591
65615,0.0010678508811192457
65618,0.0008544912231584358
65621,0.0001648404031926179
65622,0.0008576212711753735
65623,0.0018681538418180814
65625,0.0013573084127020414
65626,0.0030358990503357593
65628,0.028576916380963057
65629,0.001786470837974067
65632,0.009067239058121018
65633,0.14364521610731135
65634,0.0014969376343171542
65635,0.002940532439117312
65636,0.016284788601368505
65637,0.0028335917655107285
65638,0.0025801751428471084
65640,0.04040204263799002
65642,0.000795520004752471
65645,0.004287628006321674
65646,0.00758331680296564
65649,0.007503286872945015
65650,0.004684133380579376
65652,0.002482339468719988
65653,0.029152570274188532
65654,0.014219689986490244
65655,0.08024973103396996
65656,0.01081894974386685
65657,0.005415854680116443
65658,0.10299400458389685
65659,0.00797320455181717
65662,0.04372241214806143
65663,0.7961176148730925
65664,0.001371997358975129
65665,0.0012503891512494387
65667,0.013295672053265853
65668,0.07263850788413845
65669,0.0177165006182577
65670,0.00248963577934573
65671,0.0006848088562919566
65672,0.001913760093491981
65674,0.24097693785055033
65675,0.18071941090358182
65677,0.0013433873639700563
65679,0.02520339941307908
65681,0.0007641705154240326
65682,0.0026212127583879726
65683,0.0028551588904922546
65685,0.0007801099862588442
65687,0.0077213313812119376
65691,0.00010901778602930096
65692,0.3396994002050407
65693,0.003593347437697387
65694,0.0012237510849007372
65695,0.00239131403353075
65696,0.0009132286020586983
65697,0.001976919599828415
65698,0.0021084786801674666
65699,0.0035533422004337656
65700,0.027223774667071654
65701,0.1372796024210174
65702,0.003104339053143814
65703,0.0037955197648223866
65704,0.06138017705257128
65705,0.0015802983918892849
65706,0.002326583484776188
65707,0.0025859035606310226
65708,0.002469063693790333
65710,0.0036840975084043055
65711,0.00575322515557198
65712,0.0022148832964127485
65713,0.00751534581123023
65714,0.3106081016553053
65716,0.06299753226754969
65718,0.006791689335253692
65719,0.0031598808240573917
65720,0.24772421386936877
65721,0.0018360469209096797
65723,0.0008805428988557336
65724,0.0016571712372074067
65726,0.00996059490045277
65727,0.3395804860194608
65728,0.033416157269431146
65730,0.004906225563913269
65731,0.13530346816761876
65732,0.0012003199723964477
65733,0.002109191601725203
65734,0.007349358990453185
65735,0.003355710498745947
65736,0.005447726596732512
65737,0.0009748376243862561
65738,0.00044199126544262337
65739,0.003841519548103376
65740,0.004376423096668643
65741,0.004637747112658818
65742,0.0005173694745235719
65743,0.09820115462032457
65744,0.06082686367478709
65745,0.06522643827207836
65746,0.015406018998885437
65747,0.003198125906826615
65748,0.007844327886806323
65750,0.002331962032779596
65751,0.10951975732107226
65752,0.006942218067703806
65753,0.004167851268316407
65754,0.010152357775375024
65755,0.0017538142356422228
65756,0.005901610661084299
65757,0.007345780450442295
65759,0.1320266583892644
65760,0.0016568011536011484
65761,0.002657150423152999
65763,0.008078389254240193
65764,0.0019755041572867994
65767,0.02214006714467074
65769,0.002164790502709091
65771,0.0037495000530056877
65772,0.0006744678172225407
65773,0.0016212817418675676
65774,0.006016845434484267
65775,0.0006542907863556676
65776,0.0023134600643318673
65777,0.003116960523926374
65778,0.042262041443503255
65779,0.00027779265694365904
65781,0.011557588337103745
65782,0.002729398598268339
65783,0.000922303656563773
65784,0.006342532225570064
65785,0.004733471323964652
65786,0.005315687941355161
65787,0.00042162204548257563
65788,0.006578140332683566
65791,0.001157895406618753
65792,0.0031245571346427284
65797,0.35116604038853966
65798,0.007211321063849953
65799,0.016383405388271488
65800,0.7547908424909867
65801,0.005172208839107586
65802,0.003356645503315204
65803,0.10066925875911951
65804,0.0009844049587698859
65806,0.002013118883857864
65807,0.0012221399857730334
65808,0.005331380437535106
65809,0.0011616559703643546
65810,0.06606539396316612
65811,0.13884249773755167
65812,0.0023790150594766002
65813,0.0012121961256910006
65814,0.015845381243535527
65815,0.0303488353888664
65817,0.0031241350404737347
65818,0.0028635820909851503
65819,0.005009697875499777
65820,0.004807443615097962
65821,0.0007658927259762495
65823,0.011235725796376111
65825,0.001867979546796815
65826,0.002416534731283096
65827,0.039129036507660066
65828,0.026552448581612636
65829,0.012321233513365813
65833,0.00425811529008568
65834,0.007356302309316821
65836,0.004107807924621161
65838,0.003242146460694617
65840,0.0003458701046438309
65841,0.047893550377576706
65843,0.01894981279632894
65844,0.004582713517067209
65848,0.028928514930164583
65850,0.010776632707722078
65851,0.0007916867215699309
65853,0.000656259488937254
65855,0.779221296881788
65856,0.024898828873234906
65859,0.002771648679479667
65860,0.0009503550405736007
65861,0.013963273303410961
65863,0.001016490758015065
65864,0.00405024755768097
65865,0.0015312079676562135
65866,0.20346083200697224
65867,0.018545378813984235
65868,0.0021830328554589863
65869,0.0038093309858757488
65870,0.0021984040508045027
65871,0.0012026101361367145
65872,0.0009284184019293319
65874,0.011117997763321043
65876,0.0012953729770782867
65879,0.31800643023814457
65880,0.0015521920239289636
65881,0.0061848816805033435
65883,0.05724890976138725
65885,5.280778783978764e-05
65886,0.00023993146990440372
65888,0.10473018664765084
65889,0.41961691618502894
65890,0.01260099329962987
65893,0.006241519045051994
65894,0.001615160034014807
65895,0.003442643458915974
65899,0.004911976918184435
65900,0.0018877775836071613
65901,0.002660444072492532
65902,0.002763300848318471
65903,0.002568224623241847
65904,0.0034000604207630736
65905,0.0010791013354628641
65906,0.3010793122001616
65907,0.3092776931819572
65908,0.004996777025594691
65909,0.0012786188295457073
65910,0.003459248276539938
65911,0.06027275988906301
65913,0.0038241254534238647
65915,0.7579782270982331
65916,0.20196988861706658
65920,0.00020284158780766996
65922,0.01435406510825008
65924,0.03300862269752239
65927,0.005835025329109565
65928,0.007143453161819786
65929,0.04859683582281362
65930,0.0044936709560269746
65932,0.03480578957954064
65933,0.0440638766870374
65934,0.1544915664170282
65937,0.006332806932420634
65940,0.0010209921634676013
65942,0.0014949807165780473
65946,0.0013912926096101457
65948,0.01070465529322647
65949,0.0026807740297742928
65952,0.007809574744141548
65953,0.026360400224521404
65954,0.0014864848068586963
65955,0.0015591139277684124
65957,0.001191069174741025
65958,0.0009236899661340938
65959,0.0006333647549714852
65961,0.0007740684870177301
65963,0.743494003076471
65964,0.007520144061651332
65966,0.0055888235365752935
65967,0.0009094384638482261
65968,0.0018533470464562293
65969,0.006623872341324775
65971,0.028165426442143333
65972,0.0009084596376483984
65973,0.009352931290251913
65974,0.012070964127768997
65975,0.0006565350017575008
65976,0.004125797230622938
65978,0.05819826066828918
65979,0.005110961686186897
65981,0.045300782379810056
65982,0.0059831014135657366
65983,0.018914518936070546
65984,0.002194915230306912
65985,0.02047058432028769
65986,0.00062562515635
65987,0.0009121538368148544
65989,0.0005140393032492831
65991,0.03710145063740597
65992,0.0006677550849051862
65993,0.0022695688126235336
65994,0.017739168845203036
65997,0.01086103995282994
65998,7.584194893275072e-05
65999,0.0010439067977582098
66000,0.0002236557129847649
66002,0.0036605910343801163
66003,0.0012398056408118188
66005,0.0027027146601941703
66006,0.011218982293846358
66007,0.41074433144146
66008,0.10752780087195758
66011,0.026497825976482803
66013,0.004350946886214801
66014,0.002360304281260731
66015,0.009284854816254117
66017,0.003305300668112321
66018,0.0018241061551692835
66019,0.01619915341432547
66021,0.0024352740823108403
66022,0.0023058661568692205
66023,0.004688690670075986
66024,0.00563108476181246
66026,0.005970151007616781
66027,0.007579937500074674
66029,0.014818451191327856
66031,0.2073953704390983
66032,0.008211291422219269
66033,0.00039976630054744047
66034,0.005103051820400384
66035,0.4010046807468773
66036,0.000992775878573923
66037,0.04134158549301401
66038,0.011632074814379162
66039,0.003905686168665081
66040,0.2779639810236834
66041,0.00044136671931789323
66043,0.000741884455075902
66044,0.0004472249531826848
66046,0.000703486855728474
66048,0.004094338225645606
66050,0.004456190936146837
66051,0.03549165436640047
66052,0.000977709562002184
66054,0.0030632740875391976
66055,0.011653945295626484
66057,0.05159895020590694
66058,0.023808778099610853
66059,0.0020914381688088217
66060,0.011279224836864077
66061,0.008698916797753205
66062,0.012519002324341428
66063,0.002512968785632234
66064,0.011132710531787665
66065,0.0046610572691449855
66067,0.0019340568793874532
66068,0.34108130168502226
66069,0.2701858116637004
66070,0.08747934219227164
66072,0.05577308072303193
66074,0.0015198814653967988
66076,0.0011858069930158336
66077,0.00643679563094028
66079,0.001930450430374385
66080,0.005051634812987396
66081,0.002010816384557297
66082,0.004302403092827259
66083,0.0009799467967812029
66087,0.009116038378781638
66088,0.006030974814387102
66089,0.0010343138289285471
66090,0.0029304102382179237
66091,0.3381776221679697
66094,0.008055000667733687
66095,0.004408453692894436
66096,0.01126275904397722
66097,0.3107493420572571
66098,0.35338281266900057
66099,0.01414198008071475
66101,0.0012761550489646246
66102,0.0006717551643571919
66103,0.00041529163437569177
66104,0.0016345016135347582
66105,0.004846373788803693
66106,0.03130959964701367
66107,0.04440396284172104
66108,0.08551469171551036
66109,0.005266163320352054
66110,0.7736008527679145
66111,0.0026977704537331343
66112,0.0058716067669481896
66113,0.7152071840624582
66114,0.015893974263981068
66115,0.2999520263315762
66116,0.0074898326446117035
66118,0.00023495225285877103
66119,0.004557171774379252
66120,0.001671550771093196
66122,0.008109298075561556
66123,0.0007217966949925707
66126,0.002425397615890638
66127,0.001067230801071113
66130,0.0014456671816317906
66132,0.002610180315050336
66133,0.002281127064684455
66134,0.003250730968691499
66135,0.0013180880633788653
66136,0.003412614575287393
66137,0.009536852603682281
66138,0.006640550886829995
66139,0.015828010656178563
66140,0.017457747360388423
66141,0.001380888886014924
66143,0.014148992695382523
66144,0.0035827183041693073
66145,0.014566689551172945
66147,0.002404933177240582
66149,0.004782934240769064
66150,0.0036542269165717417
66151,0.001954501780136946
66152,0.028183546563042512
66153,0.0031204831678146817
66155,0.00989112967185486
66156,0.010972285150218811
66157,0.007524377816394627
66158,0.00016585125373778893
66159,0.00605403629021728
66161,0.004079411864392798
66163,0.2073821069612822
66164,0.0011919030741538686
66166,0.003986304150324591
66167,0.0068541070781645745
66168,0.001621208571413788
66169,0.006304959130011645
66170,0.00868771633511077
66171,0.008091038587692584
66172,0.41439715067963323
66174,0.20797502416044095
66177,0.0026865263152503036
66178,0.0005613416084540729
66180,0.01942772365909753
66182,0.008220779878894293
66183,0.010039405951023506
66184,0.003337158327992934
66186,0.02255871378581802
66188,0.015863683170498282
66189,0.0022662700565847637
66191,0.0008712041589708705
66192,0.002566857154224222
66193,0.0009024457790331507
66194,0.003475994398704257
66196,0.005650613862167663
66200,0.18309353102109083
66201,0.0009110996309766391
66202,0.01560427085281226
66203,0.8057831190937395
66204,0.004153654951153118
66206,0.009971001519488558
66208,0.008962502377060843
66210,0.008677275854511713
66211,0.009636050635072776
66212,0.09577489348337216
66213,0.003080503488706827
66214,0.13816660762647617
66215,0.02348680455817488
66217,0.012501520232228681
66218,0.013095673937144541
66219,0.33929817637730575
66221,0.007120757255200029
66223,0.00018676558419040743
66224,0.0011874266165919896
66225,0.003035363091569935
66226,0.05662933427516751
66227,0.004092205038767947
66228,0.023228066320979294
66229,0.06661153724083956
66231,0.00744830441693995
66232,0.004245758525328926
66233,0.005838286083259196
66234,0.01921766536803478
66237,0.0004411911989275198
66238,0.011292857451421905
66240,0.06611703798788107
66241,0.000501930047700735
66242,0.044401042376601224
66243,0.004732430725935162
66244,0.00846222239051881
66245,0.019861148207632764
66246,0.003748626093866532
66247,0.00524083008124134
66249,0.0031756692224557633
66250,0.0018205278379264647
66253,0.0036206123030235685
66254,0.009337419977242885
66255,0.05315147761246754
66259,0.004514659725692542
66260,0.002286854300034278
66261,0.00789816070450351
66262,0.0009328436732322313
66263,0.0009002076831978671
66264,0.003385506088774597
66265,0.001169002684565023
66267,0.0016214520857736738
66268,0.000475663313141096
66272,0.0014320238378245774
66273,0.019959276780132467
66274,0.010965721362414624
66276,0.001916711193525124
66277,0.01570500935728654
66278,0.0012334721813487624
66279,0.005901948916977921
66280,0.001832445308646467
66281,0.14469364937174042
66282,0.004123759292862517
66283,0.025471182436390315
66287,0.008190937836142421
66288,0.0036558176578155486
66289,0.03814384431742576
66291,0.003607499713543929
66292,0.08184438231513466
66293,0.0101500057536146
66294,0.003480657567787084
66295,0.1332870477329263
66296,0.001250087509469773
66298,0.008982795523885184
66299,0.0017657361478959092
66300,0.0016385421415528007
66301,0.0005176667213570746
66303,0.012226952451372312
66304,0.037949630380261036
66305,0.021875989777548052
66309,0.0013139957446949469
66311,0.017603269054854837
66312,0.0010310508733432102
66313,0.008867287174601144
66314,0.00783950625711626
66315,0.04756324050290808
66316,0.001267299314007451
66317,0.007742156945417466
66318,0.01999290675413431
66319,0.001022482613561191
66320,0.007118356789758301
66325,0.0027112797383847366
66326,0.001004061440638212
66328,0.002008307815926968
66329,0.0022958551318858367
66331,0.005658445617932702
66332,0.0015696121884996427
66333,0.009661297173229588
66334,0.003341572558175619
66335,0.006075732741664909
66336,0.0021303020016851925
66338,0.0018658524268613656
66340,0.016288595681557314
66342,0.009163576947560799
66343,0.0066117624269937175
66344,0.004825206726869921
66345,0.0051264020285803225
66346,0.0034603599441945763
66347,0.00969828722319599
66348,0.0007630602345858427
66349,0.0028350534394477483
66351,0.06480377939938554
66352,0.04550472070690654
66353,0.0020600114590064965
66354,0.00029653679510953314
66355,0.0005351785649342442
66356,0.014569522160463543
66358,0.005415293183288629
66359,0.0004191910618338418
66360,0.002881077111562373
66361,0.0028417009829050594
66362,0.009027540967377658
66363,0.006142652525227874
66364,0.01832453763767547
66367,0.007822057579246122
66370,0.0034917716125995955
66372,0.003899679822708922
66374,0.0026842091221955093
66375,0.3193651651333735
66376,0.005419822979602984
66377,0.0003746451526205028
66378,0.0021664567240795526
66379,0.0009109288712482779
66381,0.0016836776933295207
66383,0.0033441934592563153
66384,0.0025735833075444694
66386,0.0006491306645205392
66387,0.006687835312102505
66388,0.013816891065132043
66389,0.0026605433315100443
66390,0.0009046575404859872
66391,0.003055564019961249
66392,0.0020759882215559853
66393,0.004684191007651178
66394,0.009976086547898022
66395,0.005560310012166716
66396,0.0009214687540289586
66398,0.019958774215035537
66399,0.0011201727206919024
66402,0.018782830763465402
66403,0.002276788709352469
66404,0.0009603684822125566
66405,0.0004606731950822509
66410,0.15725385459558344
66414,0.021867128903248274
66417,0.01064529868934431
66418,0.004351462606977901
66419,0.002406597018014563
66420,0.6927500488061871
66421,0.0012092064772744194
66424,0.001531100238620999
66425,0.0009732485074890688
66426,0.0015401760481361876
66427,0.001556080297682958
66429,0.0007512385968472991
66430,0.0018643979304952731
66431,0.0008738431409289262
66432,0.002992377733756437
66433,0.0004489277601432901
66435,0.0002487029851200109
66436,0.0009943093879359252
66437,0.0012281336158438535
66438,0.08978039804262362
66440,0.0016208001299995087
66442,0.01223429689145248
66443,0.0017574026590954754
66444,0.0007689000501782297
66445,0.0041846347264960036
66446,0.0011204414802754017
66447,0.000589481607817518
66448,0.003455459827417706
66449,0.003028414390694108
66450,0.0014989259247427842
66451,0.017173522809575185
66452,0.0029305479653734517
66453,0.000705394100684557
66454,0.01508338338490599
66455,0.010153498585707894
66456,0.003391205666031965
66457,0.0028465933899989057
66459,0.0028647072280452938
66460,0.017723926875677913
66461,0.0026197129239453345
66462,0.0019976642415633727
66466,0.0008484205625567404
66467,0.0009674257214554952
66468,0.0010914182755394643
66470,0.0004098122092262262
66471,0.02589983482963882
66472,0.00011187724420417247
66473,0.012089798021191825
66475,0.0018460778204434274
66476,0.03417219750979406
66477,0.006924408325032423
66478,0.014144490973826453
66479,0.009885377276902616
66480,0.09726891769742096
66481,0.04440493555006611
66482,0.009124479050482375
66483,0.197929523111569
66485,0.027509160829116017
66486,0.011650801884232348
66488,0.008921063971662322
66490,0.0037785448015513136
66491,0.002819269684386034
66492,0.23401832423846566
66495,0.0009689331703339187
66499,0.0006255674389671939
66500,0.002746567522575754
66501,0.33927252005024094
66502,0.0031566950983353916
66504,0.0012871744055978661
66506,0.0017563632882097945
66507,0.0016345480941339428
66508,0.0026792923783359344
66509,0.0031847909608754728
66511,0.0003272816373079311
66512,0.00011193589659652984
66513,0.007873004656994524
66514,0.0033300198131056263
66515,0.03676661951689314
66516,0.002414883932739015
66517,0.0037578216757119315
66518,0.00269779866144591
66519,0.004526506074122493
66525,0.0010613487575998892
66527,0.02771158001502482
66528,0.04237403307052386
66529,0.0041140460236019204
66530,0.010494587635892807
66531,0.0016784480537552259
66532,0.12910200419388512
66533,0.005777427367694671
66534,0.0007639737269401506
66535,0.00640693460849707
66537,0.00342931197707978
66539,0.0016247358776879644
66540,0.004698703766289828
66541,0.001297768386496306
66542,0.3718182687969787
66544,0.000491447702361878
66545,0.005562177611290465
66546,0.0005479078643619353
66547,0.006916023426799214
66549,0.01263667311173957
66551,0.005140949506198402
66553,0.00444351928987836
66555,0.005205510413939689
66556,0.06911407815079995
66557,0.006263409395701815
66558,0.006932485004438829
66560,0.0008975428467730398
66561,0.16395766497177805
66562,0.020721977258048186
66563,0.19593730837757575
66564,0.003307759898289046
66565,0.13457358009562456
66566,0.009780132414092691
66567,0.0011248953825271292
66568,0.001524744384621416
66569,0.008581545243357492
66571,0.00041075349769567794
66572,0.004918260145927747
66573,0.0023161942226189443
66574,0.0009591928722099656
66575,0.00609124247036748
66576,0.000657270967030951
66577,0.0034829241854100676
66578,0.026576077947116184
66580,0.03441968577282443
66581,0.0015816544802422104
66582,0.0007466260225445657
66583,0.015672252224075405
66584,0.0022728282228877466
66587,0.004574370637799254
66588,0.002162657710819007
66589,0.004840263373676671
66590,0.0017423080370905964
66591,0.0020579420916213994
66592,0.03506214747417909
66593,0.009414704932055137
66594,0.13903474655470335
66597,0.0027951056037572044
66599,0.0007654027412293348
66600,0.001435237416248865
66602,0.00172098382549438
66603,0.0014772475385871353
66604,0.0003815263411773007
66605,0.00013255468660421218
66606,0.010617758115182905
66607,0.04013566999660704
66608,0.5496701797616739
66609,0.24493961050640056
66610,0.012738345533941813
66611,0.0017910962325517446
66612,0.07356848560043477
66613,0.015796543070664727
66614,0.018013351877057306
66615,0.0015656573359652342
66616,0.0014614459078710134
66617,0.016155289717551084
66618,0.010445493788645191
66620,0.006873033446739199
66622,0.022645632816199274
66624,0.0009716522314769693
66625,0.0022207733431316135
66626,0.04633763449402411
66627,0.0015795135241694555
66628,0.0005816102513439791
66629,0.000491131368118204
66630,0.11288199289643976
66631,0.002353774025602584
66633,0.002359959093578751
66635,0.000758248655931881
66636,0.0067387385124405745
66638,0.005487762972116518
66639,9.733400337976197e-05
66640,0.0005546943990663894
66641,0.00367598283679032
66642,0.013666254141521606
66643,0.0591585531505969
66645,0.09753703762103585
66646,0.0003829171143151517
66647,0.007544399973317526
66648,0.01344641645257054
66650,0.011463556896372873
66654,0.001792388549707685
66655,0.003990785044833035
66656,0.016609027742494627
66658,0.001382110702448678
66659,0.005583390834798402
66660,0.0002524891764992859
66661,0.0011393980288720987
66662,0.0006963467611436657
66663,0.007938552147840052
66667,0.011071557708822437
66668,0.008597777556694323
66670,0.0013460397708568263
66671,0.001484469916877799
66672,0.0019127797264685267
66673,0.0021230511290308255
66675,0.005081696763169399
66676,0.004768337524105091
66678,0.0033905106739518507
66679,0.0015134357759444886
66680,0.042107040684375326
66681,0.015173561882089426
66682,0.00046179740316506834
66683,0.0033199021783788915
66684,0.00840031116066798
66687,2.469811255516758e-07
66691,0.0009369610277837265
66693,0.005738840089004571
66694,0.006053916176937404
66695,0.3612291373639282
66696,0.010124178920241901
66698,0.007363390610061859
66699,0.00035485202120644134
66703,0.0011756837785909435
66707,0.001456458772682604
66708,0.1428956461181893
66709,0.02997437429476801
66711,0.0023494717974738297
66712,0.0017199396956423729
66713,0.00047772854201350186
66715,0.0037800850153239247
66718,0.003309111230083291
67476,0.0017811850880822555
67477,0.004559008391437258
67479,0.0034487318636727327
67480,0.0041375219669893435
67483,0.01305266759460329
67487,0.0011407669353987974
67489,0.0007967369239571744
67490,0.0049788716233462975
67492,0.0014785744021779963
67493,0.003344755190846078
67494,0.0006979130646039657
67495,0.0014995573380789328
67496,0.00042130102505799215
67497,0.0034293726117776134
67499,0.003174043860333166
67501,0.0021002582183829895
67503,0.0015245382889683785
67504,0.001882827615966867
67505,0.0017738384103926997
67506,0.0005099723468719432
67507,0.0014466588264501876
67509,0.00026067695889527275
67510,0.006781881431442016
67511,0.006620327200457622
67512,0.003140435305132071
67513,0.006249235211920962
67515,0.009590351121912312
67516,0.004684821619333727
67520,0.0036336531987492147
67521,0.007481695274869924
67523,0.002559829704896249
67524,0.00309822767060459
67528,0.009522231403911455
67529,0.004027306926093744
67530,0.007893244521093579
67531,0.0011194018190932408
67533,0.001275839460525798
67534,0.0005428196987764322
67538,0.0023997387400219116
67540,0.0018891797977521963
67542,0.0004732223009113702
67544,0.000350070269797418
67545,0.0006125366886629692
67546,0.0033536191840687307
67547,0.0002237491541812563
67548,0.002961191825417595
67549,0.0008357513941575543
67551,0.013530929832978614
67553,0.029565738667143696
67554,0.000691040881642174
67555,0.006203394086080721
67557,0.0024751962080445055
67560,0.01756451487752707
67561,0.0014733288957955823
67563,0.007369878030800367
67564,0.0005294041062947776
67565,0.00919150892358548
67566,0.000558339670107547
67567,0.0036659108321042974
67569,0.0018150440393723732
67570,0.002971488526758178
67573,0.0006185523954568851
67575,0.006161252967514599
67576,0.000952532186812296
67578,0.004472106084641489
67580,0.000996832881161775
67581,0.00033071646184638606
67582,0.005230808291493362
67583,0.0007593030374736555
67586,0.00042036048037627223
67588,0.0012537129623382281
67590,0.00017159820086237368
67595,0.0004906222493341109
67597,0.00231385731040263
67599,0.00024399078962245664
67602,0.0038731711943928836
67603,0.0020985337677129345
67608,0.0009472322988051951
67610,0.0005014081156114094
67613,0.0014144121197024898
67615,0.003919339463949283
67616,0.006498043980167659
67618,0.0028916661569801903
67619,0.05915635028044006
67621,0.04773446587420235
67622,0.0010765291910750131
67623,0.006770446014995856
67624,0.0019965969983097402
67626,0.00295974448201298
67627,0.0002724666701405283
67628,0.0017891982107745407
67629,0.0006248898477452572
67632,0.0006646981833655473
67633,0.008923284065020064
67634,0.000624306421312629
67635,0.007027859750883279
67637,0.5385458402083417
67638,0.0024970902903981886
67639,0.00045465301599576923
67640,0.01207999816019429
67641,0.007907487555749363
67642,0.0028742777241128536
67643,0.0011075362997134798
67645,0.002131992639725638
67646,0.006628571640315634
67647,0.0016339874492919352
67651,0.004477420983917967
67652,0.0027191543784041384
67656,0.0003704996056283006
67657,0.0005309713329176641
67658,0.011073681223701849
67660,0.0005960247995101844
67661,0.006825113369995773
67665,0.00048442992438787357
67666,0.00030032253272544216
67668,0.0036867407601958203
67669,0.02614410541241877
67670,0.0004812602566695547
67674,0.020838813702461653
67675,0.002676345887439803
67677,0.0016090388012412586
67678,0.020014910077605873
67680,0.014703603483270433
67682,0.01386225732411066
67684,0.001006760189638881
67685,0.005183832076473036
67688,0.0013969259900521714
67692,0.0002580083172526095
67693,0.0006475919454516726
67694,0.0030195733063609
67695,0.00701040801445824
67699,0.014323031999307963
67702,0.0005690190781907986
67704,0.0009955142469959758
67705,0.0006123865940710064
67706,0.011030656167222014
67707,0.004059844872889646
67708,0.0026923848272460507
67711,0.0024999635432855333
67713,0.004558003349817679
67714,0.0007201987511142678
67716,0.0015158042219850978
67717,0.000375629740360805
67718,0.007738966620118386
67723,0.000299659031877369
67724,0.003149613759186623
67725,0.0013290931447975008
67727,0.00565435117689036
67728,0.0013919733285123782
67729,0.011246105496636983
67732,0.0012817480372032126
67734,0.0012440317419964374
67735,0.0010618452648392704
67736,0.0005197103460812467
67737,0.0009975554196468802
67738,0.0072012454775779045
67739,0.0012061722771600592
67740,0.001135513766312871
67742,0.0001858984085879597
67743,0.0010128340166588733
67744,0.0017052598199409927
67746,0.001644228140274421
67747,0.0019271570986009764
67748,0.00045571486509212036
67749,0.0005750548458229815
67753,0.0008901961260567797
67754,0.0011156397695739634
67755,0.0005882446496097204
67757,0.0011100640828291014
67759,0.0016212587557881018
67762,0.0030735621537308216
67763,0.005280158119044628
67764,0.004681778316586675
67765,0.0014449759581491146
67767,0.0054977742863672125
67768,0.0012153815415877668
67771,0.0004821507257290344
67772,0.00027564806189607813
67773,0.002796688885643103
67775,0.0009201096280163714
67776,0.0035533001071834645
67778,0.07636097312259836
67779,0.0012187911223322237
67780,0.002752808813259887
67782,0.001252114159671617
67783,0.0011685542348285163
67785,0.0028139722123066003
67786,0.0072104818605554
67787,0.00732248363900963
67788,0.0005026743723975154
67789,0.001967717432394294
67790,0.011350560917465707
67791,0.0042417144953643795
67794,0.006811355467689153
67795,0.00020255618950799708
67796,0.001546104547220925
67798,0.001815269992708182
67800,0.004179647585622197
67804,0.013184153574113136
67805,0.002497100375726258
67806,0.0013947403491620736
67808,0.0013747632089391984
67809,0.0023947812615099403
67810,0.0010361670326248175
67812,0.01629931835400235
67814,0.0010250494037228775
67815,0.0015812732323763816
67817,0.0016201455374198052
67818,0.001709240902301154
67819,0.001333072476109475
67821,6.621628650935466e-05
67824,0.0004465110758222966
67825,0.00749571876452283
67826,0.00027345056241204766
67828,0.0023103262790404003
67830,0.0013444211493383125
67831,0.003397801016814526
67834,0.0012663999307867024
67836,0.00281447384815372
67837,0.006290221517509794
67838,0.10241170949814603
67841,0.0021848174171663634
67845,0.0017770586186732615
67846,0.0006639235904707967
67850,0.003354599773639662
67852,0.0016037389042883377
67853,0.0001881393035855716
67856,0.003984513272875665
67857,0.0017405439570532023
67858,0.004382330170818126
67860,0.0020286145880953578
67861,0.020250893071767244
67864,0.002850054236335742
67865,0.002569120751765277
67867,0.002223969827314943
67868,0.0030236763204432764
67872,0.03388900232554443
67873,0.002163941422510735
67875,0.01704470853042017
67876,0.004374230730981234
67881,0.0004831536802165496
67886,0.014002336955101786
67887,0.00014469702296198767
67888,0.0012154511881384191
67889,0.0009243033662312962
67892,0.0038481280167063253
67893,0.08249920067265086
67894,0.0011502566292467258
67895,0.0028271992418893092
67898,0.003950219024257028
67900,0.0011301927809410155
67902,0.001939827249623415
67904,0.0020069079089667942
67906,0.0006669303724880551
67908,0.0013054938608013386
67909,0.003770127455041362
67910,0.0009216807790881288
67912,0.0018692976506315255
67915,0.0005463013701351336
67916,0.001034374680479237
67919,0.002515335330516269
67921,0.0005223664044690155
67923,0.0027432521592084605
67924,0.0007892032307766325
67925,0.00159033599324392
67926,0.005321265766925827
67931,0.002017320995327954
67934,0.0033840912839231975
67935,0.0005640614903856875
67937,0.0034163230572824593
67938,0.004898475771458898
67940,0.0002996453625738501
67943,0.007651998700819205
67945,0.037268266563478834
67948,0.011234645607796414
67949,0.00209034272339257
67950,0.010250419248073463
67951,0.010827201935481093
67953,0.0005616108909416423
67955,0.001894701417338697
67956,0.003936615791710659
67958,0.0005890065375935924
67960,0.002991290207441966
67961,0.01944907713196655
67965,0.0003485139148762393
67968,0.00035277377171629847
67969,0.003307292481414257
67970,0.0068065585424174155
67971,0.0009392513960405577
67972,0.0005400078220746264
67973,0.004105620222247718
67974,0.0036406495311838436
67975,0.0011348876941899356
67977,0.0015310122220965517
67978,0.0025804749450140775
67980,0.0015642122632321966
67981,0.0008001660736639225
67984,0.00019403900135448604
67986,0.004911033585900983
67987,0.0003574301079967992
67988,0.0002196403698512979
67990,0.0025745696843309583
67991,0.00034742707613393984
67994,0.006604118022851964
67995,0.003253852280341591
67997,0.004821797906932549
68000,0.0015243442930943166
68001,0.002168477907231436
68002,0.0002559964103110103
68003,0.0013240799425065447
68004,0.016315459770574636
68005,0.006782635860168633
68006,0.0013467310042220358
68007,0.0026122384930838826
68008,0.0018710998485017994
68010,0.0013392473420405478
68011,0.000889323704519542
68015,0.004385563427389509
68016,0.0004011234124189833
68019,0.00250822055246912
68020,0.022554809726839747
68021,0.07403193375981344
68025,0.0022263872668008403
68027,0.000995635162921978
68029,0.003969722972756876
68031,0.0060311788965204845
68033,0.001007011185457435
68034,0.001404797311986973
68036,0.000558679047249706
68037,0.0030696990934714137
68038,0.0011858651477146909
68039,0.0001698745033965573
68042,0.004286925266293652
68043,0.004482801248689058
68045,0.022495543124263127
68046,0.003884782312846168
68047,0.0014170059288264145
68048,0.0004923512889602928
68051,0.0013642767122748092
68052,0.009284016700121186
68053,0.0023372601337208368
68054,0.0024091903084843417
68055,0.0016547627506491676
68056,0.004954735319387546
68058,0.0024559810351242107
68062,0.0004021500734041101
68063,0.004506889171011534
68065,0.0018709921266236316
68066,0.0030126464620039385
68067,0.0008920802117172301
68068,0.0001444974030802526
68069,3.251988383127002e-05
68070,0.0005794063791256168
68071,0.00044241990957485147
68072,0.0008669837813191425
68073,0.0012162185927849904
68075,0.0023375411883463522
68077,0.006683111533161042
68079,0.029267529085553023
68080,0.00022062103925838626
68081,0.002223047092092102
68083,0.002711162537246586
68084,0.002613991162118017
68087,0.00027813788235829355
68088,0.0014351344978820219
68090,9.17063386032529e-05
68091,0.0032380622249735557
68092,0.004406610634407659
68095,0.009136452600126905
68096,0.00882503910068101
68099,0.0013036637581795116
68102,0.00013376332031229965
68104,0.0015438604005016821
68105,0.0013022424762622927
68106,0.005242219055123154
68107,0.001530811776892715
68108,0.0026207128665612614
68110,0.0008724911426558698
68111,0.001713897091816057
68112,0.15423925802631125
68113,0.00037464794389399387
68114,0.0019537746479709067
68115,0.0015246837743610596
68116,0.008562797899604133
68117,0.0010785932236198979
68122,0.0013019598718792293
68123,0.00485157806528134
68125,0.019853683823299183
68126,0.0009013857453596344
68127,0.0010350769224364213
68128,0.00853538719267934
68129,0.00032304886956259027
68132,0.002336066768574476
68133,0.001367297973163426
68136,0.0023470798858756187
68137,0.0014592147309838714
68138,8.140136334523853e-05
68139,0.0009169114413550979
68140,0.001042244952820038
68141,0.0007899741855268341
68142,0.00010695973391247545
68150,0.009729050695351531
68152,0.0012455731781857388
68153,2.870887980727605e-05
68154,0.0005483171244507093
68155,0.001048382840482379
68156,0.0011861267556707255
68157,0.0010286215832926067
68158,0.000702972589340152
68159,0.0005751247025018803
68160,0.0018746912042316294
68161,0.0003575987660428749
68162,0.0060214144760483545
68164,0.006613869907437185
68167,0.0071304919552881325
68169,0.005164596032789247
68170,0.0013735558357312252
68173,0.0005507233266436767
68174,0.0007974043127064303
68175,0.003363672435269634
68176,0.0005028148473700569
68177,0.00252483940890713
68178,0.0008986988523806415
68181,0.0008985516178517228
68182,0.010186971250882556
68185,0.0036350970463960605
68187,0.00029203152889423857
68188,0.0016147904597353265
68189,0.004733697289792357
68191,0.001130131311476239
68195,0.0035183002521577073
68196,0.0019004880657292093
68197,0.00384585610093128
68198,0.0016927270611540918
68199,0.0005947509678505716
68200,0.015804795600250762
68201,0.00012391102339557382
68202,0.005924722758924764
68204,0.003585379076152624
68206,0.0019162133268264053
68208,0.0014082675377251105
68209,0.0004018841750477819
68211,0.007421552140309737
68212,0.00035192743061083755
68213,0.004120392143960245
68216,0.0033978440435277614
68217,0.00048713202805654345
68218,0.00029134524211779075
68220,0.001494311807211225
68221,0.0017001705269997338
68223,0.0013913687970293009
68224,0.0006444662608467032
68229,0.0007702426646458638
68233,0.0018086222538327714
68234,0.0012783430271346942
68238,0.004935455936744862
68239,0.003711466500622725
68240,0.03315492860106431
68241,0.00017810701868715287
68242,0.008862661569690351
68243,0.014695657915725009
68248,0.0009850112840569978
68251,0.0007050194413647726
68254,0.0026340687398227034
68255,0.0033537837384399693
68260,0.0017309544000832916
68264,0.004554407978857428
68266,0.000621105188586436
68268,0.002801389034673489
68270,0.005012590621705789
68276,0.00047739946836813333
68277,0.006303242220061779
68280,0.003159930491830805
68281,0.007393669298989024
68282,0.0005050531789814955
68283,0.0077875350539285855
68285,0.001110726524989057
68287,0.0007739108346357837
68288,0.0021569436387883253
68289,0.0030976601917567428
68290,0.00021979905784284324
68292,0.07026317377616598
68293,0.0007524734377707635
68296,0.0051355139207482515
68302,0.0004830393348453323
68303,0.0004270680648382981
68304,0.001363582395854234
68306,0.0018339006885460878
68307,0.0007399224908609546
68310,0.0019100150769269665
68312,0.0028446346294087954
68313,0.03120776348523312
68315,0.0006748697190550794
68319,0.00024626254223149426
68322,0.0020517473161995982
68324,0.0005474682396090091
68332,0.0002612049434917431
68338,0.002879305995920511
68345,0.001974228993899146
68346,0.00033330050814752674
68348,0.023648497233874452
68351,0.12319993803515153
68352,0.005645421435468325
68353,0.001696677545279096
68355,0.023533203367815357
68356,0.0005225970764297933
68357,0.0003469196390041783
68363,0.001724667351286176
68366,0.0025047348733051593
68369,0.002442459448006994
68371,0.0026712404681016344
68373,0.002098502164891985
68375,0.0008894191417823236
68378,0.0016639366751527043
68379,0.24655126091908114
68381,0.0007851221605058122
68383,0.003608201272935106
68384,0.0008316141211095876
68387,0.01933475411954318
68392,0.0007825231847545946
68393,0.0007169160322293848
68396,0.00664145262525092
70245,0.0008701802299244332
70248,0.0013381601642240798
70250,0.0014925693863034786
70251,0.014744381721975168
70252,0.006512954069272812
70253,0.005829814849724688
70261,0.008874399166404678
70263,0.009870757075934041
70264,0.010514243841740833
70266,0.0021924133891833776
70267,0.013366252050127848
70268,0.003794613921008135
70269,0.378145772841559
70270,0.0041147260768224034
70271,0.002966332509888875
70274,0.009743931877944813
70275,0.0016205149313283573
70276,0.002721240475511847
70277,0.0009536971304858936
70279,0.002572724136312833
70280,0.0028194180868300923
70281,0.0021215737726047687
70282,0.003326647206140525
70288,0.0009340257405621563
70289,0.09682658413469679
70290,0.0031872989156237082
70291,0.0022332876208585426
70293,0.004509561409106488
70294,0.0037735436316412565
70295,0.004396512337133067
70296,0.005615318858384702
70298,0.0005280450281583852
70299,0.0006427873884933921
70300,0.001178706751834152
70301,0.0020685668571025573
70302,0.0006047806926415492
70303,0.01918608368838703
70304,0.001920394076491173
70305,0.013662296143058297
70306,0.000680185254204828
70308,0.0024774231840308993
70311,0.001472052854965919
70312,0.0017599338379878354
70317,0.0038212446730921316
70318,0.004067148507945893
70319,0.38287062357322216
70320,0.007933205539971778
70321,0.01279480941350249
70322,0.0016112758993867518
70323,0.009028859605990723
70324,0.00021434701719672276
70325,0.0019539714029387857
70328,0.0037253665533591306
70330,0.0011359955242672447
70331,0.0031187165111053084
70332,0.00711528394770258
70333,0.002166727843361661
70334,0.0015942210297639667
70335,0.28482947407089626
70338,0.6723798150001531
70340,0.0020021669607025454
70341,0.04651498682450863
70344,0.09385179998391872
70348,0.008444926842208818
70349,0.0012250079450484713
70351,0.001336215722049168
70357,0.00335074521819254
70361,0.00035925886524193577
70362,0.12360516167769968
70365,0.0013018084446505848
70366,0.010171400408160957
70367,0.003536756222321826
70368,0.0004264835929765889
70369,0.001915054541080802
70370,0.1769670165859977
70373,0.0027017328200458187
70378,0.0010691568930980477
70381,0.010589793185058337
70382,0.003778100054000905
70383,0.011241647653017283
70384,0.01361895392149362
70386,0.0067562178839332436
70387,0.003928772014667978
70389,0.001036539933133831
70390,0.0053322951007466705
70393,0.0005127489047404237
70394,0.7784465495609201
70395,0.00218861897797248
70396,0.0006691186543583931
70400,0.0025825973743691987
70402,0.0023012688729510834
70403,0.0038225997537418236
70404,0.0014627146744382832
70405,0.013411723060260108
70406,0.0008638490406953586
70407,0.020819386703070212
70408,0.0016055646209253594
70411,0.0009984344961208496
70412,0.001769677690239414
70416,0.0002927791679456666
70417,0.002013670154526408
70418,0.002960012838563824
70419,0.25236251482405014
70420,0.0023013619842654144
70422,0.7516216007011446
70423,0.009168545188809824
70424,0.013418795182361555
70428,0.00023591551156319286
70433,0.06981903973360258
70435,0.004428861160704566
70436,0.0016808309697551875
70437,0.002332087883265704
70441,0.003899952031046442
70442,0.0005658712893175312
70443,0.0024154606225283647
70445,0.004690105623522991
70447,0.0001792105411208927
70450,0.01543968770585104
70451,0.0003172178894672653
70452,0.013185960000986064
70453,0.0016654190251905244
70455,0.002722105401063826
70456,0.0010481247493008114
70458,0.013202720226275007
70461,0.7918489918753974
70462,0.002528385540134066
70465,0.00011814518028768075
70466,0.07152330746907062
70468,0.004230353796725474
70471,0.0008727380040648916
70473,0.005172690283990598
70474,0.018499192292522133
70475,0.0053439913471108645
70476,0.018439148485970096
70477,0.0006273008326652821
70479,0.007384176753382558
70481,0.009005445599481103
70482,0.002069085091497315
70483,0.002489216813430997
70484,0.004774015423057955
70485,0.0006432122566932459
70486,0.02472623003933636
70487,0.002624351303250489
70488,0.02382709363972298
70489,0.0038184098160161228
70490,0.0033500540368406042
70491,0.0019125335370315092
70492,0.001030097225327056
70495,0.002498697975484739
70496,0.0008378495442045408
70497,0.0012891771233507511
70498,0.0009035201324799556
70499,0.005095664143779164
70500,0.0034220250164064387
70503,0.00610487772590914
70504,0.005660761530254051
70505,0.0025426257791520417
70506,0.0012133855485042247
70507,0.00023422030827114265
70508,0.0007474565391297964
70512,0.004306433067514116
70513,0.0020687589537052888
70515,0.0010567691756014693
70517,0.0013724185154904381
70518,0.000717454607903241
70519,0.0009660818579723515
70520,0.003971954971538524
70521,0.0008464708897487258
70522,0.00040737451037209144
70523,0.00039470616583726914
70525,0.004204617525685679
70526,0.00592641614452786
70529,0.0017751691469632502
70530,0.0024359088100621776
70533,0.01597035500687108
70534,0.0005850364093993649
70535,0.00076239332536648
70537,0.0163962678814778
70539,0.044917737542962834
70541,0.01106023771044332
70545,0.010687446825588373
70547,0.0017835654692475776
70554,0.004423662967567506
70556,0.002577543942069636
70558,0.7052616957731846
70559,0.6010287362779454
70560,0.004749569137805735
70561,0.060731929167622774
70562,0.8585866315791112
70563,0.013895136751336959
70564,0.0018375917548487124
70565,0.12595903224323554
70566,0.0007534165369300861
70567,0.009920181406956989
70568,0.0030377101164001984
70571,0.6151678607427363
70572,0.0008686854832088852
70576,2.7432260994025878e-05
70577,0.011772269037088128
70578,0.00870175016792697
70580,0.0012745721422345413
70581,0.0025462191244974624
70582,0.0016876391338133834
70583,0.006689098570031445
70584,0.0007791233962771046
70585,0.005577022342298743
70586,0.0008979011004427182
70588,0.009741168584527017
70589,0.0010526273129642554
70592,0.003512546405786027
70593,0.014967903251727541
70596,0.004745489257483251
70598,6.988563728090845e-05
70601,0.00040360145955015397
70603,0.010408661273774548
70604,0.002530888654267696
70606,0.0002879857604596236
70607,0.0052347820716212475
70609,0.001159953369032717
70612,0.0016075209738915304
70613,0.1122553907924295
70614,0.0017885996897131053
70615,0.004323357023735297
70616,0.004984498237096236
70624,0.0018653901268884962
70629,0.004287145883168972
70631,0.3517647625668306
70632,0.0017062864404887718
70633,0.001570967941330036
70634,0.007968232537375606
70635,0.013822310193357877
70636,0.002909749013708643
70637,0.0014372124243514017
70638,0.0004173504751043114
70642,0.039664592846584176
70645,0.029145504046367628
70647,0.39756560461964396
70650,0.25989108592161897
70652,0.0010821150651935238
70653,0.13961545358810715
70656,0.0019382035424142488
70657,0.0009949748738191696
70658,0.004861575419669828
70659,0.016314794348616074
70662,0.04407582276629625
70669,0.002701528307314832
70670,0.010597394543229359
70671,0.007170221771234466
70673,0.0003875392159713203
70676,0.0029541408923891665
70677,0.005377341460632227
70678,0.000502925014319331
70680,0.0019771803644420987
70684,0.3085802332963618
70685,0.004018514396531092
70688,0.0004652880928617502
70691,0.013505818326242041
70693,0.0008628362864390084
70694,0.0021309449666121693
70695,0.005102302083976129
70697,0.013132919084814195
70699,0.024750838210522957
70702,0.2100638395429923
70704,0.0012912084167855436
70705,0.004306385221595167
70706,0.0023256357532483916
70708,0.001343108494881176
70709,0.004806852236268142
70716,0.011632570539029635
70717,0.346385003943243
70718,0.008695304469182452
70719,0.0058791102446405395
70721,0.002447735234829678
70722,0.00043342877285239474
70724,0.0005830248531744263
70726,0.0020085311729658747
70727,0.0054832354682061045
70728,0.003487931480594953
70730,0.0017823736036447777
70733,0.003619102487049162
70735,0.5833595360280662
70736,0.02669635012892193
70737,0.01623242656836912
70738,0.0007889048772930592
70739,0.001066286126797055
70743,0.012538564786925773
70745,0.19826874345550344
70747,0.003604011353232543
70750,0.010054324792625137
70751,0.0038027792016411587
70752,0.0008450127070829344
70755,0.0003830309812656982
70756,0.07028653052373612
70758,0.004770911035232729
70759,0.022581071114607238
70760,0.0026438830523157425
70763,0.0016134356136565523
70765,0.0004919129243423908
70766,0.0006343881248203307
70768,0.001188372600930445
70770,0.0005686617687918011
70771,0.0011108733488729586
70773,0.0014198447350493666
70774,0.012169135792428398
70775,0.0014466281821329389
70776,0.0005889652465152248
70777,0.003147790124769726
70778,0.0007720629356598928
70780,0.011882967132095714
70783,0.00279941491134272
70784,0.2959534855390109
70786,0.010870384450363594
70787,0.00688162482022487
70788,0.004277010223584643
70790,0.0014873068113322218
70792,0.0021618080531394784
70793,0.0012712733967000219
70794,0.0015184348557444598
70797,0.00011576403680455658
70798,0.0006646678183960668
70800,0.0036803083228555576
70803,0.001181210282466987
70804,0.011541106594173905
70805,0.0002593277029481517
70812,0.0017462736470020928
70813,0.0011120018338929053
70814,0.009445513727932089
70815,8.051510606038228e-05
70817,0.01654958454191046
70818,0.022895819176030913
70820,0.0018188285250305494
70821,0.005699296646768106
70822,0.011079300006670461
70823,0.0014594509064659825
70825,0.08111327567708636
70826,0.003548899195393585
70828,0.005635479212937424
70831,0.002567768811862889
70833,0.00984869253080925
70834,0.006363477667052613
70835,0.002066452704367313
70836,0.003984642793158434
70840,0.002406557411682018
70841,0.008275588007023743
70842,0.0014400025535620795
70844,0.0134058911285652
70846,0.029855797321330035
70847,0.0009645687448970459
70848,0.002190140452490496
70849,0.004032929751406336
70850,0.6696147337119001
70851,0.0014781473807968062
70853,0.06488662502593198
70854,0.0010246430354219403
70855,0.0032924225494154837
70860,0.00016815114431067914
70862,0.0011579525700899209
70864,0.002285071647982049
70867,0.0011455739220715714
70868,0.0021291982634233427
70869,8.361060820394105e-05
70870,0.0006755085413839786
70871,0.001285772751816861
70872,0.003461695008504524
70873,0.0009258698384770695
70874,0.0012851957383396941
70876,0.0025887812389225307
70877,0.002051013210091776
70878,0.00010179779357940845
70879,0.0003571010181231671
70880,0.8461760349409198
70881,0.0008428238725895779
70882,0.0011353790631612646
70883,0.002026089778535186
70884,0.0007274531434059507
70885,0.0023402800619178247
70886,5.462253148530008e-05
70887,0.0015813445121386387
70888,0.02105935761795244
70889,0.011954885557623822
70890,0.004199743694199594
70891,0.008369316905426652
70892,0.0016110085020499048
70893,0.0009867839017299997
70894,0.0024135821780977393
70898,0.0005422186180134195
70900,0.0010529367594320426
70902,0.00048621151529175204
70903,0.006575552636020701
70905,0.009478590973614287
70906,0.011613106866827868
70907,0.5547412250700203
70908,0.002462319264003739
70909,0.011351648548310061
70910,0.2881339970218914
70912,0.0016967441247278299
70916,0.004545482719261699
70917,0.0003698876449236246
70918,0.0029892497776547993
70920,0.0018766780086906844
70921,0.003975332287962654
70923,0.002017040721794835
70924,0.07647070664954041
70925,0.01175493402079658
70928,0.15053469826822852
70930,0.02992336493702892
70934,0.02652260258694647
70940,0.000917250351348421
70946,0.004054433202599424
70947,0.01006677961645282
70948,0.006237870963864932
70949,0.0034143501170763686
70950,0.002738098645401588
70952,0.0037328582342836644
70953,0.0017745309804933606
70954,0.002881590110464426
70956,0.00297468926757861
70957,0.03309240515230543
70958,0.010789458261645204
70959,0.004319248574134168
70960,0.01572020164268237
70963,0.00588222687698105
70964,0.001365309033601659
70965,0.001389595436494007
70967,0.0013767687414522115
70976,0.0031703227170758437
70979,0.0002064717632079608
70981,0.008439679213735816
70982,0.004515932290674679
70983,0.00022530156602688014
70985,0.0005872902416091938
70987,0.0020463651854659643
70988,0.0013047052502342324
70989,0.0045774091856737335
70991,0.0019766637381274993
70993,0.4743767448635062
70994,0.11948731963755471
70999,0.0004063996388256197
71001,0.0014793213684100987
71002,0.0022147392831977425
71005,0.0032208030286460273
71006,0.000957617851742708
71008,0.001970314900449299
71009,0.0043493692284691755
71010,0.0003551294800657908
71012,0.003350288123971213
71015,0.0014281857973252377
71017,0.0007842222898509748
71019,0.0008046004558709203
71020,0.0028591449748885376
71026,0.008354083692694131
71027,0.02023749080308631
71028,0.001857195656995775
71029,0.0008324952667893484
71030,0.327942605147997
71033,0.0006694033339541889
71035,0.0014980173635289842
71036,0.004742961155192388
71038,0.4654957383457737
71039,0.001241049687968704
71040,0.0018673017886425354
71043,0.0011420368273696154
71045,0.0009858585056054837
71047,0.014007524600373909
71048,0.04846991155465991
71049,0.003640129334534522
71052,0.0005401534919827253
71057,0.0011203917874309404
71058,0.0026415794794467616
71059,0.002324144283516763
71061,0.015980462964058962
71062,0.0021791983194419315
71063,0.003050027129182334
71066,0.001989241527249328
71067,0.003303748123817792
71068,0.0005433421581764015
71071,0.0008374285829704477
71072,0.0019975997775868717
71074,0.0008188556900355937
71076,0.5268663811165079
71077,0.001109049342292616
71078,0.0013341639921694041
71079,2.851233559757975e-05
71081,0.008702789097304929
71082,0.00015652223066180815
71083,0.0010047839255653015
71084,2.7981720804332354e-06
71085,0.009460259812977137
71086,0.005835766138331541
71087,0.0056115767629808435
71088,0.0026622924087872568
71090,0.0012905744665379546
71091,0.0022194193342048355
71092,0.007462237124866699
71093,0.07493749740823748
71095,0.00537355181789092
71096,0.01398033609682429
71098,0.06440450213382959
71099,0.0015287060481306938
71100,0.02342203679124064
71101,0.022689150881125986
71102,0.012403657235475676
71103,0.0012554925343352928
71105,0.0031911559683953047
71106,0.0017984414304811455
71108,0.0017405344989724011
71113,0.0033089963802226258
71114,0.017342429720440103
71116,0.0031797432094142503
71120,0.018188557017840685
71122,0.007258499057321546
71123,0.0121648675529079
71124,0.006330851443624374
71126,0.000627607303251673
71127,0.02255206715567976
71129,0.0006269530301427204
71134,0.0014294023682524424
71135,0.020721722047533513
71136,0.001634842456615461
71137,0.001454925797686463
71138,0.008763013650099656
71139,0.0028277733234350964
71141,0.012529858496435528
71143,0.005747786725186805
71144,0.004851926126709285
71145,0.005484437535011627
71146,0.36349622262982256
71148,0.000335693245312802
71149,0.0011729843983333457
71150,0.011069755316342487
71151,0.0006652206576379133
71152,0.00012262500357126596
71154,0.00048333647706106536
71155,0.0005467121669881278
71156,0.002090595097656088
71157,0.00037332840655705796
71158,0.0004066432402085557
71159,0.042757867657767436
71160,0.02142136565556905
71161,0.0036190682701404417
71162,0.002778946314752432
71163,0.001837201050939296
71164,0.003847134913784518
71165,0.005972973264564457
71167,0.0018089260603024462
71169,0.0007448025212600898
71170,0.0033215858752023266
71172,0.001501109306893115
71175,0.005261452947492916
71176,0.009557623827705993
71177,0.001129302215343129
71178,0.012135070026358457
71181,0.2888894865221815
71182,0.03664329354659074
71183,0.6691274762040228
71186,0.0017289466757152406
71188,0.001862345790696468
71190,0.00022095888053001532
71193,0.002331143456190558
71195,0.0012250463078228317
71196,0.005533093210017321
71197,0.0001442108334160191
71200,0.0017043188789308877
71201,0.0027787502082372534
71202,0.0024845525141256775
71203,0.0036908209178034717
71204,0.0011943360290389447
71209,0.001590764853623146
71210,0.0014471666008199018
71211,0.0009196146675177376
71214,0.0172512494407514
71215,0.0016208255053409522
71216,0.003452799265737815
71219,0.002474191198198108
71220,0.00043133010958669183
71221,0.0009536293809363056
71222,0.007874832990791699
71223,0.017086008026279097
71224,0.47481741469974986
71225,0.007455891269842078
71227,0.005009593140376609
71228,0.0008697881178822644
71229,0.008949054134173738
71230,0.002305304501581346
71231,0.0035238543733786217
71232,0.006237824933898075
71234,0.3380977610160667
71235,0.006149456612725522
71236,0.0030731767450309397
71239,0.0018222254350493746
71241,0.0070156213390504514
71242,0.0002529303099071236
71243,0.011195973078049721
71245,0.0016312212558343673
71246,7.262583108206318e-05
71247,0.001106205753479922
71249,0.00035955571376384334
71250,0.005956852698413535
71251,0.00550010096202197
71252,0.005838267012291847
71253,0.0025572155485514875
71254,0.006997945473109027
71256,0.0018299091412420322
71257,0.013233781331114526
71260,0.005026491294819611
71262,0.01440826558719511
71263,0.0009051207722305665
71266,0.003850297332520025
71268,0.0007749369535312219
71269,0.9219739862703413
71270,0.0006999217166166854
71271,0.0015996180306175906
71273,0.0032544005867174634
71274,0.006063035501167626
71275,0.0018781438171082535
71276,0.0004670931587426172
71277,0.001972157900866715
71278,0.001692092719312531
71279,0.02795507186126462
71280,0.0037364475704565014
71283,0.00612850773757413
71286,0.012500537674703023
71287,0.004582066262584051
71291,0.0008516751707149232
71292,0.00154353578008833
71293,0.003210879650344144
71295,0.022470615221955894
71301,0.00038913693047841453
71302,0.0030764440365455884
71303,0.00479703638002393
71304,0.0068678879833120945
71306,0.018893124565892767
71307,0.003295555128060709
71308,0.0048205299573340155
71309,0.006261442375569977
71312,0.00786950309127077
71315,0.0011451389100037778
71316,0.0006427311931104872
71319,0.0010844173745518512
71322,0.0013237942674285115
71323,0.0017254300964968674
71325,0.004697671195861625
71326,0.003328545707132236
71327,0.6922003205981219
71329,0.002808086192208782
71332,0.0004321550888896122
71334,0.0016625569960001029
71335,0.0009952023341711967
71338,0.0027513022439495257
71339,0.0024031774680956766
71341,0.0011630363051284886
71342,0.05151433628166753
71345,0.0009216809306221881
71346,0.022472770896559746
71347,0.00015070319798743853
71351,0.553659059199633
71355,0.0249108397172463
71357,0.0060112309226321315
71358,0.005229935698082797
71361,0.013140128763784249
71362,0.00942654030899654
71365,0.01686202538212932
71366,0.0050170479015541865
71369,0.0019284168344116137
71371,0.002857266337269766
71373,0.00023972917577822872
71374,0.002026184847077696
71375,0.00899958998195916
71376,0.0014754862924229663
71377,0.005002937626288695
71379,0.002310304704369305
71380,0.005008317448767756
71382,0.0007587997169863273
71383,0.0029440095940864207
71385,0.0006198721997522232
71386,0.002514047558250459
71387,0.0023095093497016196
71388,0.0028407004321070206
71390,0.4361507436491629
71391,0.00479600017805394
71392,0.00587620028620628
71397,0.000342692651066238
71398,0.005654912037109937
71399,0.0016629814783762635
71401,0.007072995664761371
71402,0.002214974771446288
71406,0.0053622736614865685
71409,0.0018924310718971328
71412,0.0007778896568024912
71414,0.0001924054473495682
71415,0.0021741857068084706
71416,0.001252636875506127
71418,0.00047951062274916197
71421,0.0011009682894573772
71425,0.0015393779240711876
71426,0.004096297410169912
71430,0.00025462554293656856
71432,0.010511906859786094
71433,0.7826082650227595
71436,0.7465011617143653
71440,6.572710107820175e-05
71443,0.007476561185949426
71449,0.0004833763108481759
71451,0.0063664713232955425
71452,0.001362288321906007
71456,0.46270513633249455
71459,0.009475493825192865
71460,0.0008872467968289359
71462,0.0022340459365132134
71464,0.006467010186516182
71469,0.022504135395161988
71472,0.0010810922801606424
71474,0.0010389882280859568
71476,0.0025329624524313044
71477,0.01401804320133537
71478,0.0023924796339139134
71479,0.015600444329935756
71480,0.006460332991670027
71481,0.012895741724670362
71482,0.0013556310178604474
71487,0.6441780256516142
71489,0.014077656515888853
71490,0.0042642470948587655
71491,0.0023631487304788586
71493,0.0012753533230884287
71494,0.005975697152184543
71495,0.00028936966039175526
71497,0.0022647939550505406
71498,0.0007681684465727884
71499,0.005893684106103152
71501,0.004517785390965009
71502,0.010291210391550313
71505,0.010369263830382263
71506,0.00588990657194801
71509,0.1246063975334012
71510,0.0009181114864199214
71511,0.00518160642308123
71512,0.0009147510191920416
71513,0.0001651974618246586
71515,0.0048921081663305535
71516,0.0036767118051146616
71518,0.0015444577380642952
71521,0.004068110476435884
71522,0.0019386066880406987
71523,0.0017904606836383209
71525,0.00809921221584443
71530,0.009146537070090017
71531,0.009804667200868979
71533,0.03634477316092108
71534,0.0013822919228418814
71535,0.0014354273362734774
71536,0.002150866256512581
71537,0.0036176091537589647
71538,0.013041301451834407
71541,0.0032329024640120004
71543,0.15282084883148597
71544,0.0015874203438401551
71548,0.002643644674609711
71549,0.0016514674185706883
71551,0.021120422398421424
71552,0.001437193273382273
71554,0.001182291399041065
71556,0.0009971184490920036
71559,0.000664781921424531
71560,0.006028557174602793
71561,0.09882459187986972
71562,0.0004391413031805995
71563,0.006639994463062024
71570,0.0017439197874724675
71571,0.0013732043050878595
71572,0.0031122056894319636
71578,0.015950251812536835
71580,0.0003448545618214419
71583,0.11975255417753353
71584,0.007292561353184721
71586,0.0024289055101459852
71588,0.007917015028223206
71590,0.0043781785328429355
71592,0.010546258745790306
71593,0.000786872777134658
71596,0.0005947245552597849
71598,0.005736632095924476
71600,0.0008413567669283685
71601,0.0037110044404107686
71602,0.0024100130851340907
71603,0.002911037705204621
71604,0.005209129341455578
71605,0.00038553741428484263
71607,0.0014014086489365501
71609,0.0021909896791412783
71611,0.0008206886958178509
71612,0.0006842566232338884
71614,0.00083681379252262
71615,0.0031284302923822475
71617,0.003321159517815907
71618,0.000858719313466291
71619,0.004312120479029986
71621,0.0034499018808137076
71622,0.02710159892417006
71624,0.0021829078967575844
71625,0.7828857213568846
71628,0.9089175583629416
71629,0.000747675772289367
71631,0.015209903979224773
71632,0.3237570871682508
71634,0.003370876238638151
71636,0.4770754049153473
71641,0.036544548373827916
71644,0.010204382111895487
71645,0.010527409951450479
71646,0.004985838673515086
71647,0.000905078786283801
71648,0.0004791709510742672
71649,0.0006522633087865744
71650,0.0015580696539137
71651,0.0032632197224576284
71653,0.001488135399982097
71657,0.0009013119080309772
71658,0.003765515547941319
71659,0.0022730238026111944
71660,0.0013953785688434956
71662,0.003809062894054737
71664,0.016094397290348814
71665,0.0022345087461849195
71666,6.150480427233645e-05
71669,0.008709561271202933
71671,0.00526808269904481
71674,0.016962377561827852
71677,0.007144787358132207
71679,0.008409097128335053
71681,0.19297231365035336
71685,0.015276773732315178
71686,0.001786438918136856
71687,0.00014258292564856912
71688,0.0013752571516582237
71691,0.0014495330842712595
71693,0.0014108292550056472
71694,0.0024387889010672324
71695,0.002125753154491895
71696,0.007285885782369812
71697,0.0006550310584954068
71698,0.005333799617327643
71701,0.00252018565892397
71702,0.0009461327719662835
71705,0.0010038247429694244
71708,0.0007638639240467776
71709,8.62931522584168e-05
71710,0.001833330202479068
71712,0.0031124474625079867
71713,0.005552516315526025
71714,0.0005896151220056911
71716,0.0005866579048169724
71717,0.0001658919433772535
71719,0.001598360261998803
71720,0.0054027147482197295
71721,0.0009317760460450267
71722,0.0008714401941492996
71723,0.00292454679607041
71724,0.006603599330876328
71725,0.003374533937703487
71726,0.0018117386093593718
71727,0.00375861442975547
71728,0.0015987695861416852
71729,0.008797487626439905
71730,0.005244387087114984
71738,0.003345286220720501
71740,0.001092387062739432
71742,0.001106136736271617
71743,0.0041368868626603305
71744,0.02777203488585159
71745,0.007738044121655239
71746,0.0012139805498297635
71747,0.007433801892248683
71749,0.00024441865333361626
71750,0.00024978355262674737
71752,0.0019215162794043795
71753,0.0016521236284734687
71754,0.0009582370065563052
71755,0.00016989064807281903
71757,0.0008451968010883544
71759,0.0005329765339328486
71760,0.002862816470999385
71761,0.007371477005960655
71762,0.0005952788948508994
71763,0.003500938576862967
71764,0.002654640081891161
71765,0.005863226298442439
71768,0.0540072567969008
71769,0.027917019352613252
71770,0.0006574863533504663
71772,0.0003128968062836519
71773,0.00035068626928765983
71774,0.0005139400050910834
71775,0.004365015494402914
71776,0.004362664554189619
71780,0.0018120428053284652
71781,0.0008266036217340159
71783,0.0005304970808808035
71784,0.0005546551026920632
71785,0.0032500305811068966
71788,0.0021063390635547162
71792,0.0008950516933303942
71795,0.02109998654496952
71796,0.0006243395735777404
71797,0.001671705908383984
71800,0.07220662834490592
71802,0.002813004504187417
71804,0.005466667574660792
71805,0.001359788724037818
71810,0.17805815451381884
71811,0.001875329214145405
71812,0.0025322953193687697
71813,0.0028957056396018907
71814,0.01225180508945921
71818,0.00098941372156169
71819,0.0004906455293941119
71822,0.023283867292944207
71823,0.051596924796053496
71825,0.06408459369589796
71826,0.001217058161988227
71828,0.005079078994040579
71829,0.0013180786366818983
71832,0.0017667326930304644
71833,0.004801576550717324
71834,0.00031057571523462413
71835,0.0003527557958049947
71836,0.0009299436850778034
71839,0.007630779408637064
71841,0.00046047260348412174
71842,0.004991120654479093
71844,0.0022879622551035014
71845,0.0066373212465721055
71846,0.014790912644277983
71847,0.006163230480477013
71848,0.005065113200058249
71849,0.003236564352707516
71850,0.0006945465907424828
71851,0.02974497946293422
71853,0.0020442423476049218
71857,0.0006913267859738012
71858,0.0012392615554016899
71860,0.0031169198233787464
71861,0.6021628416971029
71862,0.0008720732668608833
71864,0.0030347234255993613
71865,0.011194683600794156
71866,0.0028586190198452597
71867,0.013062924881171754
71868,0.002005837194019601
71871,0.005177855788525324
71872,0.0020705727111490673
71873,0.0004450569607845435
71875,0.002147805940283575
71877,0.7989132530708998
71881,0.012077773028092332
71888,0.0018745461178513029
71889,0.34695843715093233
71890,0.0005692017865587995
71894,0.00031568304400111973
71895,0.0014739285776623318
71897,0.0031913954753771106
71898,0.007997183570701484
71899,0.0670052570437705
71900,0.4893180774015621
71901,0.4920105784804126
71903,0.0024294375984173816
71905,0.3790094635710316
71907,0.001427720360671291
71909,0.016999703434431777
71910,0.0033156318164850843
71911,0.0003457124824349588
71913,0.0002928075368486885
71915,0.0026459808563185257
71917,0.002525837666967604
71920,0.7007545748489704
71921,0.0028235747930801126
71922,0.008501889267043953
71924,0.001062786434871512
71925,0.5825742384727595
71929,0.002090582582572308
71930,0.00034458860164211205
71931,0.00043833503598365376
71932,0.0022887314193555893
71935,0.0012653759866198767
71938,0.0043645227369357225
71939,0.004845554991019875
71942,0.002571807208530924
71943,0.011026627494059405
71944,0.0004473346368425062
71945,0.0028151044448188316
71946,0.006315754692185323
71948,0.001694998345657901
71950,0.0026785286002539797
71951,0.0042548536976258905
71953,0.00737420429036738
71955,0.0004811581204658083
71957,0.0005697360838978507
71958,0.004161882409228168
71960,0.008812125053150752
71961,0.002961170932081445
71962,0.005497242353606304
71965,0.010667307968018153
71966,0.0035778920072506095
71969,0.005446853069187425
71972,0.01206212445455198
71976,0.0033784215219610455
71977,0.0010583387864367586
71980,0.001726310159472599
71981,0.003087726090430708
71983,0.0001799257885880187
71984,0.0039572462997856436
71985,0.000781572117862452
71986,0.001295030478827868
71994,0.018714044466169595
72000,0.0014002955617082907
72002,0.006317991844442555
72003,0.005934482051874926
72005,0.00721016569236542
72007,0.0003063946843207051
72011,0.0025817082876155506
72012,0.0004915309822757713
72013,0.0007021472188343648
72015,0.0019519919355792345
72016,0.0016657656824233627
72017,0.001950638010391647
72020,0.0003001509536361558
72022,0.0037939863284066387
72023,0.002418653131779499
72024,0.0036803073344244728
72025,0.0013765036478551804
72029,0.00417055688287716
72030,0.0013687324689836077
72031,0.0033589026405547373
72033,0.0008315563976035016
72036,0.00983747448797832
72037,0.0032594735737776744
72038,0.0013068337305816948
72039,0.006466709005307411
72042,0.006222514443847928
72044,0.0008569706355274658
72046,0.0013779346666269558
72048,0.02675393602736401
72050,0.023659214705886243
72051,0.004915769633146307
72053,0.003089110313161569
72054,0.003610974972766137
72055,0.0014928897200584092
72056,0.0021667721410556307
72057,0.006013601508655082
72058,0.001117914889629223
72059,0.08906586211088283
72060,0.0005319744415634214
72061,0.0013667160306585742
72064,0.013789000590048709
72067,0.008646713135916211
72069,0.0007159556890016007
72071,0.00020455840054001007
72072,0.0012371487427164736
72073,0.0007143218773390781
72074,4.552477930380665e-06
72075,0.03962018841112474
72077,0.0019605300055054484
72079,0.0013892461784762976
72082,0.43306143055163626
72084,0.6101570911593895
72086,0.0013202997853824989
72087,0.0003270825814586118
72088,0.001268365050517518
72089,0.0002281035152011985
72090,0.0028484101289071597
72091,0.0002899134978301955
72093,0.004317350576229777
72094,0.0005676826103812755
72095,0.000946026839770467
72096,0.008784823731708299
72097,0.0004980748436618651
72098,0.000737759881720321
72099,0.0005475392847559969
72100,0.0017096270041186447
72102,0.0003411209322810506
72104,0.0010199959505276532
72105,0.003751479521542709
72106,0.00041483059717435737
72107,0.0008012315900582681
72108,0.02988635637391277
72109,0.0010237424660859444
72110,0.022026660333841524
72112,0.01578048831350512
72113,0.001380476402825385
72114,0.05124939259858133
72116,0.001788628322688405
72119,3.834560770023876e-05
72121,0.0011308459194115158
72122,0.00016821218259758798
72125,0.0038756213354472976
72126,0.051943337889120145
72127,0.0025246244664424446
72128,0.0008810776407401746
72129,0.0007415231554979266
72130,0.01608686299242723
72135,0.00010021103624395858
72137,0.0012751232986485978
72138,0.002612342169496298
72139,0.0001236262719510317
72141,0.001427098716914439
72142,0.0029545820567731264
72143,0.004083853865545099
72144,0.0008758241390429419
72145,0.001090401515883725
72146,0.0015793994468433505
72147,0.0017918757132086459
72148,0.004492560702025669
72149,0.00059165265359788
72150,0.0035126796362067174
72151,0.0049834325278062305
72152,0.0015334490977644678
72154,0.002799347072183592
72155,0.0015883708353144656
72156,0.0008489852881618822
72157,0.0032479204724435045
72158,0.006492872207982576
72159,0.0030370350346811815
72160,0.0016404306080325345
72162,0.005996221228081061
72163,0.0009715195382419326
72164,0.0007214398222427755
72165,0.0025025648617589655
72167,0.0029903723273171485
72170,0.012907265384168348
72172,0.0025760868134320704
72173,0.001457066475428391
72175,0.004956494208600486
72177,0.003396555216188876
72180,0.004233094455541704
72182,0.0009267959209040633
72183,0.0010556150343499632
72194,0.0011457245723696028
72196,0.013707479650563372
72197,0.0019084107920259669
72200,0.0014036543048738975
72202,0.0022202054927365177
72204,0.005288974948181656
72206,0.0017346508624865645
72207,0.002208852833876663
72208,0.015298849516189197
72209,0.0013625010930120192
72210,0.005469336074168684
72211,0.005105620351663969
72212,0.004870025231146641
72213,0.0022879317276027645
72214,0.0008247020314588704
72215,0.001236921658069468
72217,5.044814283518717e-06
72218,0.0005625529798584488
72219,0.003716474781505899
72220,0.005801029009324769
72223,0.0012116876994604918
72229,0.0009180052140728436
72230,0.0010896643131284105
72233,0.0018362882452644797
72236,0.002455876902108593
72237,0.02234842836514645
72239,0.2005455331503142
72242,0.006290873081740499
72243,0.029074603049056583
72246,0.0007015617801866488
72247,0.011665271113102874
72248,0.012222874418370624
72249,0.001461392354075712
72252,0.010716807812963278
72253,0.006857376761949387
72255,0.011911002943920983
72256,0.014303018105726232
72257,0.002305677121714017
72260,0.01714906472093682
72261,0.00033321319770468645
72262,0.025184750861242344
72263,0.0004837289660995181
72265,0.0023072832867499686
72266,0.007246723632978275
72267,0.006688588050194843
72270,0.0008123599684409365
72272,0.011823855443967529
72273,0.013419388375545705
72274,0.008316945507361624
72275,0.003704477322552357
72276,0.003279750702128881
72280,0.0007316576118929341
72289,0.0006868022111054382
72290,0.000370720794960958
72293,0.0020189822728709016
72295,0.002872258134616762
72297,0.07744450479183441
72298,0.00029515097571305646
72300,0.00012722580638095787
72302,0.002436363373046289
72307,0.010395027732626941
72308,0.004511084891405984
72309,0.02181464429558002
72310,0.005435036214492639
72311,0.005555060054826525
72312,0.0201609780364085
72313,0.0009930008048626214
72314,0.0013199950319449146
72315,0.0006751834070203291
72321,0.0026800748806399244
72322,0.009173053087203566
72324,0.006372187777387235
72325,0.00583479769794071
72326,0.004961067178563788
72327,0.01894896636564192
72328,0.01660444014388192
72329,0.00362606408137704
72332,0.0013003584056885255
72336,0.004964124015277834
72340,0.0003260570107249663
72341,0.14154952565412407
72342,0.00014507429408543873
72344,0.004042598213506883
72347,0.8010944945209623
72349,0.0013132599903325258
72352,0.004601749724753723
72353,0.0012270569509916021
72354,0.0010186423974952003
72359,0.061581024432488106
72360,0.008612692436453444
72365,0.7233579686420916
72366,0.0034845616072448657
72367,0.001632235070173759
72368,0.005687731087338944
72370,0.007264538989971187
72371,0.0010531792529092456
72372,0.8190064541431434
72374,0.003346168689149699
72375,0.0023570864041228784
72376,0.0007463233431539949
72377,0.0007574791175893375
72378,0.0022335114183894616
72379,0.003352964205752347
72380,0.011184949069608313
72381,0.0025585819697697756
72384,0.005941356016977353
72386,0.0026032439039623085
72390,0.017492706547953558
72392,0.0023513722429618026
72393,0.0015289792142766585
72395,0.0031428924923955636
72396,0.0018759542356242985
72400,0.0030637434506636378
72401,0.002841850582812905
72403,0.0006801019179406401
72404,0.011917916882037343
72405,0.0014667050426425173
72406,0.002386039068191897
72408,0.006226125175406665
72410,0.0014270762826226406
72411,0.012973040232707341
72414,0.0015213008256606813
72415,0.01632620038982783
72418,0.0012443831396418707
72422,0.004648415930852062
72428,0.005318136034646658
72429,0.0048173137966102935
72430,0.0018985896937351158
72431,0.0009366547024637624
72432,0.0023261027815808604
72435,0.04228950999398817
72436,0.001812103137795324
72439,0.0031094207090428313
72442,0.0010350170876163684
72443,0.004917637580520802
72447,0.002980731402836818
72448,0.006666966367912061
72450,0.02771810353542513
72456,0.0029593967806774302
72457,0.07992102733414055
72458,0.00903537736676076
72461,0.0010260415358383308
72463,0.0003122257717946869
72464,0.0006864433230069462
72465,0.009108164738220466
72467,0.03278796561183481
72468,0.002921972407443517
72471,0.012582190289945432
72474,0.002419488378800936
72476,0.006294523865028955
72477,0.3456545179337302
72479,0.0022510976989470045
72480,7.59144155603079e-05
72481,0.004426762207625737
72482,0.000920496610835446
72483,0.0016243628600653285
72485,0.05834342749106024
72487,0.005293763048184493
72490,0.003940871623254221
72492,0.5782750304522168
72495,0.0010866541681597236
72498,0.007044456935349485
72499,0.7054512980941863
72502,0.004445268053536267
72507,0.0013795762340899995
72510,0.0014982206494927842
72511,0.0023416836617083593
72512,0.0020637378711929836
72513,0.0009562523409047576
72516,0.002903457710883042
72517,0.0012790419344744027
72518,0.010505340365472718
72521,0.008143739823390287
72523,0.01096726512470053
72525,0.0006890365121981297
72527,0.00820864123792011
72528,0.009257353662330632
72530,0.00407120172146771
72532,0.014584529346060885
72535,0.0017583943259503723
72537,0.0007177685761872425
72540,0.0020863280464093236
72543,0.003320561824236308
72545,0.011549845671679146
72547,0.0011478370485799834
72550,0.0010676110482110302
72553,0.0005305488213766657
72556,0.005620871600732753
72557,0.001509710709590876
72559,0.0025319996921262496
72560,0.0003734803058116473
72562,2.72517069590314e-05
72564,0.0013156238140762469
72565,0.0009704952742810228
72566,0.009573915661769652
72567,0.00561716712142332
72569,0.004644026723018079
72572,0.002220355050188658
72573,0.013364888250098158
72574,0.0025774238257227264
72576,0.006866286380893218
72578,0.005078987312077852
72579,0.005376060510658838
72581,0.0005974108003767967
72584,0.006430854745435089
72587,0.0030595811868349898
72590,0.6630778630412429
72593,0.004083866229596415
72594,0.005320041405523962
72597,0.0020301855829716296
72599,0.004327422865287012
72603,0.00839345937578399
72607,0.012260509576775332
72611,0.004032718184311552
72613,0.007549710899308066
72615,0.002027102872521807
72622,0.002794364753543357
72623,0.002644747306668854
72624,0.0019289832558444598
72626,0.009277661420067909
72627,0.0012548661635259483
72628,0.21525668963503694
72629,0.0008742119068258118
72630,0.00021493840494405886
72631,0.0007768522135455062
72632,0.009435599504726756
72633,0.011334870719255694
72636,0.0006512777706158565
72637,0.006197246598129373
72641,0.00699355484282681
72642,0.6276328924051912
72643,0.002912414116959067
72646,0.01399367442685748
72648,0.0002792538188887464
72649,0.0009370369445252677
72654,0.004224198643613964
72655,0.0020448891824979454
72657,0.5169902158676144
72658,0.0002692507834620091
72659,0.0003557212853827996
72660,0.03590598430597064
72661,0.0027647265064697567
72662,0.0016806565245652254
72663,0.008498602563568278
72664,0.0030605251319277098
72668,0.004490848135989049
72669,0.003467706307549215
72670,0.0003970465058449547
72671,0.000798029321459033
72672,0.0032013713057659626
72674,0.0012813604072566163
72683,0.00036972439859163906
72684,0.0014310631193964367
72687,0.9434397812886057
72688,0.0036033773448114438
72690,0.007652561993756834
72691,0.0022851026798420423
72693,0.00200507410417301
72695,0.00014120919708281252
72696,0.0032394870730829096
72698,0.03551445727991707
72699,0.019835857131722867
72707,0.0320916628643439
72708,0.000586780828757673
72712,0.018442827947448847
72715,0.001892850097745381
72716,0.28442241747580377
72717,0.0019110969133819167
72719,0.014962149872018701
72720,0.1277781488721755
72721,0.004538184350640364
72722,0.0038968144901484728
72723,0.38740922999818306
72724,0.1626948250203514
72729,0.002865244346546167
72738,0.002225222234732103
72739,0.009924835440338396
72741,0.0018421651077035418
72742,0.006412226384142749
72743,0.003968966543232449
72744,0.008011864353754441
72745,0.0013080922662557879
72749,0.0042259643828385955
72750,0.004214811810724762
72752,0.00238879034523072
72756,0.005476168929547589
72758,0.42621008954810946
72761,0.013228670792328274
72762,0.0014267022459414215
72764,0.002556797691607042
72770,0.015177133494721532
72776,0.07317346640262633
72777,0.005810372757600538
72780,0.0015527607831356074
72782,0.4924568335408988
72784,0.0024626755646969195
72786,0.011890634802337971
72789,0.0032272712535738584
72791,0.0022038311347615173
72793,0.0004984902726312086
72797,0.0011271352432553
72800,0.0006642031489165153
72801,0.0023965568747486223
72802,0.004419620311353903
72806,0.00222501922948811
72807,0.0030759393523099687
72811,0.0021347409511377363
72812,0.0038627653192349716
72813,0.0001459917719663505
72818,0.0002182131474740336
72820,0.004731059433531461
72821,0.1418967833844993
72822,0.004586721198801083
72825,0.0007683891112513964
72828,0.001380272019830734
72829,0.01092253109013714
72831,0.0036001776005828642
72833,0.003294148824964646
72837,0.000397436053411777
72839,0.002397451080016444
72840,0.008040783614447666
72844,0.003999032934237251
72846,0.027135032961562406
72848,0.007274614180275674
72849,0.004854144616220837
72850,0.0004330501113132856
72852,0.003793137917274389
72853,0.0003208660120295415
72854,0.0008427321367954071
72855,0.002144522062667035
72856,0.33608308975020784
72857,0.0009620640370840341
72858,0.0339991823431138
72859,0.09349972294504096
72861,0.006677696280826109
72863,0.7310337333359869
72864,0.0005589559416173325
72865,0.00032321658096759974
72866,0.00029560964120970546
72870,0.980629933437374
72871,0.0030183282558271787
72872,0.0015139014564372237
72874,0.0013138924762299508
72876,0.0036575962985903538
72877,0.0018861950621625258
72878,0.034402500846275434
72880,0.0005913823256587684
72883,0.0015407741801500754
72884,0.0019581238651011747
72887,0.0033718895224381486
72889,0.006784356274070172
72890,0.0011156168483865108
72893,0.014537725549321352
72899,0.03591128508671152
72900,0.054425330376427876
72902,0.0025038267296250078
72903,0.006208515424614592
72904,0.014979882120806993
72905,0.01671073452889715
72913,0.016346402450456977
72914,0.011000451024312357
72917,0.014373732355291267
72922,0.007174300321779535
72925,0.6470398671902001
72927,0.010218433749079416
72928,0.0001669388342165637
72929,0.003312566322216881
72932,0.00310397344970958
72934,0.0006758335549401111
72935,0.004578614286367258
72938,0.006497436939712174
72939,0.0035722758086086403
72942,0.0008262239323165506
72943,0.016942048792327545
72944,0.6331809593421138
72947,0.020074767077766488
72948,0.013846462088380453
72950,0.0015710589968286127
72951,0.0006385678329268169
72952,0.0007400725031320005
72953,0.002789348993704028
72954,0.0008958120594095071
72956,0.001967281001641326
72957,0.0017098850707138857
72958,0.0013166864809241545
72961,0.002340344745962567
72963,0.030947690811768555
72964,0.004505532830379002
72967,0.004355320741581606
72968,0.0008029265802215129
72972,0.003329181885887248
72973,0.0015330162212285803
72974,0.008979081751971013
72976,0.000813112044955924
72978,0.0007518631655550086
72980,0.006729370602191432
72981,0.0011591323754223145
72982,0.013616736681270865
72983,0.003453842534690751
72984,0.002411390835065298
72985,0.007476042992418395
72986,0.008052259945416307
72988,0.0017887691301376194
72989,0.007341098723335
72990,0.008240815746084377
72994,0.0015552014886157021
72995,0.0011469917889540293
72996,0.005597604364548656
72997,0.006535100742007665
72999,0.001795252779103072
73000,0.009613863886642583
73007,0.004974357548071684
73010,0.0006307598252460423
73011,0.00033698570173326426
73013,0.0014996404697831625
73019,0.0012836818843234821
73020,0.005940262826977341
73021,0.004519909086457517
73023,0.0009856969396147192
73030,0.0014197086023690036
73031,0.0051858333815394285
73032,0.0022740281602720157
73033,0.005206352658961987
73035,0.009488274026666294
73036,0.012429455756828101
73037,0.35611424865762986
73038,0.002023859022300616
73039,0.0011830198325493303
73040,0.0005227880273382877
73043,0.0016636146292521691
73044,0.014850774604981699
73046,0.0013661605089446249
73047,0.004806213893479126
73048,0.0015485719481121126
73050,0.0025527817115129645
73053,0.0031528611381069
73055,0.008919612390955001
73056,0.0038715458588178407
73058,0.002228608211332706
73060,0.0019114429248983135
73062,0.004192145313140121
73063,0.0031722740123013705
73064,0.001445154456986728
73065,0.0010154998850389848
73067,0.027871538513426896
73068,0.0032583133844470607
73071,0.0011981268073293309
73072,0.006676028565172081
73076,0.0032609016896978397
73078,0.0011552127277310122
73079,0.0018021350316497744
73080,0.0016960971557990249
73082,0.5412681800714146
73084,0.0013809213999836155
73089,0.002927958323607141
73091,0.0008764573180535414
73092,0.00133350088220504
73095,0.031228930944689794
73097,0.19107611961069354
73098,0.014041081358013751
73104,0.004541907454828753
73108,0.0014221512291372521
73109,0.005632241451248062
73112,0.005529809096598965
73114,0.00364911836232502
73115,0.001318323414640292
73118,0.0024788261734040133
73119,0.00194417073082014
73120,0.00036470450324585084
73122,0.05100043136829845
73125,0.008624228338778404
73126,0.0016506004575245097
73127,0.0011940724488557904
73129,0.002109031691088991
73131,0.0006932145471203957
73132,0.0019489177237225997
73136,0.0028305413766302545
73137,0.05672482971722629
73141,0.0034830846356969734
73142,0.002599407674093333
73144,0.0026342847742837493
73145,0.0025006528672453054
73146,0.023127621269734628
73148,0.0020138119613095596
73149,0.0013075630475231274
73151,0.0011555873152937664
73152,0.002649322309648674
73153,0.001381127501408405
73154,0.003410209561994826
73161,0.0014415827861253322
73162,0.0023771760158745464
73164,0.0005945893546700149
73166,0.006722066801443521
73167,0.010229408581501162
73168,0.000557481887456314
73169,0.0028894989462060145
73170,0.0010845189805741063
73171,0.0010581245056003048
73173,0.0014564124049738256
73175,0.00972716149633431
73176,0.012487798406238811
73177,0.0016215283173637914
73180,0.007328026245200855
73184,0.002014274427725854
73186,0.001799321660169785
73187,0.004098538337651135
73189,0.008211187722052647
73193,0.010767281100488824
73194,0.0012043697065370336
73195,0.004799332300706476
73196,0.00044073552358521505
73197,0.0068418933946387695
73199,0.0047230652565120506
73201,0.002410273207550419
73203,3.0568257220102086e-05
73207,0.00040241854603867785
73208,0.0014514764521457403
73211,0.0055288237740493615
73213,0.43832859015177617
73218,0.0005345284734628649
73220,0.01430729788841689
73225,0.00043252225590388
73226,0.015842005460316624
73228,0.006245180205660648
73229,0.0008103455313713258
73232,0.0012469223314847955
73235,0.9327686847326436
73242,0.002668687254388854
73243,0.0003320702675179564
73246,0.0044914892426563685
73248,0.007861127477586176
73250,0.00547384215113156
73252,0.0007942931513160666
73253,0.0009234677097076166
73254,0.0029570731805464968
73255,0.0004106314137609983
73257,0.00377813216151768
73258,0.0008897265241334876
73265,0.0036456453573942564
73273,0.0007201213730181166
73275,0.5550002073199694
73277,0.002048205977113398
73278,0.023526099001366853
73280,0.0005472339390639078
73281,0.0033694940479496115
73282,0.003933144149246161
73283,0.0019534997651953507
73284,0.0006405177731849788
73287,0.0009333208381705121
73289,0.6121976104852406
73293,0.0016335981909792734
73294,0.0025565010971317324
73296,0.0021808152272198966
73298,0.0019058214964120775
73300,0.0015386795567059793
73304,0.0032216303106037862
73306,0.002945692636541934
73311,0.0005884780141528812
73312,0.0007732215231216922
73313,0.00268387320605412
73315,0.0035857150521758645
73318,0.0015786693946936556
73319,0.0008592164080262011
73321,0.0014073114429323723
73322,0.0019380517173441638
73325,0.0016199173868903676
73327,0.002834396428433475
73328,0.00038485629661142465
73330,0.0007061387927264124
73331,0.0010014659987414862
73332,0.000510742570295122
73333,0.0005054598421200632
73334,0.0004968631994303046
73336,0.004627478390704973
73337,0.00613999214043188
73339,0.0033519131908952685
73341,0.012077828593309116
73343,0.0020392666366401803
73345,0.0012657774395989415
73346,0.002240765967343691
73347,0.012358332411324916
73348,0.0017635806661290847
73353,0.006121915185051482
73357,0.0019496477482093902
73358,0.0011615227530896045
73359,0.0027352827316819853
73361,0.0005431294207217438
73362,0.00043998226258304564
73363,0.00022696444499316953
73367,0.0068785783271536
73371,0.001469576765968841
73372,0.0006198102171454418
73373,0.002754931360008136
73377,0.003589473722332845
73380,0.2800849502400046
73381,0.0016074308720091406
73384,0.005075277650775582
73387,0.00067021225115268
73388,0.0011066522823891518
73389,0.014579825937045104
73390,0.002604117277204244
73392,0.00026591572822349006
73395,0.0021322570629195357
73396,0.0056196839659121796
73398,0.04048390320132292
73401,0.002149112076989047
73403,0.0030097554366122136
73407,0.0011654859182145046
73408,0.0006258844807121095
73409,0.0042996597531783105
73410,0.001457962066077991
73414,0.0032698893428087287
73415,0.005835442284221392
73417,0.0014197317158622623
73422,0.002581436885819939
73423,0.007337190247103842
73425,0.000545427380592278
73426,0.004966335810308404
73427,0.005143229125005434
73428,0.00333548679834601
73432,0.005339367136146928
73433,0.008269362105745574
73436,0.0005301548806042634
73437,0.0021587908775567276
73441,0.0034663330217329907
73444,0.0008949076437679716
73446,0.008737568110764406
73447,0.002933279577804931
73448,0.0024752810636904992
73449,0.2856245564106412
73451,0.5199417166991924
73455,0.0032872617944690137
73462,0.008043199712800894
73464,0.01704838646714846
73465,0.8823702596759714
73466,0.004237363953209018
73467,0.001563780360290107
73472,0.0012236163946142866
73473,0.0012027760187855322
73476,0.0014291130637459697
73478,0.002657797372950178
73479,0.03359712191346365
73481,0.005931290948256124
73485,0.005057701716031586
73486,0.0007038404463074945
73488,0.0016670048586379341
73492,0.0011971158337565084
73495,0.006908631032790667
73496,0.010803862908102006
73497,0.0007215826924597462
73503,0.0003907695954343347
73510,0.0010648628752498138
73513,0.04434264774669531
73515,0.00778989362523869
73517,0.12446721380978559
73518,0.36514565692443773
73525,0.002075666854314267
73526,0.001959892654500242
73533,0.004618073758827547
73536,0.08665190000157749
73538,0.0014360235102316527
73539,0.0009672031396437462
73541,0.002275544001534026
73542,0.0010107606656172806
73543,0.0007757960726029852
73544,0.0022312073084379187
73546,0.002473574254786457
73547,0.006946675593036849
73549,0.0010418757991502627
73552,0.00106781932329416
73554,0.008090201423417542
73560,0.0011208985660542397
73561,0.006122050598802931
73562,0.29352382291077944
73563,0.01642433878193653
73565,0.018413462121739936
73571,0.2757134366104708
73572,0.002204227543018633
73575,0.00267011823234816
73577,0.02423793671156653
73578,0.00681097220739436
73579,0.005186761317654114
73582,0.006524819141917524
73583,0.0014724776793861593
73584,0.0014950136398591725
73585,0.0009745492636792591
73586,0.004069300095163099
73587,0.010174879902216692
73589,0.0569197531519678
73590,0.023695385587186518
73593,0.003097418855256072
73595,0.1266655648203625
73598,0.004424276647666859
73601,0.001746870098717305
73602,0.001713300699100398
73603,0.003244167122797159
73608,0.006592617429748522
73611,0.007081159099348583
73612,0.013137785894166884
73613,0.0006461692851419284
73615,0.006597372410285861
73617,0.0012346108464903107
73618,0.021445278171258072
73621,0.004950942146249631
73623,0.018305046559592548
73628,0.002380245356096263
73629,0.0007819283562530451
73630,0.31567598610762565
73631,0.005789676567711553
73634,0.005574478519103051
73635,0.005252823104167245
73636,0.004311021831515719
73639,0.019553602730611484
73645,0.0030823948478700784
73647,0.007331938404550747
73648,0.0051066316551540555
73649,0.0024993208588130716
73650,0.018662434487021828
73652,0.009746388411940785
73654,0.001400905155162463
73655,0.0008520568462369239
73657,0.0034251671159034303
73658,0.005856691694988615
73660,0.009073490583308365
73666,0.0009931508924628958
73667,0.001722316670793417
73669,0.005902901829751446
73672,0.00457629402080317
73674,0.8736907445343656
73676,0.004447976490880883
73677,0.0007624078105968009
73678,0.0010101327658006511
73681,0.004877630900843598
73682,0.0006192627892261209
73686,0.38292569075103694
73687,0.0048664248699983575
73688,0.0032208666754025266
73689,0.003121240543983734
73693,0.0010369165688757602
73694,0.0025049980589428892
73695,0.00242829216661177
73702,0.001887070249466913
73703,0.005463906315077026
73705,0.0029840763235587623
73707,0.005380699412842901
73710,0.005810956975835488
73711,0.0004994900079492042
73712,0.008920920033496368
73715,0.002231484694265176
73719,0.007622722384809497
73721,0.003091904853443826
73723,0.25274208269452164
73725,0.001171178872000498
73728,0.0014876717420554805
73729,0.0022937161037655312
73732,0.0029863455679413234
73733,0.003368569440113449
73734,0.00026785500357201015
73736,0.0010251422086437695
73737,0.015249776649112286
73739,0.001342655525278708
73740,0.0012185897551403187
73742,0.0016736675822696325
73747,0.0033450438301924896
73748,0.0032690696230786515
73751,0.0007678563106308958
73752,0.00438359745594902
73754,0.0031368098347162084
73755,0.0024301111317347013
73756,0.0036832505902357733
73757,0.008831701180567928
73759,0.018690202044103557
73763,0.7702949123557574
73765,0.7320465822776167
73769,0.004355833341317708
73771,0.0020247667121802582
73772,0.025178090775230703
73773,0.0011929696425794856
73777,0.00751889404009397
73783,0.0027125498793881013
73785,0.0007310536938437936
73791,0.000595944139488997
73792,0.18407812186338776
73793,0.005706140204712369
73799,0.00320342669070436
73803,0.0008324931834831578
73807,0.006667669652990365
73809,0.0050590168987739385
73813,0.0008036094149180156
73814,0.10361523316307003
73816,0.0008744079995129014
73817,0.004502221967116011
73819,0.00178379180875611
73822,0.00420473904211031
73823,0.004177796674266103
73824,2.388688806925538e-05
73831,0.005815431020280098
73834,0.0005354766941400321
73836,0.0015659529249936824
73837,0.0006550777329212689
73840,0.004506087127725075
73844,0.004692362721004702
73848,0.0007591336140363599
73853,0.0032911019902449492
73859,0.000573197561856493
73860,0.002236080288998447
73862,0.0010026243489484605
73863,0.001134622693163569
73871,0.0005208996745247025
73874,0.06087073916780125
73876,0.014138745051773273
73878,0.003341797636774872
73882,0.008228277467384502
73883,0.004626206182705526
73887,0.01572208605682137
74060,0.007547464595650379
74061,0.0071630255246802116
74062,0.0015841836884553317
74063,0.0042567387536418776
74067,0.0019961666110147607
74072,0.0015044983297887223
74073,0.006569548183774748
74074,0.011376283938190828
74075,0.008417868839586076
74076,0.0065651958589221775
74079,0.017690925100509153
74081,0.004390708154067445
74082,0.004320647052833775
74084,0.004134399096625171
74085,1.5863938313830318e-05
74086,0.0004828143217605092
74087,0.002357691678011218
74088,0.0009638079795517167
74093,0.048210142182299014
74094,0.0035508914099753
74095,0.0017778556671137315
74097,0.001655451302344733
74098,0.0029343025165303603
74102,0.0005086306930833169
74104,0.006065004853583908
74106,0.002335307534159749
74107,0.005039261381048294
74108,0.005836017157908702
74109,0.00524560840563409
74110,0.0011111784564526042
74113,0.42443443729299996
74114,0.008972482834324579
74116,0.012763663015065757
74118,0.002574564201563997
74119,0.0022845044721245696
74123,0.003757086220754265
74126,0.006267234925191168
74128,0.0013842466047808615
74129,0.002012403438468049
74131,0.0007203691028133645
74132,0.0035527243078337834
74133,0.003404830845965737
74134,0.0034214705160616875
74136,0.0020437894658846653
74137,0.0029698900562138094
74138,0.002052921371347405
74142,0.0031769175273901012
74143,0.000992345912690976
74144,0.0012796382018720562
74145,0.0038131783391357746
74146,0.0024194021034666183
74149,0.0026587190801951486
74164,0.005411281800983019
74168,0.0005303116976895342
74180,0.00694304876045978
74181,0.04697338099493933
74182,0.012234990908606259
74189,0.00937105409557079
74192,0.04445763526851135
74194,0.01752093603780985
74199,0.0013202469593014392
74200,0.0006690104718131078
74201,0.00380284041485648
74202,0.0038303039821740237
74204,0.008581430094056866
74213,0.00402495701338413
74216,0.0006984569871048927
74219,0.008906538091161764
74220,0.009938175518032276
74223,0.0004748248272042398
74224,0.0010360068305177452
74227,0.0038108208753770715
74228,0.0018170601989703544
74230,0.0024595428866035027
74231,0.004903897060440167
74232,0.00606794206385566
74254,0.011586578335104514
74255,0.00023493391306517948
74256,0.005257800967912075
74257,0.003305596575588842
74259,0.002128188426518709
74261,0.006126887929811567
74262,0.0020829660092393093
74263,0.005820277611203563
74265,0.012130677440803823
74266,0.0024315693487837555
74269,0.0028583790244994956
74273,0.0007723441330419379
74274,0.0003266275842542302
74275,0.0032190014600056334
74282,0.0055324631858821305
74283,0.00853521236043652
74284,0.001172541010757635
74285,0.003613887169401566
74288,0.014457607207171316
74290,0.007655481377384949
74295,0.13231510556895615
74304,0.16138851627306455
74305,0.0003621354414134014
74306,0.0242354160404497
74307,0.002800817205192458
74312,0.0009486624358055964
74313,0.001550500136893632
74314,0.0012949349992086806
74317,0.0025042261534391807
74319,0.0012906672952272948
74320,0.7695000887319794
74322,0.009432022464474252
74323,0.05591884416491089
74324,0.014213693566899437
74326,0.0009722671480032384
74327,0.003181367207753318
74330,0.0021559507809522037
74332,0.07976918201999035
74338,0.0018893746277993575
74340,0.005082961005669911
74345,0.006735742943003385
74348,0.0007086662352313754
74352,0.007055921414507586
74358,0.006428683266528574
74360,0.003867623768631924
74361,0.004149909057144514
74368,0.01677614705822478
74370,0.0024824247130828757
74374,0.002708011026848287
74376,0.006765376414361812
74377,0.0038518767234080532
74384,0.016805841422985867
74388,0.015265874924063956
74390,0.002331700650435704
74391,0.0012542258200324034
74392,0.002562682371083962
74394,0.5597400357759076
74407,0.00040973028618670055
74408,0.005601770318677334
74409,0.002691865158408601
74411,0.008366657931112863
74417,0.005475385770964658
74418,0.002896515165350313
74425,0.004286609479565742
74431,0.013097525867189713
74433,0.0013424238595740711
74434,0.0004896326671937119
74438,0.02174141177488706
74445,0.006418403930196871
74449,0.008326970031766641
74455,0.5304963339226588
74460,0.002407185653773398
74463,0.0002589390598939038
74466,0.0007013487424110995
74473,0.0016941495873550071
74481,0.0029746278267559294
74488,0.010853306653905999
74493,0.018345763461423824
74501,0.0008739706622083805
74502,0.014752375332891827
74503,0.0008034207085955748
74504,0.0002992432803410169
74505,0.002355930540527796
74506,0.00244971900129184
74508,0.0013428902478490894
74525,0.004154670630746101
74531,0.002377306066085618
74535,0.0038441267292805576
74536,0.02633421035036109
74539,0.0013651597238826952
74550,0.003134111481092517
74555,0.0024067121895719836
74557,0.002054830656929318
74558,0.004932590306642265
74560,0.0001514255680207435
74562,0.0024293973717772377
74563,0.024814049719806983
74574,0.012048531184651708
74576,0.0016013407075207808
74578,0.001915440389796524
74579,0.004985469030935117
74581,0.005379869953368715
74582,0.002755030230947337
74588,0.004109897429531992
74590,0.0008635889360695376
74596,0.0012416460858522401
74597,0.003232159941590691
74599,0.020700306913965696
74600,0.003529551183021937
74601,0.0005058728144315375
74609,0.010654667474252439
74610,0.0016858804802348099
74613,0.00010326097811229985
74625,0.0011297756413218571
74626,0.000804444329599487
74628,0.006541057902303941
74629,0.002867454730600394
74635,0.014437318935878525
74636,0.004078681553211032
74638,0.0056428668923611995
74639,0.005325967878672421
74641,0.0026307837551457986
74644,0.15393706745553928
74647,0.0026114273638634788
74657,0.002065581544199454
74658,0.0015614071012727301
74659,0.0009613935782301682
74660,0.0016006985985719483
74667,0.0023590945202888926
74675,0.015997474605409946
74676,0.000552340579097067
74677,0.005225578568672523
74686,0.0020441538967631125
74687,0.01668983117059775
74688,0.0015666144005432418
74689,0.0018354259122385806
74693,0.003123079776932815
74695,0.0023319519149255768
74697,0.029365162492253873
74706,0.014762953125157519
74709,0.014913770927282972
74712,0.03653172283854941
74721,0.006150466390547616
74729,0.002985255297458758
74730,0.030236159323641917
74738,0.18982442768967664
74741,0.03703642940989492
74750,0.0027777252236548516
74755,0.005174216036502461
74756,0.0045493052869540595
74758,0.0025179568006023618
74761,0.012188263598852656
74762,0.010044319400942503
74765,0.002596819764112786
74766,0.6091033930780566
74769,0.005363458638097333
74777,0.8872772481373805
74778,0.13237142550703226
74780,0.03215623545253353
74783,0.0032724576137632584
74785,0.002799660220265771
74795,0.007704707922124563
74797,0.0024449399756555157
74799,0.007260613529817077
74804,0.0038772193649853387
74805,0.0030633222809973524
74808,0.0011589742255527248
74810,0.2663633499465248
74814,0.01881337653947845
74824,0.011976048827670407
74829,0.00027982587463393254
74830,0.0031451547153960742
74831,0.006675423960141619
74834,0.007053568201504124
74837,0.0004454907410667189
74838,0.0009826444145815117
74857,0.0024413849449156067
74860,0.005701701589002072
74862,0.000997287389772755
74871,0.017178222352211992
74873,0.0038266496384879896
74878,0.004135842319596592
74879,0.0016707893077908481
74880,0.0021282784899776305
74882,0.00032570356971193176
74883,0.003932747426139818
74885,0.004971339466448436
74892,0.22223580899950407
74893,0.0035354724464590798
74905,0.0035392213877016208
74912,0.06161977343133135
74914,0.002136547397097138
74915,0.0009094608314964406
74917,0.0028799702251147644
74920,0.0063126754274087146
74923,0.007563608205224446
74924,0.0018123397567108837
74929,0.005483694683445699
74933,0.00036289662729975
74934,0.016352766114203665
74936,0.0024948743112204533
74938,0.004244781062432492
74939,0.0019101720449289762
74940,0.013436244240545568
74942,0.010448034642691756
74943,0.009757651960049147
74945,0.0017482025424421256
74953,0.0018426545611323398
74954,0.019234939313819747
74956,0.011853328883091869
74958,0.02223818643374333
74959,0.14840597707499528
74966,0.0009950897175798347
74970,0.006281764722053021
74971,0.002784732409707999
74973,0.0009510638969344024
74974,0.000817258966429685
74975,0.0025923909784233267
74978,0.0034710597728049497
74979,0.002595223611758784
74981,0.9363204251495937
74990,0.1291386125148297
74992,0.014263556220184282
74998,0.0035695947157481332
75006,0.003655480596199069
75010,0.006894459600129688
75012,0.002054676823085022
75021,0.009184497981303207
75026,0.024755536123025904
75027,0.25743772887481714
75028,0.0040902387336986595
75030,0.0016941472937845796
75036,0.004629286639219827
75042,0.0026799510782318445
75043,0.0003720324513750323
75044,0.0021907868044199227
75046,0.0003437801924328328
75047,0.0001358304917380831
75049,0.006713347928359349
75052,0.0024567178026858208
75054,0.0026189123695566814
75057,0.007633090093007882
75062,0.016814458544909386
75063,0.008238529638026524
75066,0.005505035325788797
75068,0.018486457665496746
75069,0.0006793806071729437
75077,0.0033903983330188896
75080,0.0037703398774066713
75081,0.0018064802920695494
75089,0.002165557044731471
75092,0.0012481046390318007
75096,0.0003750992241331704
75098,0.003709707526322689
75101,0.0037879624966664026
75102,0.0026076432908294636
75103,0.0020322638348053115
75104,0.00796035821406752
75109,0.0024018311700074453
75110,0.0010669204272926295
75112,0.0036064527047147904
75121,0.01825199508174119
75125,8.887675816273648e-05
75127,0.005657662556519246
75128,0.018322707099206803
75130,0.026935657246457658
75131,0.000917195850286969
75132,0.005368558014705837
75133,0.009928295352280025
75135,0.5118142617916365
75136,0.0006467282484988796
75137,0.0034388530378831367
75138,0.0008295381945303941
75139,0.0230228600712009
75140,0.003534679156337696
75148,0.005416384352174216
75150,0.009363565394427372
75155,0.0017353023647852335
75160,0.011220984352189494
75161,0.002501022263092109
75163,0.003901267612355541
75164,0.0027891122621598544
75166,0.014028805552282135
75172,0.001069986367787126
75175,0.0025800200484164208
75176,0.001017300069765297
75179,0.02277677652846395
75183,0.014317527176134154
75185,0.006393922374957507
75187,0.0071467298552093115
75188,0.006048039325168025
75190,0.014110936731270458
75191,0.0002931788739099562
75192,0.012857764584966663
75194,0.02497792176547483
75206,0.0029831991940581894
75208,0.002782223472825406
75209,0.0013740403771419576
75210,0.0006658412723980568
75212,0.006044217756070692
75213,0.0026658555857924943
75215,0.005854625877518694
75217,0.0026518659628138753
75220,0.004901370173317054
75221,0.0292041710079768
75222,0.0015247598447576424
75225,0.00022334396373306113
75229,0.0034635333240174626
75230,0.0008554956668727398
75233,0.00334144065155973
75240,0.0006851918299038427
75246,0.0278132339669984
75248,0.001214096041368671
75249,0.008110293855976461
75252,0.0007504429686317522
75255,0.003403741458858256
75258,0.004204560684832803
75259,0.003651414840960979
75262,0.27629329877815223
75263,0.010341248093455059
75264,0.0021137439921998613
75266,0.41485229176289956
75268,0.9641741316631882
75269,0.720860208627605
75271,0.013048233511813893
75272,0.0038337407145691235
75273,0.6516231084586297
75275,0.001375015134398088
75288,0.0006831202315572321
75291,0.004465455622231259
75292,0.0033513192414974546
75293,0.004833545608436022
75294,0.005973555338427945
75296,0.02017640308071494
75305,0.0020520115931682704
75306,0.01166560404205813
75307,0.0067172084939999
75312,0.008245680471922178
75314,0.0009307646347255786
75318,0.00029737812093099335
75319,0.0016150574597829084
75320,0.00083069261582019
75321,0.001577923294723832
75324,0.010259442757060271
75325,0.017601559164688394
75326,0.012341142767412303
75333,0.0033043493049524264
75335,0.09717841667577426
75338,0.0011194174600667323
75341,0.0023090232291312443
75342,0.006224205783249854
75344,0.0005702695020996293
75345,0.0051419635539402325
75346,0.020459259176416913
75348,0.0007109075905811611
75349,0.0024021622957841734
75353,0.005451982314001883
75357,0.004423254034811832
75362,0.009320069817102393
75363,0.004245043129702025
75365,0.015736560688490376
75366,0.005208208187848541
75370,0.0008857048470773642
75382,0.0023986346693837305
75387,0.0006649829818826483
75388,0.6113995365788772
75389,0.0005060060997213377
75400,0.0010895195622296699
75402,0.01850945840885046
75407,0.00715639152657504
75408,0.004552623784133269
75414,0.0053012276482536
75416,0.002448246815793671
75422,0.0028064139025583265
75425,0.023294352282753228
75430,0.001203241431012228
75440,0.05956303412841207
75442,0.0024172096511014597
75443,0.0014657699286520173
75447,0.013612537885577206
75449,0.004893976124623577
75452,0.1256556624544077
75460,0.0011064405657238905
75462,0.0328317862775168
75463,0.011274663670644433
75465,0.00832443465708386
75469,0.05537131631723405
75485,0.0038679153193828825
75489,0.001586352108174908
75491,0.0022467435151461617
75493,0.002257358540269394
75495,0.0015396769911222529
75496,0.0008383430586107456
75498,0.012929774203859223
75502,0.008325842389304224
75503,0.0032800171429276455
75508,0.0029641627441273806
75514,0.0030409786354856964
75516,0.0075155124855165265
75518,0.010281471122426953
75520,0.0061291817373550364
75526,0.0017571859507592256
75529,0.009564029999273334
75532,0.0034838231520314495
75535,0.0007785351734320001
75538,0.010053031279564743
75544,0.0028520179808520464
75548,0.005782529627005418
75556,0.007483159997141604
75560,0.008229482050161687
75563,0.003195909309332457
75566,0.007257088020862292
75567,0.04166605986459596
75568,0.5245142455249318
75570,0.016566874055608895
75574,0.0027212155684662727
75579,0.0266032443952744
75599,0.011163608053660432
75603,0.006195650886397704
75607,0.5198133013963184
75608,0.011290933316273727
75609,0.7273736144005024
75610,0.7234664528910619
75611,0.010474807608821027
75613,0.0030958628945216646
75615,0.021831990060485962
75624,0.009116732788705213
75625,0.007940082287924796
75626,0.002392116133972281
75627,0.0005115465686639404
75629,0.016552684627512776
75630,0.0012898506593549963
75632,0.0010377769044485133
75633,0.0005915391378898021
75635,0.0031471935556039226
75636,0.0015052252958700715
75637,0.004887432232632153
75638,0.6877233539476736
75645,0.002542348391044419
75647,0.007537602944832291
75650,0.004409458471068805
75651,0.009147618252407128
75653,0.0065850455640602944
75657,0.0006954099095197128
75664,0.005538696862734533
75669,0.007057144586316314
75671,0.0014176678899583363
75672,0.001058762469247734
75677,0.0010109310962147656
75682,0.0014438786019943394
75686,0.18288800504038458
75692,0.004005671509612664
75698,0.012441372028455064
75708,0.0007447013277204448
75718,0.005442697573919777
75727,0.00759837515487024
75729,0.009882563486108432
75731,0.005610176033742503
75732,0.04539273284092697
75736,0.0013980954364378572
75738,0.0026078735252805605
75741,0.00443169849670352
75747,0.01968588940220265
75750,0.9756488020922295
75763,0.0018929813115253849
75764,0.002149863511569757
75765,0.004471585235554491
75766,0.0018171534403277352
75767,0.0037807229919940896
75769,0.009533445098214757
75775,0.006337434080432493
75777,0.005563881183617876
75778,0.009335435344966676
75783,0.0037818203637734592
75786,0.00047971088833251004
75789,0.002903150188718543
75790,0.0018382487241566184
75791,0.0013269374146701535
75795,0.008045606513087061
75799,0.0013428685055275138
75802,0.003841175117983431
75803,0.01757161623496992
75814,0.014826460075409775
75816,0.03514776673233636
75819,0.002107365544171755
75823,0.02803989618698541
75825,0.0005329142514916603
75826,0.0013069977547843865
75827,0.0008931364955985323
75830,0.009354994711455886
75831,0.006043319663724293
75832,0.004259432285510013
75833,2.7343598314884503e-05
75835,0.0002283849558685332
75836,0.00464359233466631
75837,0.05897642835573236
75841,0.00854727980022938
75843,0.021573751811321578
75844,0.0016072618290930542
75847,0.0005546332699487338
75848,0.01797910255684446
75850,0.006668951144641348
75851,0.005924136977275555
75853,0.004186240266253076
75855,0.00455653353918185
75856,0.001458734110174252
75857,0.02051583678180391
75859,0.00014314171538021457
75860,0.0008883719967978009
75861,0.002169352801178078
75866,0.008317644118129956
75895,0.030585642559905847
75902,0.002529058110018753
75905,0.0010074832920694337
75906,0.0017547523308047458
75919,0.0030083798966364715
75928,0.020364854317780044
75931,0.02134936355698474
75934,0.004288029854079695
75942,0.001955575846011568
75945,0.0008861238432056243
75946,0.0034307320398610694
75948,0.0072706878114888
75966,0.0064834000581463665
75967,0.00211682066467806
75971,0.0007811686816598861
75978,0.009192157368361306
75988,0.0037974066678166728
75993,0.00044169411640179154
76004,0.028741836959957454
76008,0.003626323673182763
76017,0.000883703857546935
76019,0.00201007625210153
76038,0.0062973497080100515
76044,0.0005450945540171974
76047,0.008207517285655382
76054,0.003119266623484423
76056,0.0034850870496800084
76057,0.013959520772315109
76062,0.0031617915824830884
76065,0.00485600419220719
76079,0.002356045978090709
76087,0.0015431694228411595
76089,0.11537166114758088
76093,0.012303475312807578
76099,0.8666805482505685
76103,0.012715885736445368
76112,0.002912387401060253
76116,0.00014290973186742738
76120,0.015867907224042688
76123,0.00045293616201590723
76131,0.011623573164960066
76138,0.000469647751888297
76143,0.003140791600060846
76146,0.0025534464683028054
76147,0.0054257998281291445
76164,0.0038164016231311527
76167,0.0020154525187436414
76173,0.0033105829825044457
76177,0.006192574573440701
76180,0.0014299604878830665
76186,0.034767767165245066
76206,0.004708838578152266
76216,0.3278041621680285
76221,0.9013337238818138
76222,0.7730677592541494
76227,0.02622305055943775
76234,0.02054669092906255
76240,0.0016031554127466554
76253,0.008376399122301766
76265,0.00098014540152787
76266,0.0031488731645423363
76278,0.0005767115594329912
76280,0.0024773600835985747
76285,0.0004404783278705019
76290,0.0017807522425940844
76294,0.0029861700542104957
76295,0.0016389015854631475
76296,0.004176557338682709
76307,0.012116223100831673
76318,0.0005379705820575207
76323,0.031078167515244743
76324,0.00468544394448552
76325,0.0031976151945955797
76327,0.002524019694897932
76329,0.0015133020454533982
76330,0.003995248595475176
76331,0.0017313035585151126
76333,0.0036498358997743255
76335,0.010818774209313075
76342,0.0343071727374307
76345,0.012612170056330502
76347,0.07485581616912428
76357,0.0005992887860916339
76358,0.0005632885248265991
76359,0.002254686127859996
76362,0.003937825821081566
76364,0.011049453132034752
76377,0.00358464427245228
76381,0.011762446584975432
76383,0.0027791578721681233
76387,0.006384628825090147
76388,0.0015720482458152576
76391,0.7976535121914172
76395,0.009020444152101455
76398,0.4609800462263188
76413,0.003244968086143112
76416,0.002953858020015379
76418,0.002608204245590973
76419,0.005122940768649301
76424,0.0009661385652834201
76427,0.001328613007611288
76440,0.021528714342070394
76442,0.0024929649935138028
76443,0.011794839925778103
76456,0.011219526316110603
76458,0.03579784588154519
76459,0.0021922549693860903
76469,0.02157088587414284
76472,0.0034620039233915945
76476,0.0010218871875477165
76477,0.6767342794153142
76486,0.29836430723763396
76487,0.6388572142296379
76490,0.010307901344534692
76492,0.029267781528794664
76512,0.11701173438062379
76515,0.0012013820523432037
76516,0.003038310773087602
76524,0.01434746147241818
76526,0.0006475456704402317
76527,0.0068284054143578
76529,0.036002409168595303
76533,0.0026286176511364535
76541,0.0035883327768519023
76544,0.0016864325342222184
76547,0.002476327930106159
76557,0.0069931033036937495
76568,0.0010174566370477788
76578,0.011236863148319022
76582,0.04035851722837154
76585,0.0009755794640775902
76587,0.0031907442966290986
76590,0.004764700993347721
76591,0.0024080764552755845
76592,0.009131486568563572
76594,0.0014709392645681518
76608,0.005496099539589737
76610,0.0038870007614777587
76618,0.003456208747559784
76638,0.08670102186415489
76646,0.011790567037852322
76660,0.005469540873140665
76663,0.005273423965311614
76672,0.0035731509228445727
76682,0.002632506580885129
76690,0.04395749595761934
76696,0.038586019234725676
76700,0.008633528218330168
76707,0.003260617507008721
76710,0.0030887357229076643
76711,0.001428056331047798
76712,0.007453109281651306
76716,0.0034775763560758346
76718,0.009646198532540184
76725,0.03420198544909659
76728,0.017850847898443326
76734,0.0030248422757770026
76742,0.003168350142728624
76744,0.008951704208894897
76748,0.003655108683335951
76751,0.008665802376104434
76762,0.004340736453349917
76765,0.003141645935369514
76767,0.0037995903149554305
76768,0.007211133915558889
76769,0.0006851758987451135
76771,0.00303052313626785
76786,0.8291085703498522
76787,0.38289642361331333
76798,0.0004563433779153719
76799,0.027998647576792726
76800,0.015912876292308916
76801,0.0007871570395443641
76808,0.00738041041435044
76816,0.0010309449947378132
76817,0.0021344037083098353
76827,0.0016284538365849428
76829,0.011077677912693101
76830,0.002809797946906316
76831,0.014699751586295254
76841,0.008175269470116956
76843,0.0015190767602152621
76851,0.004113669034624375
76852,0.0018227561866350794
76854,0.0024378147700468912
76861,0.0037536440030046503
76862,0.00866373094732029
76869,0.0009271473634258712
76871,0.0004628116675307724
76881,0.0049426508596328664
76882,0.0288337281764863
76884,0.002287092316173554
76900,0.0011811743475617321
76902,0.009028707264722815
76906,0.00278182797207433
76913,0.018433171916462078
76916,0.006832986712794108
76917,0.003694090603962988
76918,0.013939476500312707
76930,0.0013820722758069788
76936,0.0017856643381638606
76938,0.0008850599127881869
76948,0.0069405083602095425
76957,0.0030623073377806583
76958,0.0032670187269758723
76959,0.0012295646765235865
76966,0.01340631949415274
76972,0.5600025049436179
76975,0.32367348401414314
76979,0.015472386018180014
76987,0.0019534759585539785
76989,0.002714991180886293
76994,0.004245823788762057
76996,0.0067459454519570505
76999,0.0016416334857149053
77007,0.010333223259550505
77010,0.00453331360122011
77013,0.03240776146791489
77022,0.001780950250613731
77024,0.008704076323379464
77027,0.003533900893625808
77030,0.0034052758273973487
77039,0.000681960819420118
77049,0.001990410506364986
77058,0.022424296270962103
77061,0.002279050422067967
77069,0.0026501825244511436
77072,0.005375600549745049
77076,0.0018868706989161408
77077,0.011452362724351352
77080,0.0021172242283627745
77081,0.28050484711664814
77084,0.7352596325149439
77109,0.032638791389017874
77124,0.001441846116354569
77136,0.018213803552963745
77137,0.011268799609004747
77138,0.004342565279756993
77139,0.005749672332828599
77148,0.0052136546936157255
77154,0.014356087029879635
77155,0.7333135325426847
77168,0.0004808809938419319
77178,0.004407935505232916
77183,0.1004166167201916
77185,0.0016393218289737122
77189,0.0021223977860196403
77190,0.005373987218816436
77207,0.0025517592385053385
77208,0.0015441528489094495
77222,0.00161388250267674
77223,0.030735277215892684
77246,0.005388136098930895
77247,0.007040707898345222
77250,0.015208818072181666
77265,0.0005196144752343083
77266,0.0010301190629410453
77268,0.004532259147412912
77274,0.0042120020264293625
77275,0.0019056613710254277
77282,0.5975434025671041
77294,0.022481765786859592
77304,0.041690756011172274
77308,0.001969319069214223
77309,0.009927083705983943
77311,0.0003978133590798493
77312,0.008760275235175667
77330,0.001543493843346444
77333,0.007553557786906654
77351,0.011623634083083544
77352,0.0009665727810090313
77364,0.00046571742390169704
77366,0.003506971910815526
77368,0.0052226154476333695
77374,0.0006858141613970194
77377,0.007289033966616375
77383,0.003643203196622668
77387,0.0037884061839216316
77390,0.007135183778584607
77395,0.16328394237680444
77400,0.0027394774163348365
77407,0.002600443577813178
77417,0.011832743373925371
77419,0.001930000427733415
77450,0.4100636093614291
77452,0.0002763711008333034
77456,0.0028732824133766454
77464,0.007614001727222697
77473,0.007301399566626771
77477,0.007296062891955172
77480,0.6799816349555561
77488,0.004881995303594026
77490,0.0035514725973455476
77491,0.04957470410778015
77496,0.004894980436586003
77498,0.0002752047334175645
77505,0.01739993655971743
77508,0.019021986359667526
77513,0.0022831363701504973
77526,0.0003817850367538528
77528,0.0009563937221523438
77546,0.007110031281161778
77550,0.0005941812982428046
77551,0.02241436073578901
77552,0.0009145478043044109
77554,0.006055324643347182
77556,0.0012779423624694345
77563,0.0018590073744836218
77568,0.0022600975441560505
77569,0.0034680509698649825
77572,0.022439985143113184
77579,0.003058358550498856
77583,0.001767936059117181
77585,0.0030487834664698478
77591,0.002434617003083436
77593,0.0052281727816968215
77595,0.003038590091021094
77597,0.012506204760843733
77601,0.01276158133606803
77608,0.0059851635168173675
77612,0.0028985821442771872
77620,0.004457169338192103
77621,0.003788828986080729
77628,0.0006995437519986181
77630,0.00771518665749764
77631,0.011450716969021859
77635,0.0036694921858312804
77637,0.003133292150096077
77638,0.008493460281145556
77641,0.0005606251450170058
77642,0.0025483767369718965
77643,0.01721348043571567
77646,0.005204078274228767
77651,0.0014632533856947785
77653,0.0006290232764808297
77655,0.001209426608989816
77661,0.001235262682462877
77662,0.013896654919270909
77663,0.003712912969076701
77666,0.008029999427322862
77668,0.0074249688566352745
77670,2.2238890851520627e-05
77673,0.001145647331518836
77674,0.00010346353022980765
77675,0.0011451840741647252
