pid,label
27085,0.0020121468823143993
30747,0.0010129521675217071
32932,0.004987676313928621
33635,0.03229149707607406
33955,0.08736178903787714
33978,0.0011254628443411034
35307,0.007864902844016837
35623,0.009993874668332224
36023,0.0015885277547255958
36331,0.0005657498941980131
37217,0.006419961205257509
37479,8.603615306716735e-05
37832,0.009253737570339315
38303,0.0015089799203587136
38546,0.001762159379768521
38682,0.004294288495279638
38683,0.0010431404140400305
38713,0.02083337758146586
38754,0.004268666682751051
38755,0.004230038275064929
38767,0.001122662027712878
38781,0.013978063221527294
38791,0.0002855806367438099
38828,0.000899360785667782
38829,0.0007809739604159887
38904,0.028695174297604296
38914,0.0034185526348314644
38945,0.005518635496686758
38948,0.0008493934460813967
39002,0.003193412693550201
39010,0.12042119629116096
39011,0.04129846488360292
39014,0.0019672632446871437
39015,0.0035979205127954134
39038,0.005358672583129622
39085,0.0014845249318701495
39106,0.011287533644867138
39110,0.008662027989577976
39113,0.04180491081288102
39116,0.029399979969355106
39147,0.1726812660185391
39148,0.01018741462431122
39158,0.030483666063824997
39205,0.001413831262510142
39234,0.0007582153241343109
39268,0.00035928351972349634
39272,0.048035201512002995
39275,0.0038880021557235298
39283,0.021114800777839265
39296,0.0012122416176667656
39306,0.0007883526679626285
39316,0.0038425959506191857
39327,0.000546902763576393
39341,0.00742891474411358
39345,0.0019811601901261826
39346,0.0005083772028894862
39363,0.0003126637265251689
39364,0.0055273781892140016
39366,0.0033876925525448444
39412,0.0006970254878487262
39435,0.001111521205350041
39475,0.008196197186944669
39476,0.0020585273962980917
39479,0.010680191009617899
39482,0.0021395521324287575
39483,0.003141306227331753
39511,0.005594745304532088
39513,0.01791396802037004
39644,0.0010646773269174744
39649,0.0334868205984997
39651,0.013925603481702097
39674,0.022445721123236992
39685,0.015331196405720664
39718,0.013711528256759739
39730,0.01739627305721171
39731,0.0021285108562014592
39734,0.0011310175268992228
39769,0.022662042922268574
39770,0.014929869474992488
39778,0.0019878434251783938
39779,0.015137176285697947
39780,0.0003370168951531329
39798,0.08721988167785664
39819,0.001884882378085309
39898,0.0014766252664528614
40004,0.004407794357465189
40009,0.0005600602446429236
40044,0.0030985695304824924
40055,0.0009254661664048124
40082,0.008939885619156525
40083,0.005091204795081989
40100,0.007066548495146567
40101,0.0009336975850312852
40103,0.000559916463367066
40142,0.016542516642497396
40147,0.0035438798972518043
40148,0.0002565370516780135
40150,0.001042299748250799
40153,0.035208434074516855
40154,0.003875882448854436
40178,0.0027285974365946855
40190,0.019103712704890977
40193,0.0016480650601160694
40194,0.010038943258491655
40195,0.048592005023381596
40204,0.015926251490877126
40221,0.006073286894981668
40253,0.0016556040845429607
40317,0.0057489213115835235
40350,0.0024841063038925646
40407,0.07998058473578194
40467,0.000897547876804158
40472,0.007765936577118676
40473,0.002065226838924738
40476,0.0019507295452243472
40490,0.0005807105993736368
40497,0.008658895527836372
40579,0.005053623681932984
40580,0.0013956898382012244
40583,0.06719670905640072
40601,0.001178288475183229
40634,0.04472927344238783
40697,0.0007268579930547445
40718,0.00397374595978111
40722,0.005294179807207747
40731,0.051202602150949426
40736,0.0003383180335116382
40776,0.0012318539425987013
40809,0.000629291484813203
40843,0.07439813051185856
40845,0.033596653835831096
40856,0.013699556130431827
40857,0.019808988337907823
40869,0.002720345032685274
40947,0.0025225271684963394
40953,0.0020351705769792146
41007,0.02570909748450566
41088,0.09875570364336357
41105,4.863279157249182e-05
41148,0.0017254060723591758
41156,0.0006595438808108591
41174,0.002634975497181503
41223,0.0039512875114189995
41238,0.000359110433002366
41246,0.012852310866816355
41254,0.007414255944999292
41257,0.01781850012608114
41264,0.006222788933407669
41310,0.1059805856761546
41473,0.012142701710968656
41474,0.015044190887598827
41476,0.03853957071152816
41498,0.005352269245175363
41514,0.00465168020598284
41520,0.0025273697311672606
41522,0.0021645637994338117
41524,0.032026814920252875
41532,0.002240262706943358
41548,0.005351397678142
41558,0.0023177871918271436
41570,0.004906183733357206
41582,0.0017147189742629737
41634,0.00038781149739464306
41636,0.004968327613330098
41645,0.002354674655380069
41663,0.005619256586319054
41697,0.008758234351663475
41728,0.0038188047172503683
41742,0.0017362521856687475
41781,0.0005372726571009139
41829,0.03203064156286246
41854,0.012815579234891869
41924,0.0005663972527235533
41936,0.007458781369885727
41943,0.1303584391647601
41974,0.013139638585098652
41975,0.01161076546471717
41998,0.00843175833432265
42008,0.015080970734162603
42030,0.002433744868403581
42031,0.0019306798938794147
42053,0.011372995892489662
42066,0.0026703523153401034
42124,0.001221256509883688
42128,0.0012065606889394656
42129,0.005187775626902145
42142,0.0027902860119367306
42146,0.006259919371307157
42179,0.006810054417533545
42192,0.0015842631623157243
42231,0.0008319529103846704
42289,0.0040916453368296185
42314,0.00891376614903937
42323,0.0006143445800374617
42359,0.007107699837774204
42360,0.0005807118350303817
42362,0.16645654270380267
42369,0.019772349879405533
42378,0.001713539877297427
42403,0.004461092267406003
42413,0.0035547676612679834
42424,0.0009591597850468273
42437,0.0040963986730024205
42438,0.014037178301962501
42443,0.001119084809343461
42446,0.06348438917631212
42448,0.006069749188339201
42499,0.0010963404195962845
42509,0.011702945360176815
42556,0.007011516589667911
42613,0.005482073436050022
42631,0.0037766313961307084
42660,0.004758347231015729
42665,0.007790984449388926
42670,0.005859691565877108
42696,0.0046740826538294155
42721,0.0018673916730796163
42735,0.0012755299686482212
42747,0.015889248934659747
42749,0.0020820518892316724
42750,0.0012573289310599234
42759,0.029183866359892133
42793,0.007022339010014519
42798,0.00356249676939195
42799,0.21425046553095345
42806,0.002271223818290773
42812,0.0038412605982468596
42837,0.0005975885825127319
42876,0.02970814806838353
42953,0.007951412282748484
42955,0.0319582749732145
42956,0.0046980648717625416
42957,0.002722643253323188
42968,0.021385083597084804
43014,0.0010463595266198584
43052,0.001707021995554455
43061,0.0054834615440723135
43065,0.012011765411458725
43103,0.0010589736443533514
43109,0.0033435832231247836
43122,0.0003155292623387879
43138,0.06986159253473447
43146,0.004154997097546486
43149,0.0003567041230297803
43151,0.00022770724761532137
43153,0.00563992359781616
43158,0.011797208912183233
43188,0.0027531867662634124
43199,0.001496149891618831
43201,0.007224423728667829
43213,0.0008759627533574028
43240,0.0018421502956415515
43248,0.0029149763223830917
43276,0.019449351298466932
43284,0.002476522191698877
43315,0.0036437246911413604
43384,0.0032415954712502527
43388,0.005410146226217933
43396,0.01136384167716358
43413,0.0034367819886643564
43463,0.0010595508866715598
43501,0.2735836588916962
43539,0.027829635906196196
43556,0.007438843820948465
43559,0.001986310918326128
43562,0.004616016754634136
43563,0.004592110824155836
43569,0.005050392087094211
43570,0.0006645468725815868
43571,0.0007354704501953634
43575,0.004559704662687831
43580,0.005685978682673585
43587,0.0008268766159123438
43593,0.007233500564037103
43602,0.01872957784947979
43605,0.010942988294459813
43612,0.0075616254191398155
43622,0.0028792169007837566
43629,0.00040721552454244024
43652,0.0005236565928325429
43661,0.0224686663006965
43664,0.003484800274546674
43715,0.015840746338778047
43736,0.015998791611112142
43746,0.014859637576683037
43771,0.07170664358081372
43774,0.011658760940204687
43818,0.0010008966156115516
43822,0.011398614364491789
43837,0.007972195887400649
43851,0.0017289085975456446
43871,0.005920794718217558
43872,0.02429671791569869
43874,0.026637347143754313
43986,0.0006071720629444343
43991,0.002028025944436131
44022,0.010882802763144706
44024,0.0178285332485005
44032,0.0020852921479409805
44033,0.010392415992899834
44043,0.0024190249739954087
44059,0.0027699551583588405
44156,0.001326834903385458
44195,0.002303011201171097
44197,0.001998951185824
44198,0.00013478545135625367
44202,0.002605619127384158
44203,0.0005170209262847968
44211,0.011331925165193572
44212,0.11399370429346811
44214,0.004196102739106168
44215,6.702661746405911e-05
44216,0.13626436717304982
44217,0.010163452796531561
44218,0.004100115649385737
44219,0.010506472387390896
44222,0.009816545471441101
44288,0.027652858863308354
44294,0.0029651437154265903
44306,0.008694607063702361
44310,0.0015353035285622927
44311,0.06690747462830231
44312,0.005309722087406302
44314,0.0005663090360588749
44324,0.07482934956673316
44325,0.010096800811153366
44326,0.0014590647510126574
44327,0.005153145827626061
44330,0.005675766208326518
44332,0.0013507807185118954
44335,0.0008499742533411863
44338,0.021413893917786232
44344,0.00916028086489633
44345,0.009038059628507839
44346,0.0011013011564458203
44347,0.000659106185266483
44348,0.002210720815795899
44350,0.005990847815107809
44412,0.0495518086026872
44417,0.016968688586311155
44418,0.03147123777913458
44419,0.009771315201901117
44420,0.0718485338302143
44421,0.0005327352744851272
44423,0.003330316214382091
44510,0.005423115403289521
44511,0.003666386257934987
44513,0.0059376615862380125
44517,0.007809984276285701
44541,0.13770670637864715
44542,0.02440160377411146
44545,0.09042645351004312
44546,0.009936569233690852
44613,0.004868499599209276
44624,0.021587399370223623
44628,0.005163702971039144
44658,0.001056223291008519
44685,0.0015803827275165337
44693,0.03210575868727337
44694,0.0014291294791732836
44696,0.006822427527329979
44701,0.028339691998413262
44703,0.015252999875755754
44704,0.0029899985765320623
44705,0.0007153813704512153
44706,0.0021298413292744353
44708,0.0013904432955328613
44709,0.005677451430064081
44710,0.028041376645681737
44711,0.010529720134319532
44716,0.03710423577751617
44717,0.005475733778994472
44719,0.015740930410122252
44721,0.009312142258383428
44722,0.2620779015195339
44724,0.007376511460422043
44747,0.0002757826117027925
44748,0.000365221382147625
44749,0.04939782955963449
44751,0.00105638403815191
44754,0.013055533894358349
44755,0.025007893406701866
44756,0.025380773947171472
44757,0.009737367388061469
44784,0.0026578681381207686
44786,0.0038582577586111044
44791,0.029099011962937682
44792,0.012242397633638236
44793,0.033118905715140555
44794,0.0010874312265236258
44796,0.06619585653118028
44797,0.002845829639831376
44798,0.22785840127430784
44799,0.44094664953280815
44819,0.00048509457276093735
44827,0.01279246863725914
44828,0.0007222466018773175
44845,0.1394423094310201
44846,0.07640770298391246
44848,0.002165596693999686
44849,0.04418515348401685
44859,0.16447773298256396
44861,0.04350505440650562
44862,0.02704008218401078
44864,0.011295050713257931
44865,0.45341405798398443
44878,0.07582363032568842
44913,0.005435923663786604
44920,0.0006692671103232179
44922,0.002694800415778731
44937,0.020820979889738713
44940,0.0037460779320732124
44941,0.001262230494859495
44943,0.012163597757280853
44944,0.003755979195030495
44947,0.0008363216344876463
44948,0.0026483373940761707
44957,0.0065329223992046225
45017,0.00863925769066148
45021,0.0024369248663787856
45028,0.04492865330160247
45032,0.002850460973482558
45034,0.002233480292325574
45062,0.005651498832079728
45063,0.02190786223078347
45066,0.026299529350450226
45067,0.007021333522807189
45068,0.009980804857520047
45080,0.023762283721951535
45081,0.01737098269654005
45082,0.0037245938789422814
45084,0.0033287708882350346
45086,0.006793623187379864
45089,0.08832156452121809
45090,0.01935191783157996
45105,0.00424833553575366
45146,0.0028338709996288346
45147,0.001691718904281191
45181,0.04149812104702043
45184,0.004655666596787653
45187,0.5342000207589263
45190,0.9618269908816224
45227,0.0005075146031344489
45232,0.0010276007535429772
45240,0.0038256660979769765
45251,0.00023542322403063713
45252,0.14632210949963895
45253,0.007218407912980434
45254,0.007196037432386904
45256,0.0012475215116944205
45262,0.01937333725046494
45264,0.03848815907154894
45266,0.0032990968740194736
45267,0.0011901180127291161
45268,0.007268341946603859
45272,0.005305802627351696
45279,0.0006001451353384003
45286,0.008141124750576064
45289,0.001101463550265133
45304,0.007475100733966361
45305,0.004301259737398449
45309,0.048441366964677754
45310,0.013288364198220277
45311,0.04393407923157919
45312,0.006991996878088571
45314,0.019802540327603327
45343,0.005049482062528308
45345,0.0015524988535831018
45347,0.0014093288292662287
45352,0.05805014104834271
45354,0.001315044939419687
45359,0.0011160043004895277
45361,0.0008686975178803058
45389,0.0015115363909443307
45394,0.3697908735490394
45452,0.002381211530022115
45455,0.011742678867871557
45459,0.0012121036009142092
45461,0.0053163002222974985
45463,0.001049461559321871
45472,0.008914290666156503
45475,0.0038524097247216427
45476,0.0009803985720106872
45477,0.010698316827836873
45478,0.0004588602971332133
45479,0.0030252753682846263
45480,0.0013685659149370749
45481,0.0015153980305966533
45482,0.0010173161004599324
45492,0.0012637771228890143
45520,0.0016048460430972543
45524,0.0021456215978013556
45526,0.0010048095566112037
45528,0.0018097676175088601
45530,0.002643410761238474
45531,0.0022303511279170418
45532,0.0007106457806336858
45533,0.00746069869382019
45534,0.0014580171387434306
45535,0.016062481542809773
45538,0.0001853641363983439
45539,0.001088659783952219
45542,0.07991888497206295
45562,0.007046768961461911
45566,0.002244319542291203
45568,0.004832509154610489
45571,0.0025271749356104564
45572,0.18401012910671175
45589,0.0036649651602890425
45619,0.10198342610360547
45620,0.014862500365082328
45629,0.01809352418913424
45642,0.01745212354582083
45644,0.00013914963430611204
45645,0.00599395322820695
45646,0.0008204365177236788
45647,0.01327865252001182
45648,0.0015424617707273539
45692,0.00215054421758278
45693,0.4540795126984799
45695,0.008053310725846977
45696,0.0007650222695824765
45699,0.007592251212676702
45700,0.001654254391308354
45705,0.006331171663166945
45731,0.10797360045856909
45734,0.03329763733949263
45736,0.021042419144875084
45744,0.006745741255843012
45745,0.014998196414601562
45746,0.002470148224443054
45811,0.0015361955914929928
45814,0.0011960850454651208
45815,0.004687694788955025
45817,0.0013639423072785144
45818,0.00820425088474376
45823,0.002625344514781575
45825,0.013241682070716495
45828,0.005935342417950483
45830,0.0024937960416516725
45833,0.016490261128294742
45834,0.0013233386639762328
45835,0.006763476593003294
45838,0.002630470854821861
45840,0.0017415761260550606
45841,0.0009812041584236128
45843,0.0008245416373987584
45850,0.0003391468782273249
45853,0.005646144713314301
45854,0.002670151723730563
45864,0.024661884543117227
45896,0.02418068406699792
45906,0.0036674597596764464
45908,0.0006057368403337108
45909,0.008395247477858324
45911,0.07668857009485401
45912,0.003125741715934479
45914,0.01868425815485059
45915,0.009752632516622114
45916,0.005773172438004499
45925,0.007765410559861133
45926,0.010029892024640078
45930,0.006564789279588678
45934,0.0028974620858618952
45936,0.014887679772676575
45937,0.0006311168092942432
45951,0.004344953763733481
45994,0.0030236882268460906
46004,0.03454300758640555
46006,0.0009136430696356885
46010,0.007382223089709618
46023,0.004543330861650259
46050,0.011029772929125149
46052,0.006780296909199455
46055,0.0042644824555635305
46089,0.10977244964754061
46092,0.016433936258809526
46101,0.01420633286174108
46136,0.0008160225757721544
46138,0.008478617907235248
46142,0.005774010293672159
46146,0.002240458495647711
46150,0.19177906563959504
46151,0.003483672704410069
46153,0.013774764702053674
46154,0.0028667716060298714
46155,0.0025999438491002814
46158,0.028793731205343787
46159,0.0040443931521214095
46161,0.004628430198200354
46163,0.0023918116402307263
46166,0.0012047841850704605
46168,0.004676878697255054
46170,0.0025760924213053286
46172,0.005336231155008293
46178,0.004321007596417504
46179,0.010830327214682647
46261,0.030673803093149273
46263,0.016373412333368215
46265,0.003933454402428972
46267,0.006849770935243784
46268,0.012229652135282994
46269,0.004445962427671728
46270,0.06706031551872124
46272,0.08839900017746004
46273,0.004619728865277065
46276,0.029628542448719854
46289,0.0024376348744901423
46292,0.011107207938726216
46294,0.009761238808689312
46309,0.042279908538266374
46316,0.021850140214115424
46348,0.007226507436373734
46349,0.0034638089964399497
46351,0.00038382486076181664
46352,0.017262374668943307
46354,0.012738014945963903
46356,0.041382137864911454
46357,0.02373879077667336
46358,0.0300048775539002
46362,0.03313347412831822
46366,0.000788446912187272
46374,0.001664223082432633
46376,0.003122332438651419
46382,0.0023779477814493332
46400,0.043601963190460974
46403,0.004729008039460535
46423,0.06609182957515479
46427,0.07297528423483843
46431,0.013848370339337012
46500,0.0027883905479758006
46503,0.002925956883991855
46504,0.09598292910490312
46507,0.0018491029467748877
46509,0.03057462382217084
46552,0.011795177590678023
46558,0.017223706607934892
46564,0.0010296924958073158
46567,0.046832325607389536
46568,0.0035711536405119786
46569,0.020208270140470615
46572,0.0008297256673552169
46573,0.005145178587435451
46574,0.0069010846013723105
46582,0.0032875413830801407
46583,0.004928995994995464
46593,0.07730521155164467
46595,0.2800153930947833
46596,0.0037676004859108626
46598,0.009844430517624812
46599,0.023205522887444954
46600,0.09339373925831534
46645,0.0009824009745189569
46648,0.0042485631318039604
46651,0.007047055712748805
46652,0.007374871227941233
46654,0.0031242121690040277
46655,0.004688725032083249
46713,0.0027294636506313887
46714,0.010864745041979052
46718,0.023920833915295384
46727,0.012770061979220376
46769,0.0046269739850107365
46770,0.0024003703981178215
46772,0.0005962205272918704
46787,0.11258327880860612
46789,0.0002579873460978807
46793,0.0097606141560846
46810,0.0014142262792024127
46814,0.0012893333298721983
46815,0.001080017021555241
46816,0.002555468965344784
46832,0.018500433903980557
46843,0.0025225320874493347
46844,0.01030311147944573
46888,0.0013202649741623374
46912,0.009493046958181463
46913,0.001772639570065641
46914,0.003802435312113767
46916,0.018458444163715698
46918,0.005794146327656883
46922,0.008072157264361272
46923,0.007318251059040166
46973,0.0005417847764848779
46975,0.003969151788454994
46982,0.021132988408474506
46985,0.02329078556434188
46987,0.007664941121146597
46995,0.005098270214059424
46998,0.0053004065149802075
47006,0.005083455297494753
47010,0.0034507488346171055
47011,0.012878161162779513
47012,0.33098278658651537
47013,0.0038877268089010163
47026,0.0012198282062490593
47052,0.1760246169020472
47057,0.015429791399873057
47058,0.2517508741341452
47060,0.005417470308582577
47061,0.0009128907331035812
47099,0.02480895282819894
47100,0.1226223321093478
47101,0.0005292941305321736
47102,0.006344055661031274
47104,0.13024960456006224
47106,0.10065402324711946
47176,0.0024546259006509295
47187,0.005262736234457315
47188,0.0007592655763325985
47189,0.00043007524481016946
47191,0.020893607065176956
47192,0.07634414826237465
47194,0.20216887508688394
47195,0.00455984065397376
47196,0.046265657538941615
47198,0.0012120520277952482
47201,0.003432966391260786
47202,0.001067924640905177
47204,0.10605782949433203
47205,0.0009000429414910135
47207,0.00150253367655294
47210,0.001988739606865821
47212,0.005783076183801986
47219,0.004474047495600771
47220,0.005671581465470803
47223,0.0010098686703769514
47224,0.006733783064336625
47228,0.0018625771840847015
47235,0.008989575116968112
47236,0.00040053605420825025
47237,0.07365385006896348
47238,0.00020621212676906884
47239,0.027220273368952063
47242,0.0021800618227634638
47294,0.01646295525492469
47299,0.01123658608494526
47324,0.0002245686170947912
47326,0.023869624817821525
47329,0.11230574462319724
47330,0.008622646192181947
47331,0.0017311915987295145
47357,0.4433379445239586
47402,0.0011512237637728165
47404,0.00030213366294666
47405,0.010335177559362228
47407,0.01258251559401526
47408,0.0030788378049357414
47421,0.025267679216106197
47422,0.024382774609719896
47423,0.0010389257159660419
47424,0.0035446909957092473
47425,0.029253597049328013
47427,0.005582245910317234
47428,0.00521953479898414
47430,0.17042750800685802
47484,0.002131587283155421
47485,0.004034787600627
47491,0.0047908897886582555
47494,0.0034102800502900303
47506,0.5454306175580521
47507,0.026906279680443936
47508,0.00427325990549445
47510,0.19356648339766935
47514,0.0022366909481016457
47515,0.012867431046899268
47549,0.007014966448027533
47550,0.0017014097741109525
47555,0.0017300784802930112
47558,0.0004577047692126966
47566,0.040057819686946994
47568,0.00043943294043417077
47578,0.004768057128232656
47580,0.16618928612442552
47581,0.04093534666424907
47585,0.0018610611360420036
47590,0.0022344929448685187
47592,0.0004237950720336582
47593,0.0002474962921574118
47600,0.0034402617329544823
47601,0.011289140308017047
47609,0.0023777727505149815
47637,0.017200165865332198
47639,0.28586311748373794
47640,0.016287532983095453
47641,0.1061710275220866
47670,0.0001354857096059583
47671,0.015189565586502285
47672,0.1463192839414612
47674,0.07846983238803917
47675,0.003824557027007929
47676,0.008049355606054727
47678,0.0009389775852919407
47679,0.005497090689310671
47689,0.021060110851688844
47690,0.003865987845852486
47751,0.005566272948010039
47768,0.0002905842272685713
47769,0.0018961518416374928
47771,0.004163159737801341
47772,0.002196173528397136
47773,0.006363041670673349
47774,0.04420060061478786
47778,0.002490232870082987
47780,0.0003517922349608209
47781,0.005856865019554218
47782,0.02286473966072022
47827,0.0026740198138608755
47843,0.012110097335516991
47889,0.00880446385031929
47891,0.01945929662559337
47892,0.018112926121153408
47898,0.025208298563975797
47899,0.005619610203929307
47901,0.0035870019917234645
47902,0.09010105056210091
47904,0.03038502580438208
47905,0.002743746865254807
47909,0.17394435822425647
47911,0.0010942985872802295
47913,0.0012425884850828727
47914,0.013909223006404339
47918,0.17199484136918947
47970,7.938186097460874e-05
47972,0.005191160968358368
47974,0.003185020616090264
47976,0.0011449505169937337
47979,0.011880506880594716
47980,0.014991162792504734
47984,0.006307588470273205
47996,0.3218723418165103
47997,0.16314312757125007
47998,0.14631175258435494
47999,0.026807321761293402
48002,0.002970742181713592
48003,0.0028525501155331513
48004,0.015290860970867185
48032,0.009449104130275254
48036,0.0038447225257186583
48044,0.007757329812346941
48051,0.0020570275308442617
48071,0.01098823373977125
48075,0.05311909744553352
48080,0.018301965591404325
48083,0.013526019335383251
48087,0.010061235148806094
48088,0.002587258334450417
48091,0.003743025644161607
48097,0.03210960163932546
48098,0.0051112612786395895
48099,0.0021470467913270834
48114,0.029327286049277104
48120,0.040870677319041426
48123,0.08623418954222302
48125,0.00401442566167608
48145,0.019424237506057356
48147,0.004894517242211295
48150,0.0008536616936784033
48153,0.0002676371804750077
48159,0.003047236178173456
48164,0.003059430172918398
48168,0.0029263058996859908
48170,0.020388754639345506
48171,0.019277155677991945
48176,0.0019252105789683974
48177,0.1718862013142863
48178,0.0018609042127256336
48179,0.00488545914130767
48182,0.010745636302450404
48183,0.04312681404255766
48184,0.07308413131572315
48186,0.012742699972522477
48187,0.07492139287086538
48212,0.04619063756087567
48215,0.4615729998895238
48217,0.010227080514052673
48218,0.06082993499407986
48219,0.27129705703791
48260,0.00649909509260754
48263,0.002339720634475702
48280,0.0005459017554334017
48285,0.007549768530445281
48287,0.0026972534559947716
48289,0.001597729317802758
48295,0.018812044105037777
48297,0.0007700193551388921
48298,0.003456596092339584
48318,0.024732760792871754
48363,0.0026501595906560497
48368,0.27532953578672953
48369,0.0002449212003330769
48372,0.04390823657364229
48376,0.003150463924546714
48377,0.005070577495633829
48379,0.005224606735592234
48402,0.001288603277112038
48427,0.0509797868656374
48432,0.03814966021713903
48433,0.29081557190816776
48434,0.02767323157926069
48446,0.0014490831193465562
48454,0.008548768103512728
48475,0.003214624264427547
48486,0.0051933677516862444
48489,0.04758568403595171
48492,0.006702375589417567
48494,0.006861836641133054
48495,0.007110228362792733
48510,0.007885847239253512
48515,0.09716175407805844
48517,0.008170715455465175
48524,0.08532041708874556
48538,0.029042508764745827
48571,0.00040024829777769337
48575,0.0017869501453204157
48576,0.0029382427864794833
48580,0.0017133813584138966
48588,0.0010364594970382317
48597,0.0008011071011263555
48612,0.0020325652163886883
48616,0.00158483803936258
48618,0.017061538510781026
48619,0.0017262052529943889
48621,0.0017823638519247407
48658,0.0009810822022102757
48685,0.003922834901064327
48728,0.259807309759295
48732,0.10392207228885157
48738,0.0011861605787942017
48741,0.052539409854024374
48742,0.0007250304085812538
48743,0.026220203514710716
48748,0.005368609283474938
48762,0.0018710002511038806
48763,0.14315808762423868
48778,0.013690918705202974
48780,0.001146272577065475
48787,0.012997893510627818
48809,0.0037546701439028106
48812,0.01070415505476584
48815,0.006067413037604769
48816,0.018246044094061734
48817,0.022517351710832963
48819,0.19314314801725857
48821,0.05855181413732
48824,0.01948010871661791
48832,0.0009472109688807352
48838,0.029558273547641505
48839,0.003553798831884211
48845,0.003138860266633706
48846,0.001065499273842964
48904,0.014998151977284317
48911,0.0008119558992614499
48912,0.0014322037333612658
48914,0.002642053839923245
48917,0.028094094118036803
48918,0.002433560989331168
48923,0.17064169106834504
48924,0.011720072889489628
48926,0.012809693708299987
48927,0.04015067295642754
48929,0.006849749141879987
48952,0.003127109577815077
48953,0.009730180159931852
48954,0.012255710886605434
48955,0.0752906940187573
48956,0.005608680472517954
48957,0.00567488389020141
48958,0.0009341634954373117
48967,0.0017607573043828463
49007,0.0019255013802909316
49010,0.011169575755523808
49012,0.007129387151932767
49014,0.013247623422355196
49015,0.0037450461062436126
49016,0.0015104966447770443
49019,0.06008678550982885
49024,0.002181391426574376
49025,0.0029486780741299606
49028,0.004236160669819158
49036,0.001615259745223469
49037,0.008497548524458163
49039,0.004613383227962837
49040,0.008157437882818206
49044,0.005453481909141
49147,0.020117822629114924
49178,0.0075683275789992415
49180,0.001320497980614435
49181,0.0550171589334066
49182,0.018249119485854094
49183,0.0001449366187769215
49184,0.139700859378983
49186,0.05189010079809232
49188,0.013957827315476507
49192,0.005454193398301175
49193,0.004550009211239478
49194,0.010205035472115556
49216,0.06469966106081512
49218,0.001187821998416203
49236,0.003616199094169809
49244,8.314194333229992e-05
49245,0.014162596605401796
49246,0.008001059289605683
49250,0.004181003630516841
49262,0.0039868057485075905
49265,0.002032528713840402
49267,0.002976423464134984
49268,0.041268824588518264
49270,0.003663520764503554
49271,0.0016213577304519508
49273,0.049252218790319456
49276,0.010784240112731228
49277,0.04559277570865997
49278,0.0008977543328428324
49279,0.03782247919928641
49281,0.054919116895288424
49287,0.001080438700292988
49373,0.040762536911280886
49374,0.013744308575320923
49375,0.002624664276427374
49376,0.009826951130573944
49378,0.002327267608668291
49379,0.11554146991751649
49380,0.004498109378798588
49404,0.01824226008565832
49405,0.0074719753940074
49446,0.00048182523807803636
49449,0.03591101164155599
49450,0.0024282363400516525
49451,0.0037257666240507747
49452,0.007029477580305348
49454,0.004258158035218564
49455,0.0015382629680803527
49466,0.0005166453994025348
49469,0.01372881070647834
49472,0.00020735278997328452
49473,0.0005503634320159782
49474,0.0013707553281551892
49475,0.0031645274919903546
49476,0.01155539160681323
49477,0.0023659948800162155
49478,0.030993399215230814
49480,0.025910443321109474
49481,0.005993875808378124
49482,0.030476710044125586
49484,0.01964088767292448
49485,0.001601109748570643
49511,0.0017323757935534872
49529,0.021499579064385866
49540,0.017324888571223038
49544,0.03157710365531004
49545,0.01687152433373597
49546,0.0028109091971612946
49547,0.0021787879323136006
49548,0.001872823376849554
49558,0.01752713419767417
49587,0.0008304632715181198
49588,0.001128301800315661
49591,0.2413680349670196
49641,0.003716453793269811
49644,0.0011564916036408347
49654,0.0036659717778603253
49670,0.0025638879383061038
49674,0.0007260648030970205
49675,0.00029634321287761535
49676,0.0026761619585923403
49679,0.008450508289131292
49686,0.030281798798184597
50171,0.016832103005658083
50172,0.00597502339684026
50173,0.017103861321587123
50178,0.0025458336266622637
50179,0.006929002538466544
50182,0.06138387306347544
50187,0.048213666696137025
50189,0.013481970512543805
50190,0.0071293462052159
50191,0.005924797868446319
50192,0.03488765253083039
50194,0.018476197748055076
50195,0.0012639915526864438
50199,0.011261444785490425
50200,0.010956423369171644
50201,0.00926908526711852
50205,0.0031678717191492125
50206,0.005359434257915347
50207,0.0043673254383388115
50208,0.006732115966574607
50211,0.006636540507380943
50212,0.0026517084297655244
50217,0.014678482364221208
50219,0.001384978290635164
50220,0.0120953978674467
50224,0.0474504515723507
50225,0.14094124071853614
50226,0.01671141574912148
50227,0.03983779871166833
50228,0.0019585506949045144
50229,0.00443258014961749
50230,0.01719945767703782
50231,0.05088227415304913
50232,0.0031733536017041247
50233,0.0015898287820524804
50234,0.09750740877255916
50235,0.024373352223143137
50237,0.24273172489575043
50239,0.046243428111996276
50242,0.00462255894509951
50244,0.004036052162772948
50245,0.008966815397462783
50247,0.00034694559586529914
50248,0.006097377855514883
50249,0.002254524876864433
50250,0.016070011218902756
50252,0.0021347294772490863
50253,0.29572828681680263
50254,0.042642911983241
50256,0.009766431346460139
50258,0.0064545341233185295
50259,0.024982873855891603
50264,0.012421816935915993
50266,0.0036870108589227373
50267,0.002131725282157464
50270,0.00511779379209033
50274,0.008709485912924727
50276,0.1707287742001668
50277,0.020889524400232697
50286,0.002246954084489192
50288,0.0024492409518347778
50290,0.02015140008888929
50296,0.007805181669039262
50298,0.0003952119277336548
50300,0.0011525420623327836
50303,0.0217119110908465
50307,0.0009134960954773649
50312,0.002754451328704524
50313,0.0006378380012855429
50314,0.05290994702416981
50316,0.00818915104458695
50318,0.0010480174050291925
50319,0.0035156421177834655
50320,0.00148965249281107
50324,0.015985637258263515
50325,0.0017349916192851687
50326,0.00494484540912706
50327,0.004836574292069018
50334,0.0020128025815029744
50339,0.00535637875161271
50342,0.001243452366406168
50343,0.15987085171712567
50344,0.08856424401553954
50351,0.005096794715253423
50352,0.021170466634382407
50353,0.0028924744352518262
50355,0.03333778114689039
50358,0.2647092124482802
50363,0.0023957053683193005
50366,0.20585336857342748
50367,0.0051290317548725
50368,0.0007267694025688404
50369,0.0474541149893656
50371,0.0024800077026654373
50372,0.008799201205263141
50373,0.07889779607021376
50374,0.2939963438268242
50375,0.005210152427506737
50377,0.13635225454359723
50379,0.22623229945945597
50382,0.003647453721997016
50388,0.013903531715248548
50390,0.014070273918315387
50396,0.1321307705329204
50399,0.026512273087661097
50400,0.005937579983385339
50402,0.003812125201478187
50409,0.04772568197605733
50412,0.019979439115817097
50413,0.013996913490211486
50414,0.00209482112380444
50416,0.01467717001689408
50417,0.005291039275749408
50422,0.1203777149735692
50423,0.00781103817683782
50425,0.005037285406945319
50426,0.018195317045108426
50427,0.005597304124409005
50428,0.0036753499836132005
50430,0.0016854189832707417
50433,0.0016770340461214344
50434,0.005889672939144016
50436,0.0013748898156449832
50437,0.005560222210643783
50440,0.005693786663776948
50442,0.0072704809862419156
50445,0.011977433342749233
50446,0.011750912620215447
50447,0.003636801772557196
50448,0.005754162084216603
50450,0.012603204913194293
50451,0.01673012249328104
50452,0.004536470494572608
50453,0.007951714463177509
50454,0.08621536546962479
50455,0.09423037887041769
50457,0.000784966546736033
50459,0.44579915574642187
50462,0.008935197553824163
50465,0.01736398416931131
50466,0.010747026501626743
50468,0.042218697447739054
50470,0.46503221648087234
50472,0.036521275716056005
50473,0.00738444413572465
50474,0.08977592908010894
50475,0.048887374676819875
50476,0.05529346402583613
50479,0.001495488920375447
50481,0.02340848005090408
50483,0.012898727306788978
50484,0.16252705192734337
50485,0.006041617778771698
50487,0.0024883569651439723
50489,0.01135072543320954
50491,0.005400410229985668
50494,0.00816944201098701
50495,0.02346486506714502
50497,0.001795631200857838
50498,0.3239453856891183
50500,0.0078308300730586
50501,0.0014904861639418604
50505,0.0050356683597149775
50507,0.006111353532378588
50509,0.0007550370267819655
50510,0.01780618787669581
50511,0.05750076436895278
50512,0.12485132615397444
50513,0.002461152355842068
50515,0.024422985127276947
50518,0.0037781724224716477
50520,0.08259896301214381
50521,0.03171444738833946
50522,0.004815123639261026
50526,0.01896265975218124
50529,0.0018503677845900426
50530,0.030567137661785565
50534,0.011103847653430175
50538,0.02009416270966322
50540,0.0034320454369999084
50542,0.0009293941549439114
50543,0.008767561549402959
50550,0.02604475256904198
50551,0.006414644428678022
50552,0.004006483914975363
50553,0.05362344510434986
50557,0.22323498770115227
50560,0.01835152519488438
50566,0.07444751651743428
50567,0.03060547657848863
50569,0.007568223626104314
50571,0.03624316946023679
50572,0.06081109956673083
50573,0.0034386445795829587
50575,0.0019964685986633675
50576,0.00973130314183149
50577,0.1040953228434133
50580,0.026328042839330285
50581,0.007215988501632116
50584,0.016206358678529462
50585,0.004489727104798095
50586,0.18534628473272557
50587,0.03440307978876905
50588,0.029215829664330905
50589,0.10893492510987272
50590,0.027442038781009755
50592,0.009546335210003316
50593,0.048608459802235444
50594,0.027718376001471624
50595,0.0019314157554333087
50596,0.0963304962737952
50597,0.06348346291573771
50598,0.0023287534131965376
50600,0.0023958057557611386
50605,0.5880128512387129
50609,0.0937421879255513
50611,0.005290980750888818
50613,0.001637865273272966
50614,0.04694185105491167
50616,0.021162651724313353
50617,0.010586538048079294
50618,0.0005249858821010987
50619,0.08322850587092678
50621,0.011124004763802263
50623,0.006237215270066333
50624,0.02322114386005337
50626,0.0008010243877316066
50630,0.00214419965095568
50631,0.09496957778629402
50632,0.0017490207385251364
50633,0.0042035200886717285
50639,0.06926662268446435
50642,0.002508578624209771
50646,0.007999801327311786
50648,0.033303977107797464
50655,0.005683120738657506
50656,0.0015418659897904685
50657,0.018615641849405562
50660,0.002350754313957469
50661,0.003156095598193587
50663,0.06442464585942283
50664,0.0032311753768971426
50666,0.0037068554184789414
50671,0.006529941739816506
50673,0.0008765598736296411
50677,0.0070738684450033385
50679,0.010236562810002297
50680,0.0012994719917516315
50682,0.0371240209985983
50683,0.017519145850317372
50684,0.007531595948368439
50685,0.24529443817840807
50686,0.025473435851984378
50688,0.00983209522330593
50689,0.142087202774698
50692,0.0021094637326785023
50697,0.00066900732979195
50698,0.0014671875034335865
50699,0.0016369727052288597
50700,0.002635605025785506
50702,0.004038781131238882
50704,0.40544753219009116
50705,0.011708914956018645
50709,0.00874439342587908
50718,0.023152390843347977
50719,0.04478951234497939
50722,0.001414916328403789
50723,0.01380988729495863
50724,0.005140202062746862
50727,0.3250492401563381
50728,0.010778983814753333
50729,0.15259095196123218
50733,0.019818123347510354
50741,0.0022810847303477524
50748,0.00406221716087162
50749,0.02438217864963391
50753,0.0027469440110446143
50754,0.0445562160860565
50763,0.0008105423390852793
50765,0.04505557965202256
50768,0.08355179939538633
50770,0.0029837650179979887
50773,0.005135923878674404
50779,0.005093832561774166
50780,0.0018976956559124075
50781,0.0006700413185707026
50782,0.026237025917305364
50783,0.005899730889055707
50784,0.0015081185860065856
50786,0.00048027127801109076
50788,0.0007351486992389595
50794,0.19469495876191004
50795,0.015947297888599284
50796,0.024648761563222155
50797,0.03359087249334389
50798,0.05147605316055379
50799,0.016630927712337394
50801,0.024714098285135763
50803,0.010511684909415831
50804,0.0018522623800984667
50808,0.0021197878509389705
50812,0.0010555850066725043
50813,0.005489216984224809
50815,0.0006912710542300875
50816,0.007191374512977914
50817,0.030878707899910984
50818,0.6602717072737588
50821,0.028248933583913255
50823,0.0060495284338738875
50825,0.007826654890150036
50827,0.028255637047017758
50829,0.0011279019639873025
50830,0.018954345732621312
50831,0.014994677726134484
50833,0.004917004523066971
50834,0.009588631542183363
50836,0.019881496196599933
50838,0.0018720473681892876
50839,0.0023290632771255006
50843,0.02245830952586241
50851,0.02465209356662988
50852,0.009679025102892144
50855,0.01991635048054812
50856,0.006412901197643156
50858,0.00154364798262214
50860,0.21063379364490775
50866,0.0031824545722077564
50869,0.2506054642155201
50870,0.04791089266861669
50871,0.0026502938556009375
50873,0.25442989253804216
50875,0.012891743822699238
50878,0.00411840486130221
50879,0.012311396044152384
50880,0.04113524919709612
50885,0.015742445688961736
50886,0.4256886079222419
50888,0.0037130839058093
50890,0.003916147979288736
50891,0.0007585683649340034
50892,0.0036191364634952047
50893,0.010394886892958538
50896,0.0009168029168255164
50897,0.015060165449825025
50899,0.010634765452009028
50900,0.004674467840876474
50901,0.007418114648806544
50902,0.017164662948463368
50904,0.0038484196728576464
50905,0.0020566776343736177
50906,0.059438571463878535
50907,0.050330193426216176
50908,0.042051438792444606
50909,0.0031212318930654544
50911,0.01410379572291442
50913,0.041084048703260226
50917,0.0020184184760632137
50918,0.08360662114031119
50923,0.0005405404065081668
50924,0.0903275717277417
50925,0.026232801833358476
50927,0.03858452989758674
50928,0.0039061083687801953
50933,0.2033642627937115
50934,0.04572006918911035
50935,0.004872713752032506
50937,0.22120495563456677
50938,0.03503228834957387
50939,0.015793399948505933
50940,0.00587004833585308
50941,0.001080428592216119
50942,0.011911843211819597
50943,0.02677841318199997
50944,0.004582748523947066
50945,0.012907612706547918
50946,0.027729147633225447
50947,0.0005080023942297429
50948,0.23136650104120937
50951,0.00048197128406153003
50956,0.0031656408465791457
50957,0.0211774221146875
50960,0.005194219250063215
50966,0.003417997003184971
50970,0.044958020142014436
50980,0.01724261205989928
50986,0.0018006107497820605
50987,0.02739306121038773
50988,0.002859144338104933
50989,0.0249087218614612
50990,0.00042943032209091087
50991,0.006381754434534367
50992,0.0030063536915709527
50993,0.008251150708353146
50994,0.008884664010357875
51000,0.0034331419474187205
51001,0.015535376055645287
51002,0.02193229389341085
51003,0.011325549159638659
51012,0.005873285114797705
51013,0.004475172507947779
51020,0.0034916699251969947
51021,0.02191309958615408
51022,0.08664913983332877
51023,0.00390421597123772
51024,0.005586820874060227
51025,0.0028080532418496896
51031,0.0008055992003974909
51033,0.015024517919030514
51035,0.007436323753491608
51036,0.0016749532376379933
51039,0.06335901642081875
51040,0.0037411533934231253
51041,0.041408981882504275
51042,0.043312026690402204
51043,0.008979849289289861
51044,0.004708083440270709
51047,0.014659022303368963
51048,0.01655193903907046
51050,0.37286985133354333
51051,0.001048731263265815
51053,0.007419770958589629
51054,0.22638503010671596
51056,0.0048207105731178194
51058,0.005525330540637048
51061,0.007080766046519302
51063,0.013312254694552746
51065,0.0010178673828764803
51067,0.03995248268088697
51069,0.15576013103351588
51070,0.0021254004564472146
51072,0.008871772198014374
51075,0.1098281770923489
51076,0.04839959763110274
51078,0.07689441857202066
51081,0.006387677671065818
51091,0.0024689005484421446
51093,0.05921998351922736
51094,0.003497983603573826
51096,0.07569898349851441
51100,0.031143238312155513
51102,0.0030258883489372016
51103,0.02184338440696888
51105,0.0006958629803253037
51106,0.004197557674236439
51107,0.03599973280987297
51111,0.0280063723170369
51114,0.04634722596513995
51115,0.2704664323517363
51116,0.023702288813325843
51118,0.014872899723808909
51123,0.004964258726574213
51125,0.023886736014119885
51127,0.004929102738110919
51132,0.0022373072515323536
51135,0.0010396288901789086
51138,0.003854116163289451
51144,0.03436842990726597
51149,0.005688959253400162
51152,0.009595319889810994
51153,0.002676641688918211
51154,0.24228499285610236
51155,0.08682050387585463
51157,0.0006921958075852987
51158,0.005593333645347951
51161,0.002294704700831949
51165,0.024738504524011738
51170,0.06068338047161982
51171,0.002072332692468213
51179,0.007044171552864628
51180,0.033032851550094805
51181,0.009843155202046951
51183,0.004154067781514316
51187,0.08533848343247544
51190,0.005903738672151719
51192,0.00214643278874286
51193,0.11557723467732402
51198,0.00218812618348713
51201,0.006085673847207746
51202,0.0009182930194662389
51205,0.0037606798307235055
51211,0.020531866731668885
51212,0.023695761633782775
51217,0.004714237859010782
51219,0.0032919428237423794
51220,0.03388646125444188
51221,0.0008118562395626314
51225,0.012263499403403526
51227,0.010610314562290885
51230,0.03094387019092989
51231,0.04021828611322681
51234,0.03224970028857098
51237,0.1820212410166398
51238,0.014248058926397201
51239,0.01886683644980277
51240,0.021967520012800383
51241,0.002399813129819201
51242,0.01905138977989192
51244,0.01752683662899566
51247,0.001373945290800182
51248,0.0009621471683768877
51253,0.002488952867258758
51254,0.004983138311988518
51255,0.0024014278202797515
51256,0.0002828154833500731
51262,0.009241011862743615
51265,0.01220686939682385
51272,0.11730485048934838
51273,0.0033563311723327654
51275,0.002170773977503141
51278,0.00385440317869671
51279,0.004123326945780759
51282,0.004220425607087863
51285,0.01569538257245619
51288,0.004401454839054734
51291,0.0046408534488297576
51293,0.004862982014102902
51296,0.026229020384808
51298,0.17794399031148636
51301,0.2947452451516405
51302,0.004349810686377073
51303,0.0008883485634736014
51304,0.022570443317022817
51306,0.00247696580677076
51307,0.0012418683848182922
51314,0.006701000072629324
51315,0.0007894673017577186
51317,0.007963638276150995
51319,0.006360026310981218
51320,0.01876076151273526
51323,0.006962526222870858
51327,0.02944882002392864
51329,0.0033007627615782315
51331,0.0012143738516657639
51333,0.004883981116490574
51336,0.002498402481059001
51342,0.012848198766900744
51344,0.005262626888252858
51348,0.37386542372222226
51350,0.20849469987648084
51352,0.020033063097472527
51354,0.004938660351055912
51355,0.10050262288539874
51356,0.20976057781400723
51357,0.008534192066593114
51360,0.0451341037763371
51361,0.010871778399728856
51362,0.08013102754407052
51363,0.24121913131308587
51364,0.012257389790893256
51366,0.018548622622746702
51367,0.38279155192596326
51372,0.003685635034838295
51373,0.13572450686207335
51378,0.04702934310117989
51379,0.00485281979123041
51380,0.003651510167672309
51383,0.02186284062274274
51385,0.004905107545549031
51387,0.029843779800984876
51389,0.013350050621602154
51390,0.0855697031751579
51391,0.04041293235254969
51394,0.005847535645917066
51400,0.04392927888513285
51402,0.005780627600032765
51405,0.010994912063060903
51411,0.013209781647299154
51413,0.0004938803388888879
51415,0.09304971277480921
51416,0.002216736099701667
51425,0.009989025424704015
51427,0.0017539093150705368
51430,0.0028609323466519216
51433,0.006412572826744061
51434,0.0025596534759706343
51437,0.0005289792770420945
51438,0.013463784333062367
51440,0.006715961865374678
51443,0.0184691766730573
51446,0.05749297063566551
51448,0.0010654017021021404
51449,0.008912279417950713
51450,0.005326546233175961
51451,0.4620999026316495
51453,0.004848537088615141
51457,0.0009536626250468319
51459,0.012425486123183003
51460,0.0042244501749246115
51461,0.014683666434737942
51462,0.3993095196787896
51463,0.003228994872159085
51465,0.0005469192957313742
51466,0.014183367656623362
51474,0.006988916796375186
51475,0.008920149773833775
51477,0.0016032749306359685
51478,0.003587813061686691
51481,0.11993507231000057
51482,0.005151680654399988
51483,0.0017313770985878695
51484,0.07142815251561604
51487,0.0011361362384526776
51488,0.0026865791790805773
51493,0.002392727652265614
51496,0.14974430185380547
51497,0.009748821633201742
51500,0.004736935989566927
51503,0.009579138621293806
51504,0.018388214108528016
51506,0.040813317148828
51508,0.009706344109653299
51519,0.004700104836227561
51522,0.002298194348782403
51524,0.003358414813671061
51529,0.012108699558590518
51532,0.28127604376567417
51533,0.006924950739210189
51534,0.006229189966565123
51537,0.005277592913913183
51540,0.002875519422285255
51543,0.0003169695180597169
51545,0.002321494179373403
51547,0.003593023197888309
51548,0.028191314929342848
51549,0.0018797593916929699
51550,0.07676953643440573
51556,0.0014232227956690452
51562,0.002859822922657707
51573,0.009230896228518639
51591,0.05922104326093213
51592,0.09646524821759178
51593,0.17912042960831298
51594,0.0020316725369682394
51595,0.5568361486195892
51618,0.01030863423812251
51619,0.006148405611369157
51620,0.012470873602487303
51621,0.0026461497353110243
51625,0.006229289210604946
51626,0.0021305418852367833
51627,0.008043927280778655
51630,0.0013030103590102313
51635,0.27599181961068386
51639,0.14570767715847727
51655,0.0022761317647546635
51671,0.002296289952983603
51672,0.10210859649375686
51673,0.022870854618223024
51674,0.03361432373885601
51679,0.0012588686706327696
51682,0.0024195464821735275
51685,0.002964906438026494
51686,0.001506901882270235
51687,0.015461802896075478
51703,0.04649299468267565
51708,0.14094202487389348
51728,0.3596348538353768
51733,0.20753743937093982
51734,0.0018520416299469707
51738,0.0030116477179811044
51748,0.006112760148127223
51753,0.7127589956282068
51755,0.011579173315233476
51761,0.009453173312006574
51766,0.43673403092134466
51777,0.004044487952714076
51783,0.004270222040200909
51784,0.0014159317394804986
51786,0.04540910981312773
51787,0.10454459128910631
51792,0.00584102134539031
51800,0.009099649619522265
51802,0.015286105269105324
51809,0.010938674884042958
51811,0.0011234127407351217
51818,0.0007603786925599298
51819,0.0016167919815339984
51830,0.0008678342146219315
51835,0.02624792088362983
51843,0.0014028907793707396
51844,0.004372172291267336
51845,0.02308820010699813
51846,0.0015730401251313466
51855,0.016976670860264418
51858,0.002194309878221337
51861,0.0019567322995683568
51863,0.004422299641218909
51866,0.0019705480895585385
51867,0.014016458741447461
51868,0.08522640337137956
51869,0.004608665946311468
51876,0.02104983423696218
51881,0.043610081056441576
51883,0.06595444888059095
51885,0.0018111865025914424
51888,0.008699115006672736
51889,0.15337479521999317
51891,0.002921042933917776
51892,0.0019216912587346098
51894,0.025937837597715428
51895,0.007060705192980453
51896,0.003314496029948538
51899,0.014165796640367713
51925,0.007836367628510687
51929,0.01240361675424506
51930,0.002456806606341674
51931,0.03982475747018357
51932,0.009695698945977096
51933,0.3235138897244663
51934,0.0009774330629500243
51938,0.005913827008040883
51950,0.013997571190142123
51953,0.0052065753553666265
51954,0.013233773042104652
51956,0.0647635788331714
51959,0.0009346671572425649
51990,0.2289593077895692
51991,0.029482726322894403
51999,0.012409298046657793
52003,0.015491744395757153
52006,0.0003070660196209652
52013,0.0021324899590025957
52022,0.0018776534064157647
52023,0.1236659138930523
52025,0.016937966709928413
52027,0.0020864597452354295
52028,0.03702367978885914
52030,0.0636588615218136
52036,0.007265723755802924
52038,0.0007260883257771418
52058,0.005139321134902427
52059,0.0063716548950130385
52063,0.4300294670011116
52082,0.17604730932759113
52084,0.271060319931912
52087,0.03357960524922855
52088,0.03223213411153628
52089,0.004870637951330796
52090,0.004128555031358734
52091,0.002877201419860793
52092,0.06420180806890241
52096,0.003808426516583107
52099,0.000911647676793678
52110,0.06892530043857738
52115,0.0006496642965226784
52116,0.001673777317775772
52117,0.07845845535107812
52120,0.001986853277368209
52141,0.03157459714359747
52145,0.0363927719187364
52146,0.06852752460961535
52147,0.03072201706178674
52149,0.0003947570069592389
52160,0.009352858724571207
52167,0.009079613803185746
52170,0.0026827326806451585
52175,0.011333301750202262
52185,0.0009156559530727136
52188,0.050118324474171104
52195,0.024774572496285865
52202,0.008402403871118565
52208,0.005095824198507084
52209,0.007679056095981246
52213,0.009486871084480411
52215,0.003967917101608369
52216,0.0009305679614554028
52218,0.00154574159907793
52220,0.014997736723100395
52221,0.0010553095996125449
52230,0.004905820025234734
52239,0.0002204509514571059
52240,0.006868648976267207
52242,0.0008511126942286053
52247,0.0042481549960307055
52248,0.007310612134188011
52252,0.005462031865107657
52255,0.05391658702869084
52257,0.00939192701831912
52258,0.053418828406175844
52259,0.02557070083291608
52260,0.001324739280498276
52261,0.01429752938790091
52262,0.0006855616913069218
52265,0.001279005841804228
52266,0.007599410902941207
52268,0.01694069474505674
52269,0.004713341663187109
52273,0.0009930038898335854
52275,0.010084362972414744
52276,0.02535767927726625
52279,0.05606822407031735
52280,0.0017560212014030867
52281,0.015344298191928955
52282,0.23701553741986114
52286,0.35854373477250173
52288,0.009452882225103676
52289,0.016534368323865598
52290,0.15800719660942966
52293,0.0014480101137402102
52294,0.03158931836852541
52298,0.0001766784352406659
52301,0.002283640510781467
52307,0.0067248468518533
52308,0.0031733428708072236
52312,0.0030377470467597024
52315,0.0027041720813678464
52318,0.011069387354017057
52319,0.012170946798947271
52321,0.0012377930926909082
52325,0.03154675634798186
52328,0.014714281497268973
52330,0.013618226643730013
52333,0.005757574088343703
52335,0.021925261698605026
52336,0.001241422150747018
52341,0.006071228134837961
52343,0.0104916224230819
52344,0.0006167992652719819
52346,0.016179943786366422
52348,0.0006648106320535476
52351,0.0029036076998708313
52353,0.004189674003231089
52356,0.021192822565412703
52357,0.02092950131986838
52359,0.011041730036672737
52371,0.052728509109660385
52374,0.01649752467750943
52376,0.07931113061704557
52382,0.006090881124621098
52384,0.003052748350379014
52386,0.0004983622388249296
52389,0.014821987759092598
52391,0.00012404912531780444
52394,0.010371966322646536
52406,0.00017874417898238785
52407,3.658964897916608e-05
52412,0.000764155320082098
52423,0.0004554364549362899
52436,0.0008683993925348208
52444,0.08417792448236545
52458,0.011117274665724325
52461,0.0004080919583287491
52462,0.0006835340305290554
65428,0.026273205717473675
65429,0.012802687100840078
65430,0.005154441224230716
65431,0.0010464591845861862
65432,0.004431190600521694
65433,0.013204150963293648
65434,0.00839402863896284
65435,0.014010661327246196
65436,0.08031383783375526
65437,0.0020436781327337747
65438,0.02088162205762907
65439,0.005734893919615768
65440,0.0046063454776702146
65441,0.035842038854150264
65442,0.20909365587932077
65444,0.005227916095863674
65445,0.13218334759455122
65446,0.0021189417052469616
65448,0.00841767451296819
65449,0.0033561141461708154
65450,0.15748294664037565
65451,0.12732166275337772
65453,0.004052023580101608
65454,0.06544495988988859
65455,0.0178930268987004
65456,0.05904702395191852
65457,0.0917715814376796
65459,0.1298183011432514
65460,0.005493036721115077
65461,0.006341005107692564
65462,0.003884580704094219
65463,0.01625146320699125
65464,0.004525578582438765
65465,0.0036720686625072592
65466,0.013897092245697946
65468,0.0032101871600539018
65471,0.0021458844226111833
65472,0.0016917255644393712
65474,0.010251288725327356
65475,0.010269257832816377
65476,0.008087349309143082
65478,0.00024767328928231984
65479,0.33372096287739905
65480,0.04003693512392294
65481,0.05370512011189103
65483,0.08430816279998699
65484,0.8476719759850408
65486,0.00298010800632804
65487,0.042204968331264824
65488,0.011868803916657848
65492,0.34317061499794144
65493,0.10041110329781344
65494,0.116590912391592
65496,0.033045274672186535
65497,0.23420163217346138
65500,0.38460076969790513
65501,0.22996111290427335
65502,0.06289202171273156
65504,0.009698121708562064
65505,0.0037060719578419915
65506,0.044888080884061515
65507,0.0707591742968233
65508,0.0029154757116235668
65509,0.027192577168692788
65510,0.021603554921924156
65511,0.0020067789207217543
65512,0.009012880033511167
65513,0.038241219223900266
65514,0.005171760449211219
65517,0.07214065542840122
65518,0.023940943670585486
65519,0.09469598858053112
65520,0.007607188802392912
65521,0.0019863704932260966
65525,0.016597516809470737
65527,0.003357046699688538
65528,0.007554982829298582
65529,0.0367058655538078
65530,0.08654406939695689
65531,0.7118766349792455
65532,0.00179698041584472
65533,0.0026680081953217786
65534,0.014547972956274365
65535,0.005927869262682233
65536,0.014586126864668283
65537,0.00401954882911326
65538,0.0058105855487521904
65539,0.007348172475426131
65540,0.0030636039033038404
65541,0.022602386767959382
65542,0.003645852709955929
65543,0.11829139495951599
65544,0.005664289680448543
65546,0.008732700443442905
65547,0.05510243561944902
65551,0.013296727893016795
65552,0.0037604247576948427
65553,0.002866098442934456
65556,0.007731183900718882
65557,0.007747581979241809
65558,0.009556205028898732
65559,0.002850285101798026
65560,0.008113605804514179
65562,0.0015738006423069017
65563,0.4456788366814992
65564,0.038872504522824765
65565,0.070994707182204
65567,0.006269330199603325
65568,0.002450296733283727
65570,0.05476020408748317
65571,0.007664359643178399
65573,0.0003653119420875535
65576,0.0005583036665207611
65577,0.03513048419845918
65578,0.2972215845538575
65579,0.6328219567269977
65580,0.6875049914434623
65581,0.034421767574965324
65582,0.0040187716468453255
65583,0.2959599963747709
65584,0.07436437472566611
65586,0.2677217302220696
65587,0.03464179420799399
65588,0.003993197424349221
65589,0.2791861241614245
65590,0.010297341954679134
65591,0.009616661348754092
65592,0.0006070655133250824
65593,0.008718803812972981
65594,0.0686131934575533
65595,0.006063181996466607
65596,0.30184953806468184
65597,0.004810936037857271
65599,0.0011806096229692643
65600,0.025926656445313133
65601,0.012147401101174918
65602,0.010506874858421536
65603,0.019332227993060003
65604,0.009376589414561579
65605,0.01237110410145714
65606,0.0028225661545255507
65607,0.017839368796969235
65608,0.007948785721978832
65609,0.0022366069520522373
65610,0.03229455633195479
65612,0.04334362645691553
65613,0.004867775308765868
65614,0.0022990070167881087
65615,0.0010678508811192457
65618,0.002394563044987846
65621,0.0001648404031926179
65622,0.002128223950672076
65623,0.007171532771583956
65625,0.008462795468299039
65626,0.011309657613779063
65628,0.028576916380963057
65629,0.006434025089383187
65632,0.009067239058121018
65633,0.2583781696196992
65634,0.005055644260484849
65635,0.030516255008568742
65636,0.04754493503996179
65637,0.003678133142198332
65638,0.014610196153559457
65640,0.04040204263799002
65642,0.000795520004752471
65645,0.013017586544430469
65646,0.00758331680296564
65649,0.02136913615227882
65650,0.010557962473055451
65652,0.009010597068389364
65653,0.029152570274188532
65654,0.11930804935582934
65655,0.2610458905840532
65656,0.018501882081492053
65657,0.009866125155750536
65658,0.22201752315266893
65659,0.06750739296040269
65662,0.20022458821425734
65663,0.7961176148730925
65664,0.017587105458735538
65665,0.008662270613669705
65667,0.013295672053265853
65668,0.0887114729354887
65669,0.04382548886075374
65670,0.044474742346684346
65671,0.005888800950906374
65672,0.00810006274163
65674,0.24097693785055033
65675,0.18071941090358182
65677,0.004115585728981922
65679,0.02520339941307908
65681,0.015757958854632218
65682,0.0026212127583879726
65683,0.004404092418220311
65685,0.011006890779723128
65687,0.01473179406199049
65691,0.0034364433155280546
65692,0.3396994002050407
65693,0.0055670434522215855
65694,0.0012237510849007372
65695,0.00239131403353075
65696,0.0027766412380735906
65697,0.001976919599828415
65698,0.0021084786801674666
65699,0.0035533422004337656
65700,0.027223774667071654
65701,0.1372796024210174
65702,0.003104339053143814
65703,0.009785393323271153
65704,0.06138017705257128
65705,0.0019333921554884597
65706,0.013958616021992021
65707,0.0025859035606310226
65708,0.012270698290260297
65710,0.0062582199308817595
65711,0.00575322515557198
65712,0.0022148832964127485
65713,0.00751534581123023
65714,0.4084587944552872
65716,0.10936713934011627
65718,0.018191061704928416
65719,0.007306447659982703
65720,0.24772421386936877
65721,0.00301822088706351
65723,0.0013695484324441987
65724,0.009830913018950659
65726,0.057130464845545625
65727,0.3395804860194608
65728,0.18052725252726087
65730,0.005172055671896536
65731,0.2668552907916974
65732,0.012763105153526548
65733,0.04473684549363964
65734,0.011364816724160221
65735,0.003355710498745947
65736,0.030819137682229335
65737,0.005312961058110821
65738,0.001519986121447595
65739,0.01031373658945245
65740,0.013162548872378721
65741,0.004637747112658818
65742,0.0005173694745235719
65743,0.22737155596789646
65744,0.06082686367478709
65745,0.06522643827207836
65746,0.015406018998885437
65747,0.004714812839642065
65748,0.017717056577254482
65750,0.002331962032779596
65751,0.10951975732107226
65752,0.006942218067703806
65753,0.08880160509337527
65754,0.04982017688834033
65755,0.04395955730257479
65756,0.005901610661084299
65757,0.007345780450442295
65759,0.1320266583892644
65760,0.0035303858869629745
65761,0.002657150423152999
65763,0.00954288388556133
65764,0.002281560372692414
65767,0.11188533307679291
65769,0.008664818212067181
65771,0.0050854801414270045
65772,0.0006744678172225407
65773,0.006608827487883995
65774,0.04799858773737181
65775,0.0009233781662083712
65776,0.0037181015733359375
65777,0.037704706008029984
65778,0.10310729334151743
65779,0.016940209693559534
65781,0.011557588337103745
65782,0.002729398598268339
65783,0.001796571495824064
65784,0.013583160819262101
65785,0.18784443603647133
65786,0.012228072225226814
65787,0.0019098511058183493
65788,0.006578140332683566
65791,0.001157895406618753
65792,0.0059063807392018665
65797,0.35116604038853966
65798,0.021588383084528876
65799,0.016383405388271488
65800,0.7547908424909867
65801,0.005172208839107586
65802,0.029510526759834683
65803,0.10066925875911951
65804,0.0009844049587698859
65806,0.004504718569205894
65807,0.0012221399857730334
65808,0.005331380437535106
65809,0.003635470089632046
65810,0.06606539396316612
65811,0.13884249773755167
65812,0.0023790150594766002
65813,0.005597012995335279
65814,0.032511518179202184
65815,0.09908707174619792
65817,0.007670311349116482
65818,0.0028635820909851503
65819,0.01014604179807714
65820,0.004807443615097962
65821,0.0025018448437480285
65823,0.011235725796376111
65825,0.010995349704410361
65826,0.0025973027815189413
65827,0.039129036507660066
65828,0.026552448581612636
65829,0.02531164915792109
65833,0.009678852113390153
65834,0.015527478121634164
65836,0.0065297946155417575
65838,0.007758477539980925
65840,0.0016783879462328145
65841,0.05341503965278173
65843,0.1152934771882457
65844,0.004582713517067209
65848,0.03565904110900404
65850,0.010776632707722078
65851,0.004137836950033282
65853,0.007278513614540334
65855,0.779221296881788
65856,0.06505965911491562
65859,0.010647767214727292
65860,0.0009503550405736007
65861,0.02170637576269554
65863,0.0015133750972853356
65864,0.022786560847885377
65865,0.014940691354308115
65866,0.20346083200697224
65867,0.11832611159823478
65868,0.002373807455403216
65869,0.017000512193426884
65870,0.05325324417772443
65871,0.0040266428242585256
65872,0.004358108835558987
65874,0.04184163438883894
65876,0.004266739922822282
65879,0.31800643023814457
65880,0.0027233273453942295
65881,0.0061848816805033435
65883,0.05724890976138725
65885,0.00029898745036460543
65886,0.001161194194926058
65888,0.10473018664765084
65889,0.41961691618502894
65890,0.020448330011546417
65893,0.051157998611308396
65894,0.010796835610366822
65895,0.018928998657408064
65899,0.020927085483653685
65900,0.0018877775836071613
65901,0.002660444072492532
65902,0.004835698014036526
65903,0.005313412058235599
65904,0.0034000604207630736
65905,0.005574596501423651
65906,0.3010793122001616
65907,0.3092776931819572
65908,0.02469388376438535
65909,0.002447520905547126
65910,0.003459248276539938
65911,0.06027275988906301
65913,0.0038241254534238647
65915,0.7579782270982331
65916,0.20196988861706658
65920,0.000664487406948738
65922,0.025657420780360558
65924,0.12017414878944466
65927,0.011172235186346772
65928,0.015845832001063268
65929,0.04859683582281362
65930,0.025768055575993726
65932,0.16882059943468114
65933,0.0440638766870374
65934,0.1544915664170282
65937,0.17794666512162288
65940,0.0201272782361547
65942,0.0014949807165780473
65946,0.02387269162176456
65948,0.01070465529322647
65949,0.008334431797977515
65952,0.028196310546312157
65953,0.1012707071923054
65954,0.0014864848068586963
65955,0.015540876849108362
65957,0.0086555775939284
65958,0.0009236899661340938
65959,0.0026438749949843866
65961,0.016838621928546658
65963,0.743494003076471
65964,0.017340100033190753
65966,0.0055888235365752935
65967,0.006697951011094156
65968,0.01089669941404844
65969,0.02263820056715385
65971,0.05186767575967572
65972,0.0038895411779574724
65973,0.009352931290251913
65974,0.01768308510701043
65975,0.007069184440566243
65976,0.03025711383004647
65978,0.1467265864210269
65979,0.025504908527191384
65981,0.16940774561089042
65982,0.03651192246459123
65983,0.09486677692911506
65984,0.002194915230306912
65985,0.02047058432028769
65986,0.002781767363821234
65987,0.002021108928586948
65989,0.0021093323762356527
65991,0.049276923638635915
65992,0.0026787103802626616
65993,0.0022695688126235336
65994,0.03623445369388954
65997,0.029502290765567683
65998,0.0025591720221993276
65999,0.0015014665225058662
66000,0.0024904307243154384
66002,0.00497507730320334
66003,0.0012398056408118188
66005,0.009462599048287534
66006,0.05114891271624913
66007,0.41074433144146
66008,0.10752780087195758
66011,0.186716967053319
66013,0.005447575518351025
66014,0.01981576212030913
66015,0.05955506085229333
66017,0.0213617960877491
66018,0.0018241061551692835
66019,0.01619915341432547
66021,0.02238935312089496
66022,0.0023058661568692205
66023,0.012682661417233733
66024,0.00563108476181246
66026,0.02039827493814256
66027,0.007579937500074674
66029,0.014818451191327856
66031,0.2073953704390983
66032,0.1060257615433877
66033,0.012753014135072635
66034,0.031140788802303265
66035,0.4010046807468773
66036,0.011706419741479606
66037,0.07557198433950589
66038,0.03374025716466978
66039,0.011187489834625414
66040,0.31192023128753
66041,0.0015416711447571226
66043,0.0009250880097194092
66044,0.005759539031628509
66046,0.009183305482300851
66048,0.004094338225645606
66050,0.010701182489708217
66051,0.1737330005081995
66052,0.0019463667739410475
66054,0.01661873372222765
66055,0.011653945295626484
66057,0.05159895020590694
66058,0.06629801622109985
66059,0.00627368110849633
66060,0.011279224836864077
66061,0.008698916797753205
66062,0.012519002324341428
66063,0.06316132872537406
66064,0.06735292506944295
66065,0.021366566184343218
66067,0.0029172292851117423
66068,0.34108130168502226
66069,0.2701858116637004
66070,0.08747934219227164
66072,0.19026671157072164
66074,0.002493033131733268
66076,0.0016776661144198557
66077,0.00643679563094028
66079,0.0063729258361411
66080,0.014587170233627128
66081,0.010252575845218588
66082,0.004302403092827259
66083,0.0022892218968553844
66087,0.009116038378781638
66088,0.006030974814387102
66089,0.008665977684982923
66090,0.014518320544748137
66091,0.3381776221679697
66094,0.008055000667733687
66095,0.032759949001266095
66096,0.07955263417779415
66097,0.62466628746539
66098,0.3686235976547695
66099,0.07083115499938929
66101,0.0034081218990633226
66102,0.0006717551643571919
66103,0.0296283581074483
66104,0.0022025855151675913
66105,0.011674258971672725
66106,0.03648358015642354
66107,0.06464891986771341
66108,0.11022485845511813
66109,0.005266163320352054
66110,0.7736008527679145
66111,0.03500289133464264
66112,0.030040708224624364
66113,0.7152071840624582
66114,0.10742161804565199
66115,0.2999520263315762
66116,0.012124596607218912
66118,0.005292413375365399
66119,0.010601212450710693
66120,0.055879891980443734
66122,0.008109298075561556
66123,0.0052237467721661475
66126,0.002425397615890638
66127,0.017877431061496255
66130,0.0014456671816317906
66132,0.008180302307336703
66133,0.00779447779788275
66134,0.003250730968691499
66135,0.0013180880633788653
66136,0.003412614575287393
66137,0.009536852603682281
66138,0.039713787998323584
66139,0.015828010656178563
66140,0.017457747360388423
66141,0.0017349593179491157
66143,0.03432545089485677
66144,0.02461920700486395
66145,0.014566689551172945
66147,0.002404933177240582
66149,0.013016417997220414
66150,0.011591649382305613
66151,0.001954501780136946
66152,0.04857452201581142
66153,0.0037694429892165503
66155,0.00989112967185486
66156,0.010972285150218811
66157,0.007524377816394627
66158,0.00016585125373778893
66159,0.02149552920912908
66161,0.007486828379741114
66163,0.2073821069612822
66164,0.0011919030741538686
66166,0.022473477930034035
66167,0.008802661338199626
66168,0.012551006791048536
66169,0.017281534471260025
66170,0.00868771633511077
66171,0.008091038587692584
66172,0.41439715067963323
66174,0.20797502416044095
66177,0.0026865263152503036
66178,0.002279716523343066
66180,0.01942772365909753
66182,0.024725959754980813
66183,0.0583611285766172
66184,0.005633893907786294
66186,0.03834915105798601
66188,0.05898326197086683
66189,0.009610207097786037
66191,0.008606030756089473
66192,0.008000105697403751
66193,0.009862541983477077
66194,0.006444206303705511
66196,0.005650613862167663
66200,0.35789875640038626
66201,0.011027022709601875
66202,0.1798560404623456
66203,0.8057831190937395
66204,0.004153654951153118
66206,0.009971001519488558
66208,0.111886976571927
66210,0.033724661481302626
66211,0.052261887718265634
66212,0.17589381561412287
66213,0.02012235802869125
66214,0.13816660762647617
66215,0.16199018608498417
66217,0.012501520232228681
66218,0.020153688831327534
66219,0.33929817637730575
66221,0.03511764641712771
66223,0.0024882061443894997
66224,0.0011874266165919896
66225,0.02718328804385531
66226,0.08728612505642
66227,0.004092205038767947
66228,0.036783121466745644
66229,0.1511316924333391
66231,0.00744830441693995
66232,0.0049563807908947185
66233,0.012691663627191938
66234,0.1321031894634343
66237,0.005305276285971755
66238,0.019668466568687343
66240,0.06611703798788107
66241,0.0028767671740920885
66242,0.044401042376601224
66243,0.004732430725935162
66244,0.00846222239051881
66245,0.14440718156956903
66246,0.0049807621978976025
66247,0.010274430856018348
66249,0.0031756692224557633
66250,0.009705052304042061
66253,0.011302944752571617
66254,0.020392936364636058
66255,0.0671420563593352
66259,0.004514659725692542
66260,0.008802921260232289
66261,0.00789816070450351
66262,0.009350450829006915
66263,0.01828323933170692
66264,0.015060512109034507
66265,0.0264584200019045
66267,0.01131762471740862
66268,0.004188012532548826
66272,0.0014320238378245774
66273,0.20880067106299677
66274,0.010965721362414624
66276,0.004042436296901292
66277,0.01570500935728654
66278,0.0012334721813487624
66279,0.005901948916977921
66280,0.008964004087258724
66281,0.14469364937174042
66282,0.004123759292862517
66283,0.025471182436390315
66287,0.01705081276863696
66288,0.005262051854840994
66289,0.09553454292816393
66291,0.003607499713543929
66292,0.08184438231513466
66293,0.026504411126107685
66294,0.006871176205017133
66295,0.1332870477329263
66296,0.002763967918304785
66298,0.01601775466108394
66299,0.009789994066683374
66300,0.00639823656440926
66301,0.004059573668338374
66303,0.012226952451372312
66304,0.037949630380261036
66305,0.021875989777548052
66309,0.008382639978626217
66311,0.05701768842608188
66312,0.009448659424183348
66313,0.019128951173673435
66314,0.00783950625711626
66315,0.09973160529245599
66316,0.010799370859923557
66317,0.02961613956553433
66318,0.054679083818540156
66319,0.001022482613561191
66320,0.021933044132666675
66325,0.0027112797383847366
66326,0.002752625226563025
66328,0.003338666997975505
66329,0.0022958551318858367
66331,0.00657708922456291
66332,0.00980058627344831
66333,0.012810170991996614
66334,0.013711806394763123
66335,0.006075732741664909
66336,0.0021303020016851925
66338,0.0018658524268613656
66340,0.04975609807332123
66342,0.009163576947560799
66343,0.019602250890920735
66344,0.1336747210691927
66345,0.06860758522821095
66346,0.04039460420099931
66347,0.022838923010257098
66348,0.019826397139030172
66349,0.016631987623400808
66351,0.09847739833628438
66352,0.051139203846659334
66353,0.0061192039074619235
66354,0.0055899970190056575
66355,0.0016529345137887184
66356,0.03649642283654107
66358,0.005415293183288629
66359,0.0006821758363638308
66360,0.005057397073035589
66361,0.008603886650917103
66362,0.014370476615370921
66363,0.14517734680870198
66364,0.022370349983483674
66367,0.036942290282235224
66370,0.011048986726971372
66372,0.010867432776438115
66374,0.004442529841039195
66375,0.3193651651333735
66376,0.005419822979602984
66377,0.0003746451526205028
66378,0.03842426621290761
66379,0.005278126064907851
66381,0.004061812608019976
66383,0.0033441934592563153
66384,0.022049826938399956
66386,0.0009103178378828301
66387,0.017172762967204987
66388,0.06514989805644586
66389,0.0026605433315100443
66390,0.0043308188984791446
66391,0.003055564019961249
66392,0.004023916820497862
66393,0.013822022598343963
66394,0.05698658273652158
66395,0.010415602217855414
66396,0.0009214687540289586
66398,0.019958774215035537
66399,0.009473401690415379
66402,0.03334845528365588
66403,0.004014475952795398
66404,0.006112355883860594
66405,0.0004606731950822509
66410,0.23395441085409147
66414,0.07669520680935946
66417,0.01064529868934431
66418,0.00864637554130904
66419,0.01226603597486978
66420,0.6927500488061871
66421,0.006277338885176107
66424,0.001531100238620999
66425,0.0009732485074890688
66426,0.0023637676619124967
66427,0.004128246980200835
66429,0.006182186008062964
66430,0.003877634611230303
66431,0.0008738431409289262
66432,0.005086116444721548
66433,0.0009504157400940346
66435,0.0002487029851200109
66436,0.004632537117951549
66437,0.0012281336158438535
66438,0.08978039804262362
66440,0.0016208001299995087
66442,0.01223429689145248
66443,0.0024797176035697543
66444,0.01995457253204626
66445,0.007825151198187795
66446,0.003953892943604687
66447,0.0036533732078984685
66448,0.003455459827417706
66449,0.003028414390694108
66450,0.0062617655587921305
66451,0.03670177460480092
66452,0.0029305479653734517
66453,0.0031125697838761943
66454,0.01508338338490599
66455,0.025844692425686433
66456,0.005555121399204517
66457,0.009844123920801265
66459,0.0028647072280452938
66460,0.03374319288089281
66461,0.008772593099141612
66462,0.004290062782210504
66466,0.006436771953600775
66467,0.011554615213185829
66468,0.0046149116811769605
66470,0.0004098122092262262
66471,0.128127478189289
66472,0.0022257592208128063
66473,0.022762605369306774
66475,0.0018460778204434274
66476,0.05393527799517756
66477,0.0733813875635352
66478,0.014144490973826453
66479,0.017561291633879907
66480,0.2740245277595292
66481,0.04440493555006611
66482,0.015843709009224074
66483,0.197929523111569
66485,0.09704547480673574
66486,0.02449142228938069
66488,0.013176662393771967
66490,0.0060599479295467325
66491,0.020321325366406694
66492,0.23401832423846566
66495,0.0055534145720960645
66499,0.0021990189995034215
66500,0.009232540516931684
66501,0.38576199764445923
66502,0.00743694676712017
66504,0.004763614089791018
66506,0.005887685501851048
66507,0.007738914412185353
66508,0.01500051876044476
66509,0.0077017569434431185
66511,0.00112691312906474
66512,0.00011193589659652984
66513,0.03932353241971948
66514,0.0033300198131056263
66515,0.03676661951689314
66516,0.0056056194156659965
66517,0.008627956277758381
66518,0.00269779866144591
66519,0.01947674713691157
66525,0.0010613487575998892
66527,0.14056437705176955
66528,0.08750455111578324
66529,0.0041140460236019204
66530,0.021543299587783928
66531,0.004579645182821643
66532,0.38130615461730094
66533,0.010667014146071546
66534,0.0007639737269401506
66535,0.008032015490350151
66537,0.00342931197707978
66539,0.0016247358776879644
66540,0.00564843355623029
66541,0.006942847888312145
66542,0.3718182687969787
66544,0.002362095937445232
66545,0.01826279826479356
66546,0.003614539370829817
66547,0.011466431632760664
66549,0.01263667311173957
66551,0.011216609903192544
66553,0.00444351928987836
66555,0.005205510413939689
66556,0.06911407815079995
66557,0.006263409395701815
66558,0.006932485004438829
66560,0.004733658067084756
66561,0.19667928037931665
66562,0.07512656506991784
66563,0.19765690139874076
66564,0.005677089498909785
66565,0.29051970647940967
66566,0.009780132414092691
66567,0.001703914791950851
66568,0.001524744384621416
66569,0.013057130544461613
66571,0.00041075349769567794
66572,0.004918260145927747
66573,0.0023161942226189443
66574,0.0016342145315672491
66575,0.02812145707834783
66576,0.01059206555943886
66577,0.0034829241854100676
66578,0.03605831262847993
66580,0.03996858263642597
66581,0.008243246828945
66582,0.016163343573896174
66583,0.015672252224075405
66584,0.0022728282228877466
66587,0.011897045158601549
66588,0.002688204309896401
66589,0.006872664685825329
66590,0.0025278522469602245
66591,0.0020579420916213994
66592,0.03506214747417909
66593,0.04609263576454716
66594,0.19445029144379036
66597,0.022375788413513977
66599,0.0022099938207703704
66600,0.002137883955772222
66602,0.00172098382549438
66603,0.0014772475385871353
66604,0.0011826662235791632
66605,0.000438264162592665
66606,0.010617758115182905
66607,0.04013566999660704
66608,0.5496701797616739
66609,0.24493961050640056
66610,0.030276225609494643
66611,0.0059042105343314446
66612,0.07356848560043477
66613,0.048591530587168905
66614,0.02965932520401685
66615,0.0055130537953955805
66616,0.02244507317015046
66617,0.12932581494458106
66618,0.010653533798162652
66620,0.038830745728552316
66622,0.0919706034424643
66624,0.022575546717272854
66625,0.0022207733431316135
66626,0.04633763449402411
66627,0.0030943484842165443
66628,0.0007841648142439487
66629,0.0031555991617396306
66630,0.20043212300753907
66631,0.008627463407492507
66633,0.004656570270560043
66635,0.001662712858386032
66636,0.013646542665267616
66638,0.007380916214052103
66639,0.0022681594159295955
66640,0.0005546943990663894
66641,0.010866317355145323
66642,0.013666254141521606
66643,0.2303411277538108
66645,0.09753703762103585
66646,0.002545092381163583
66647,0.007544399973317526
66648,0.04562346409366326
66650,0.05821685982028867
66654,0.01386729158905838
66655,0.007399574154882323
66656,0.059783166745534216
66658,0.0022419322852540997
66659,0.005583390834798402
66660,0.0007556111009080003
66661,0.0011393980288720987
66662,0.0006963467611436657
66663,0.009502399622891797
66667,0.011071557708822437
66668,0.008597777556694323
66670,0.005513623667868564
66671,0.001484469916877799
66672,0.008972112041941526
66673,0.01182632105001784
66675,0.006714672323621344
66676,0.011336207300143727
66678,0.0033905106739518507
66679,0.0015134357759444886
66680,0.05864934203500614
66681,0.015173561882089426
66682,0.0015584529012343863
66683,0.006405808419998182
66684,0.00840031116066798
66687,9.064669275922053e-05
66691,0.0009369610277837265
66693,0.011394976255954755
66694,0.012243643718514363
66695,0.3612291373639282
66696,0.03450151894623137
66698,0.007363390610061859
66699,0.0018474888784273582
66703,0.002945288791294382
66707,0.00813942633938778
66708,0.2918083517821152
66709,0.03787912616175937
66711,0.006923991746243733
66712,0.0017199396956423729
66713,0.0068689501260209024
66715,0.0037800850153239247
66718,0.003309111230083291
67476,0.0017811850880822555
67477,0.004559008391437258
67479,0.0034487318636727327
67480,0.0041375219669893435
67483,0.01570975335499596
67487,0.0050694163147368835
67489,0.002562997692415046
67490,0.0049788716233462975
67492,0.0014785744021779963
67493,0.003344755190846078
67494,0.0021647776545650407
67495,0.022327897592056844
67496,0.00042130102505799215
67497,0.006172551902022816
67499,0.003174043860333166
67501,0.0021002582183829895
67503,0.0015245382889683785
67504,0.0026396377255617043
67505,0.00732246369310286
67506,0.0005099723468719432
67507,0.0014466588264501876
67509,0.001282380959033027
67510,0.006781881431442016
67511,0.006620327200457622
67512,0.009495926686717643
67513,0.006249235211920962
67515,0.009590351121912312
67516,0.004684821619333727
67520,0.03686608110369222
67521,0.007481695274869924
67523,0.002559829704896249
67524,0.009981214948930676
67528,0.009522231403911455
67529,0.004027306926093744
67530,0.007893244521093579
67531,0.001354308850384077
67533,0.001275839460525798
67534,0.002406087509599984
67538,0.0048078420959751945
67540,0.0018891797977521963
67542,0.0005498435529622284
67544,0.000350070269797418
67545,0.0020029344846417825
67546,0.0033536191840687307
67547,0.003593051901607159
67548,0.002961191825417595
67549,0.0008357513941575543
67551,0.031202737752365147
67553,0.029565738667143696
67554,0.0074041197716169585
67555,0.006203394086080721
67557,0.007197064041163666
67560,0.01756451487752707
67561,0.0014733288957955823
67563,0.007369878030800367
67564,0.002000284117174565
67565,0.03502979322584926
67566,0.011044953219720937
67567,0.005237342404224518
67569,0.00700562807419704
67570,0.002971488526758178
67573,0.003805829196308928
67575,0.006161252967514599
67576,0.000952532186812296
67578,0.004472106084641489
67580,0.000996832881161775
67581,0.0016115942908023573
67582,0.010143026096418992
67583,0.003980666878940205
67586,0.00042036048037627223
67588,0.005974642067631937
67590,0.0010954538761089637
67595,0.0004906222493341109
67597,0.00231385731040263
67599,0.00024399078962245664
67602,0.01197491893714873
67603,0.0020985337677129345
67608,0.0018238260917642155
67610,0.011458497776144655
67613,0.0014144121197024898
67615,0.015698238776223544
67616,0.006498043980167659
67618,0.0028916661569801903
67619,0.05915635028044006
67621,0.04773446587420235
67622,0.0010765291910750131
67623,0.006770446014995856
67624,0.004854476443812155
67626,0.00295974448201298
67627,0.0002724666701405283
67628,0.022831331086339165
67629,0.001566030854065081
67632,0.011870623364236433
67633,0.008923284065020064
67634,0.000624306421312629
67635,0.007027859750883279
67637,0.5385458402083417
67638,0.0024970902903981886
67639,0.0015058525342146012
67640,0.01207999816019429
67641,0.012644936006487863
67642,0.010873734885912287
67643,0.0011075362997134798
67645,0.005968323855860629
67646,0.006628571640315634
67647,0.0046602904229447245
67651,0.006551261643012991
67652,0.015075557445059597
67656,0.0003704996056283006
67657,0.0015716592595814648
67658,0.011073681223701849
67660,0.0005960247995101844
67661,0.006825113369995773
67665,0.0023234921623147926
67666,0.00030032253272544216
67668,0.02187309637257781
67669,0.02614410541241877
67670,0.01400697946446534
67674,0.020838813702461653
67675,0.002676345887439803
67677,0.0016090388012412586
67678,0.020014910077605873
67680,0.014703603483270433
67682,0.01386225732411066
67684,0.002763688495735492
67685,0.005183832076473036
67688,0.0013969259900521714
67692,0.004529988840342348
67693,0.0021351058300557724
67694,0.011117967219804065
67695,0.013842754481482264
67699,0.014323031999307963
67702,0.0005690190781907986
67704,0.0009955142469959758
67705,0.0019714279551696964
67706,0.011030656167222014
67707,0.01295630765946516
67708,0.0026923848272460507
67711,0.0076883833995017165
67713,0.004558003349817679
67714,0.0007201987511142678
67716,0.0034233715158981815
67717,0.000375629740360805
67718,0.007738966620118386
67723,0.0009364768985958426
67724,0.003149613759186623
67725,0.0013290931447975008
67727,0.00565435117689036
67728,0.0024650715039843257
67729,0.011246105496636983
67732,0.006999519114709878
67734,0.0012440317419964374
67735,0.007342649217275105
67736,0.0007152407191040192
67737,0.0009975554196468802
67738,0.0072012454775779045
67739,0.00930009781571106
67740,0.001135513766312871
67742,0.0001858984085879597
67743,0.003684327676881882
67744,0.00490538476844606
67746,0.001644228140274421
67747,0.005270558565868065
67748,0.0023885726065043518
67749,0.0005750548458229815
67753,0.0017718442907941484
67754,0.0011156397695739634
67755,0.0005882446496097204
67757,0.01702561488161653
67759,0.0016212587557881018
67762,0.0032442131591431758
67763,0.005280158119044628
67764,0.012793915064572156
67765,0.001659875663848245
67767,0.0054977742863672125
67768,0.0012153815415877668
67771,0.0020157247571323637
67772,0.0010728189820806585
67773,0.002796688885643103
67775,0.0009201096280163714
67776,0.0035533001071834645
67778,0.07636097312259836
67779,0.0027857317665315345
67780,0.002752808813259887
67782,0.008889581379717452
67783,0.011579371043886956
67785,0.0028139722123066003
67786,0.0072104818605554
67787,0.016983631015163453
67788,0.005051339826273071
67789,0.005234502586888272
67790,0.02062700307102913
67791,0.0042417144953643795
67794,0.008734090590373817
67795,0.00030954078766215964
67796,0.001546104547220925
67798,0.001815269992708182
67800,0.004179647585622197
67804,0.013184153574113136
67805,0.006863725419780111
67806,0.0013947403491620736
67808,0.0013747632089391984
67809,0.005976835649847699
67810,0.003789877297124748
67812,0.0962062087245239
67814,0.0010250494037228775
67815,0.013835993184756605
67817,0.0016201455374198052
67818,0.005059486704633582
67819,0.001333072476109475
67821,6.621628650935466e-05
67824,0.0006010059738071081
67825,0.00749571876452283
67826,0.0004638940985586531
67828,0.0023103262790404003
67830,0.005541043814290164
67831,0.010740890543730591
67834,0.0012663999307867024
67836,0.00281447384815372
67837,0.006290221517509794
67838,0.10241170949814603
67841,0.015984141450579505
67845,0.0017770586186732615
67846,0.0008841556594229976
67850,0.008039918036282253
67852,0.009699597710573401
67853,0.0001881393035855716
67856,0.003984513272875665
67857,0.0017405439570532023
67858,0.004382330170818126
67860,0.009117762503860385
67861,0.020250893071767244
67864,0.006326155366046496
67865,0.002569120751765277
67867,0.002223969827314943
67868,0.006145485869183235
67872,0.03388900232554443
67873,0.0049907758052057825
67875,0.01704470853042017
67876,0.004374230730981234
67881,0.0031676384851375217
67886,0.014002336955101786
67887,0.00014469702296198767
67888,0.0030744208776621513
67889,0.0009243033662312962
67892,0.0038481280167063253
67893,0.08249920067265086
67894,0.007559762648725188
67895,0.0028271992418893092
67898,0.007232368521593797
67900,0.013356607006466953
67902,0.0035804476328058325
67904,0.0020069079089667942
67906,0.0006669303724880551
67908,0.0023516983438871867
67909,0.00741181193438303
67910,0.0009838057293658242
67912,0.01046960578902507
67915,0.01054689077503256
67916,0.001034374680479237
67919,0.002515335330516269
67921,0.001303437146917996
67923,0.0027432521592084605
67924,0.0007892032307766325
67925,0.00159033599324392
67926,0.005321265766925827
67931,0.002017320995327954
67934,0.0033840912839231975
67935,0.0010352120643137678
67937,0.0034163230572824593
67938,0.004898475771458898
67940,0.0002996453625738501
67943,0.007651998700819205
67945,0.037268266563478834
67948,0.05144245450547529
67949,0.00209034272339257
67950,0.010250419248073463
67951,0.010827201935481093
67953,0.011700217438716427
67955,0.004268259683444226
67956,0.025698665085364825
67958,0.0005890065375935924
67960,0.002991290207441966
67961,0.04075415841343153
67965,0.0037372908240502697
67968,0.0038039132432237774
67969,0.003307292481414257
67970,0.0068065585424174155
67971,0.0009392513960405577
67972,0.0023350161785233854
67973,0.004105620222247718
67974,0.0036406495311838436
67975,0.0011348876941899356
67977,0.0015310122220965517
67978,0.007722484788442414
67980,0.0015642122632321966
67981,0.0008001660736639225
67984,0.002545001911455124
67986,0.015394728973506584
67987,0.0003634182957917854
67988,0.00034675753082303077
67990,0.0025745696843309583
67991,0.00034742707613393984
67994,0.006604118022851964
67995,0.003253852280341591
67997,0.004821797906932549
68000,0.0015243442930943166
68001,0.0053040758804572515
68002,0.0003586999145700299
68003,0.01066811603748815
68004,0.016315459770574636
68005,0.006782635860168633
68006,0.0013467310042220358
68007,0.0026122384930838826
68008,0.0018710998485017994
68010,0.0013392473420405478
68011,0.000889323704519542
68015,0.004385563427389509
68016,0.0008100637522371517
68019,0.005451361595553385
68020,0.022554809726839747
68021,0.07403193375981344
68025,0.009877029215715805
68027,0.000995635162921978
68029,0.003969722972756876
68031,0.0060311788965204845
68033,0.004486255536492531
68034,0.001404797311986973
68036,0.002613198560927165
68037,0.0030696990934714137
68038,0.008295325715184279
68039,0.00029847689717512455
68042,0.004286925266293652
68043,0.004482801248689058
68045,0.022495543124263127
68046,0.003884782312846168
68047,0.0014170059288264145
68048,0.0004923512889602928
68051,0.006204067157321185
68052,0.009284016700121186
68053,0.022411452851131802
68054,0.0032946749507419388
68055,0.02110625274568546
68056,0.004954735319387546
68058,0.020059966342292464
68062,0.00041592867887134036
68063,0.004506889171011534
68065,0.35302881324974084
68066,0.004998038526809638
68067,0.0017386514563653237
68068,0.005560976277547226
68069,0.0021695998464293736
68070,0.004463248696994524
68071,0.0009590898164582887
68072,0.0018727742080774789
68073,0.0012162185927849904
68075,0.010198147941736993
68077,0.006683111533161042
68079,0.029267529085553023
68080,0.0050208740653475805
68081,0.0023833817771285737
68083,0.002711162537246586
68084,0.002613991162118017
68087,0.0010214127967790821
68088,0.0014351344978820219
68090,0.002594643537615839
68091,0.013463270302242758
68092,0.004406610634407659
68095,0.009136452600126905
68096,0.00882503910068101
68099,0.002057001512890074
68102,0.0011690777349959661
68104,0.0015438604005016821
68105,0.0013022424762622927
68106,0.005242219055123154
68107,0.001530811776892715
68108,0.0026207128665612614
68110,0.004926350465922352
68111,0.001713897091816057
68112,0.198898303291215
68113,0.0017889608191298434
68114,0.0019537746479709067
68115,0.004461707640868614
68116,0.008562797899604133
68117,0.0010785932236198979
68122,0.0013019598718792293
68123,0.00485157806528134
68125,0.019853683823299183
68126,0.0009013857453596344
68127,0.0010350769224364213
68128,0.00853538719267934
68129,0.00032304886956259027
68132,0.002336066768574476
68133,0.001367297973163426
68136,0.0023470798858756187
68137,0.0014592147309838714
68138,0.00022567733276506502
68139,0.0009169114413550979
68140,0.001042244952820038
68141,0.0007899741855268341
68142,0.004702559426149254
68150,0.009729050695351531
68152,0.0012455731781857388
68153,2.870887980727605e-05
68154,0.041412880632572015
68155,0.006472276609587241
68156,0.004279927565586189
68157,0.0010286215832926067
68158,0.000702972589340152
68159,0.0005751247025018803
68160,0.0018746912042316294
68161,0.012984902127323086
68162,0.0060214144760483545
68164,0.006613869907437185
68167,0.0071304919552881325
68169,0.005164596032789247
68170,0.0013735558357312252
68173,0.0026121884792240997
68174,0.0007974043127064303
68175,0.005818526337357798
68176,0.0005028148473700569
68177,0.010847516015858087
68178,0.0008986988523806415
68181,0.0013432646461584187
68182,0.010186971250882556
68185,0.0036350970463960605
68187,0.0013564515235745711
68188,0.0016147904597353265
68189,0.0065211166300418255
68191,0.001130131311476239
68195,0.0035183002521577073
68196,0.0019004880657292093
68197,0.00384585610093128
68198,0.0016927270611540918
68199,0.0005947509678505716
68200,0.015804795600250762
68201,0.005202585948814703
68202,0.05266913195411377
68204,0.003585379076152624
68206,0.0063623149436175894
68208,0.0014082675377251105
68209,0.008376354766446164
68211,0.007421552140309737
68212,0.0017963461768527682
68213,0.014055858902484345
68216,0.0033978440435277614
68217,0.007379921287073911
68218,0.00029498818233079753
68220,0.001494311807211225
68221,0.0017001705269997338
68223,0.0013913687970293009
68224,0.0012115770528710516
68229,0.0023714118152089857
68233,0.007757380512458886
68234,0.0012783430271346942
68238,0.004935455936744862
68239,0.003711466500622725
68240,0.19022742223886427
68241,0.00017810701868715287
68242,0.008862661569690351
68243,0.014695657915725009
68248,0.0009850112840569978
68251,0.0007050194413647726
68254,0.0026340687398227034
68255,0.0033537837384399693
68260,0.0017309544000832916
68264,0.004554407978857428
68266,0.0019726688439814935
68268,0.002801389034673489
68270,0.005012590621705789
68276,0.0009043525794857437
68277,0.006303242220061779
68280,0.010536670716497595
68281,0.007393669298989024
68282,0.0005050531789814955
68283,0.0077875350539285855
68285,0.001110726524989057
68287,0.0015942710190257438
68288,0.0021569436387883253
68289,0.0030976601917567428
68290,0.0005313015637747884
68292,0.07026317377616598
68293,0.0007524734377707635
68296,0.1444757349469819
68302,0.0004830393348453323
68303,0.0011475309153865753
68304,0.001363582395854234
68306,0.004605206437203978
68307,0.0007399224908609546
68310,0.0019100150769269665
68312,0.01039000473648958
68313,0.03120776348523312
68315,0.006770042673057252
68319,0.0015307073181335831
68322,0.0021331583203590067
68324,0.002949352288105744
68332,0.0012010895714110294
68338,0.002879305995920511
68345,0.001974228993899146
68346,0.00033330050814752674
68348,0.11174221758102555
68351,0.12319993803515153
68352,0.024660726633525254
68353,0.001696677545279096
68355,0.023533203367815357
68356,0.0005225970764297933
68357,0.0011368031358871629
68363,0.0076561828201177655
68366,0.00496486396611759
68369,0.002442459448006994
68371,0.009459151797683852
68373,0.007368474625085245
68375,0.006350094784183924
68378,0.0016639366751527043
68379,0.31354744171934384
68381,0.0032795251826827024
68383,0.003608201272935106
68384,0.0008316141211095876
68387,0.01933475411954318
68392,0.0007825231847545946
68393,0.0007169160322293848
68396,0.0072699636596418446
70245,0.0008701802299244332
70248,0.0013381601642240798
70250,0.0014925693863034786
70251,0.014744381721975168
70252,0.015542374483121643
70253,0.01353893801905063
70261,0.01037756511044049
70263,0.023697941937171424
70264,0.011749834293051428
70266,0.003835380726635247
70267,0.013366252050127848
70268,0.003794613921008135
70269,0.378145772841559
70270,0.007234724726795257
70271,0.0069955914188733785
70274,0.012767943902670836
70275,0.0067083870288943215
70276,0.01781669742545326
70277,0.0029746361016364155
70279,0.002572724136312833
70280,0.005168853343885636
70281,0.004457961843930324
70282,0.003326647206140525
70288,0.0009340257405621563
70289,0.09682658413469679
70290,0.040763773703898776
70291,0.0022332876208585426
70293,0.007175410560816403
70294,0.003817071671581903
70295,0.0349481162720195
70296,0.00951444429032644
70298,0.001523554138266234
70299,0.0011954667984573346
70300,0.0036644523892945947
70301,0.0020685668571025573
70302,0.006521841631590112
70303,0.0291400138890382
70304,0.005766029280347615
70305,0.024952642285347115
70306,0.000680185254204828
70308,0.0024774231840308993
70311,0.001472052854965919
70312,0.006359689635031147
70317,0.0038212446730921316
70318,0.01203569801029759
70319,0.38287062357322216
70320,0.007933205539971778
70321,0.01279480941350249
70322,0.0031482689124023807
70323,0.01742447809126383
70324,0.002439460691009494
70325,0.0052131816063048005
70328,0.0037253665533591306
70330,0.018317449990060578
70331,0.0031187165111053084
70332,0.00711528394770258
70333,0.010732494342648233
70334,0.0015942210297639667
70335,0.28482947407089626
70338,0.6723798150001531
70340,0.0024719998475223564
70341,0.04651498682450863
70344,0.09385179998391872
70348,0.051562191394804564
70349,0.0024430131131363162
70351,0.0022632933820314572
70357,0.008348809284965527
70361,0.006805276638754124
70362,0.17221707985325366
70365,0.005093007105739419
70366,0.010171400408160957
70367,0.003536756222321826
70368,0.001606979876954847
70369,0.009678691648887012
70370,0.1769670165859977
70373,0.004808003343559501
70378,0.0010691568930980477
70381,0.012014224121570877
70382,0.003778100054000905
70383,0.011241647653017283
70384,0.01361895392149362
70386,0.01589290703509747
70387,0.003928772014667978
70389,0.002706465756925979
70390,0.0053322951007466705
70393,0.0007596583485919346
70394,0.7784465495609201
70395,0.00218861897797248
70396,0.0012944718042925548
70400,0.011311131100191546
70402,0.00614614503937062
70403,0.0038225997537418236
70404,0.0014627146744382832
70405,0.03292040196889858
70406,0.0049667771237664315
70407,0.020819386703070212
70408,0.004251517222405349
70411,0.0099230677679552
70412,0.011982092989623747
70416,0.0002927791679456666
70417,0.007062125964818137
70418,0.019865388439963463
70419,0.25236251482405014
70420,0.007669888812095263
70422,0.7516216007011446
70423,0.009168545188809824
70424,0.02026236610980721
70428,0.00023591551156319286
70433,0.12892961848753703
70435,0.028534930610474487
70436,0.027521982801937846
70437,0.013024463629510064
70441,0.003899952031046442
70442,0.0013701987401732417
70443,0.0024154606225283647
70445,0.01936878953274263
70447,0.002489059175124556
70450,0.01543968770585104
70451,0.009236430186977812
70452,0.01999592231790224
70453,0.002587695961892367
70455,0.009000588151849705
70456,0.0010481247493008114
70458,0.013611171407158952
70461,0.7918489918753974
70462,0.003030301233666594
70465,0.0018049084834638502
70466,0.07152330746907062
70468,0.006073583484578609
70471,0.00164664978462007
70473,0.005172690283990598
70474,0.018499192292522133
70475,0.0053439913471108645
70476,0.018439148485970096
70477,0.021094545016969956
70479,0.007384176753382558
70481,0.014990543930935211
70482,0.002069085091497315
70483,0.002489216813430997
70484,0.006527424959342269
70485,0.013355815093451202
70486,0.02472623003933636
70487,0.002624351303250489
70488,0.11854369533431591
70489,0.00644330417998071
70490,0.0033500540368406042
70491,0.004113916460166404
70492,0.0023420323445541642
70495,0.0065264630108281315
70496,0.009625440818290571
70497,0.004802226538844804
70498,0.0077896926735168135
70499,0.006282260513739179
70500,0.00721552924813499
70503,0.010795307143042164
70504,0.005660761530254051
70505,0.011219641890277715
70506,0.0012133855485042247
70507,0.0075819364192245475
70508,0.003310861429367015
70512,0.004306433067514116
70513,0.0020687589537052888
70515,0.0010567691756014693
70517,0.004850078543301031
70518,0.0036595815240724108
70519,0.0037416024882280263
70520,0.01248985718897203
70521,0.0029983223251391867
70522,0.002948039153338193
70523,0.010421491106875961
70525,0.007071368791907455
70526,0.00592641614452786
70529,0.0017751691469632502
70530,0.003369464666538434
70533,0.056438999411380246
70534,0.0005850364093993649
70535,0.006393545968022256
70537,0.06632809251925166
70539,0.044917737542962834
70541,0.01106023771044332
70545,0.010687446825588373
70547,0.00742805450852187
70554,0.004423662967567506
70556,0.002577543942069636
70558,0.7052616957731846
70559,0.6010287362779454
70560,0.012095943077670219
70561,0.23733857227077668
70562,0.8585866315791112
70563,0.013895136751336959
70564,0.01149306662678217
70565,0.13383990029186113
70566,0.0022622336562579276
70567,0.016033868221471684
70568,0.009734370870673921
70571,0.6151678607427363
70572,0.0008686854832088852
70576,2.7432260994025878e-05
70577,0.011772269037088128
70578,0.00870175016792697
70580,0.0086387741319631
70581,0.0067748975354749545
70582,0.0054579955762828905
70583,0.011292468554758786
70584,0.0007791233962771046
70585,0.029536830249927357
70586,0.007189812036320717
70588,0.009741168584527017
70589,0.0010526273129642554
70592,0.008213317818229007
70593,0.015368350632826992
70596,0.010390712563079996
70598,0.0033287070214229665
70601,0.00040360145955015397
70603,0.010408661273774548
70604,0.009415214028771757
70606,0.0002879857604596236
70607,0.012670546927610628
70609,0.002108905091262456
70612,0.0016075209738915304
70613,0.1122553907924295
70614,0.017200734779847588
70615,0.009070800693471387
70616,0.016081959352359544
70624,0.016664119332294752
70629,0.01121074350958788
70631,0.5717271696165028
70632,0.009769870107987938
70633,0.001570967941330036
70634,0.007968232537375606
70635,0.013822310193357877
70636,0.014740351418852179
70637,0.0035619265677147684
70638,0.0004173504751043114
70642,0.049831326005456464
70645,0.03392172109154414
70647,0.39756560461964396
70650,0.25989108592161897
70652,0.0010821150651935238
70653,0.13961545358810715
70656,0.020906844591468403
70657,0.004931408243512052
70658,0.021505134391255728
70659,0.016314794348616074
70662,0.04407582276629625
70669,0.002701528307314832
70670,0.010597394543229359
70671,0.007170221771234466
70673,0.016973308077416243
70676,0.0029541408923891665
70677,0.005377341460632227
70678,0.0009412595593952165
70680,0.0019771803644420987
70684,0.3085802332963618
70685,0.004018514396531092
70688,0.0014915843021298437
70691,0.0522244506970365
70693,0.0014901320418880658
70694,0.0021309449666121693
70695,0.036175865350489764
70697,0.013132919084814195
70699,0.024750838210522957
70702,0.2100638395429923
70704,0.005213424347878977
70705,0.004306385221595167
70706,0.00489883085552492
70708,0.002075370069636885
70709,0.004806852236268142
70716,0.011632570539029635
70717,0.5803800413000647
70718,0.011013874837779594
70719,0.03595202734112864
70721,0.0033101681927830942
70722,0.007800637205413591
70724,0.0030259032659391625
70726,0.0020085311729658747
70727,0.0054832354682061045
70728,0.03585218635487801
70730,0.0036980809423699788
70733,0.003619102487049162
70735,0.5833595360280662
70736,0.02669635012892193
70737,0.01623242656836912
70738,0.0012234113348389135
70739,0.0057408584239229095
70743,0.13261942355051828
70745,0.19826874345550344
70747,0.003604011353232543
70750,0.010054324792625137
70751,0.0038027792016411587
70752,0.002660233030217157
70755,0.003993622990836687
70756,0.07028653052373612
70758,0.004770911035232729
70759,0.022581071114607238
70760,0.0026438830523157425
70763,0.01733966508363155
70765,0.0006963749986178655
70766,0.0012198754014473884
70768,0.0019740013020714446
70770,0.0030586302692024643
70771,0.0011108733488729586
70773,0.013183802184808958
70774,0.012169135792428398
70775,0.0014466281821329389
70776,0.0005889652465152248
70777,0.009421146517782381
70778,0.010328456587780902
70780,0.011882967132095714
70783,0.00279941491134272
70784,0.2959534855390109
70786,0.010870384450363594
70787,0.00688162482022487
70788,0.006951104281685819
70790,0.011596479502790797
70792,0.006828392172509288
70793,0.0012712733967000219
70794,0.01123599899555474
70797,0.003067316164393237
70798,0.002618291479782739
70800,0.006443331988056658
70803,0.004097644713571354
70804,0.011930138924948581
70805,0.003249221552189986
70812,0.0017462736470020928
70813,0.0035528669114181202
70814,0.016829441136829857
70815,0.0013522164522692013
70817,0.052815134846536445
70818,0.022895819176030913
70820,0.0018188285250305494
70821,0.005699296646768106
70822,0.011079300006670461
70823,0.0014594509064659825
70825,0.08111327567708636
70826,0.003548899195393585
70828,0.01305418996281665
70831,0.002567768811862889
70833,0.013694831392952312
70834,0.025108870161183034
70835,0.002066452704367313
70836,0.003984642793158434
70840,0.006891568179586838
70841,0.008275588007023743
70842,0.005060361823336816
70844,0.031427973527490945
70846,0.029855797321330035
70847,0.0013076691135771286
70848,0.002190140452490496
70849,0.019266227734259914
70850,0.6696147337119001
70851,0.0014781473807968062
70853,0.06488662502593198
70854,0.0010246430354219403
70855,0.006931910270120757
70860,0.023046586516550713
70862,0.003066679708191905
70864,0.002285071647982049
70867,0.0128454008977465
70868,0.0021291982634233427
70869,0.003547432636104592
70870,0.0027957654859113185
70871,0.001285772751816861
70872,0.01299344080529784
70873,0.00434581844415319
70874,0.012176220648451181
70876,0.009599463038219175
70877,0.012378631149501756
70878,0.020354978172358415
70879,0.00609959173143429
70880,0.8461760349409198
70881,0.0074594593778974155
70882,0.0013634810539674032
70883,0.003577712417102336
70884,0.00238572275426754
70885,0.017664939521074417
70886,7.380294506101302e-05
70887,0.0015813445121386387
70888,0.02105935761795244
70889,0.011954885557623822
70890,0.004199743694199594
70891,0.008369316905426652
70892,0.01277593422974806
70893,0.0009867839017299997
70894,0.03340814029609106
70898,0.001500143281602983
70900,0.0010529367594320426
70902,0.0012931360429547973
70903,0.006575552636020701
70905,0.023496224052771287
70906,0.011613106866827868
70907,0.5547412250700203
70908,0.002462319264003739
70909,0.01630792385243299
70910,0.2881339970218914
70912,0.0016967441247278299
70916,0.004545482719261699
70917,0.0016933686280743083
70918,0.004359243165250514
70920,0.0018766780086906844
70921,0.04566153728830353
70923,0.00863754821983825
70924,0.07647070664954041
70925,0.015323869691554803
70928,0.2783839490783676
70930,0.14044099964008586
70934,0.06082187432947944
70940,0.005224198171260374
70946,0.015304324148782642
70947,0.10459356797728503
70948,0.006237870963864932
70949,0.008133611133720499
70950,0.026704416166150137
70952,0.0037328582342836644
70953,0.012882215173482767
70954,0.022321635018308476
70956,0.00297468926757861
70957,0.03563732268843147
70958,0.02779312755927792
70959,0.004319248574134168
70960,0.04164176439274696
70963,0.00588222687698105
70964,0.001365309033601659
70965,0.005751686754063665
70967,0.0033271783137833588
70976,0.012522983574993825
70979,0.0022753591883032187
70981,0.025582682336450703
70982,0.004515932290674679
70983,0.00022530156602688014
70985,0.0005872902416091938
70987,0.002136455184708058
70988,0.005327410197196147
70989,0.0045774091856737335
70991,0.004672401832733281
70993,0.4743767448635062
70994,0.19649412811426514
70999,0.001181166477006065
71001,0.0014793213684100987
71002,0.0037511565715628724
71005,0.012655999840001842
71006,0.000957617851742708
71008,0.00735615405087547
71009,0.010892637262510585
71010,0.0012052825818142277
71012,0.003350288123971213
71015,0.002115458256511398
71017,0.009895529934869429
71019,0.0008046004558709203
71020,0.006710265722669845
71026,0.023709406709144294
71027,0.06909545570452552
71028,0.007946742779673815
71029,0.014208470750236873
71030,0.327942605147997
71033,0.014669117702060582
71035,0.00745152960786425
71036,0.007179580140664476
71038,0.4654957383457737
71039,0.0019435077492652125
71040,0.0018673017886425354
71043,0.0011420368273696154
71045,0.007842494217693712
71047,0.014007524600373909
71048,0.04846991155465991
71049,0.01610373990522356
71052,0.0005401534919827253
71057,0.005642373362836766
71058,0.022365064561441658
71059,0.003415537317230938
71061,0.015980462964058962
71062,0.008520661438088589
71063,0.02745363619877416
71066,0.013997152812948332
71067,0.0260377744040433
71068,0.0005433421581764015
71071,0.0019075918527340005
71072,0.0019975997775868717
71074,0.0025362517219511206
71076,0.5268663811165079
71077,0.011734831814444964
71078,0.020329439241097043
71079,2.851233559757975e-05
71081,0.01759131764887919
71082,0.0009244629184843831
71083,0.0021406903734573343
71084,0.0012377156638915048
71085,0.009460259812977137
71086,0.005835766138331541
71087,0.0056115767629808435
71088,0.003821762762234718
71090,0.002851188958806651
71091,0.013198940729915952
71092,0.007462237124866699
71093,0.07493749740823748
71095,0.017844000707908113
71096,0.01453029945436971
71098,0.06440450213382959
71099,0.007452320029936712
71100,0.02342203679124064
71101,0.023945315518507693
71102,0.03011136615981661
71103,0.003356677159476566
71105,0.018533922544827944
71106,0.0017984414304811455
71108,0.004991302343270845
71113,0.007967164252351448
71114,0.017342429720440103
71116,0.003369901623407046
71120,0.1369222932857682
71122,0.010873053677472768
71123,0.0121648675529079
71124,0.011705813753644576
71126,0.004890724841256913
71127,0.02255206715567976
71129,0.0054340353584523444
71134,0.0014294023682524424
71135,0.020721722047533513
71136,0.001634842456615461
71137,0.0028087723470894854
71138,0.008763013650099656
71139,0.007048705504665965
71141,0.0129145491960086
71143,0.0220245853757132
71144,0.008841937862669947
71145,0.005484437535011627
71146,0.36349622262982256
71148,0.004145116297959946
71149,0.0011729843983333457
71150,0.011069755316342487
71151,0.0006652206576379133
71152,0.00015489193547725048
71154,0.0018949254418770478
71155,0.0005467121669881278
71156,0.002090595097656088
71157,0.0032659305572194436
71158,0.008537784393565643
71159,0.11865776337412326
71160,0.02142136565556905
71161,0.0036190682701404417
71162,0.002778946314752432
71163,0.010757729594419244
71164,0.003847134913784518
71165,0.005972973264564457
71167,0.0018089260603024462
71169,0.0021570155651890223
71170,0.008929143754089614
71172,0.0029408991234668885
71175,0.005261452947492916
71176,0.015296843342585631
71177,0.002852041788155196
71178,0.012135070026358457
71181,0.2888894865221815
71182,0.037356804494994185
71183,0.6691274762040228
71186,0.0030180152955332678
71188,0.007365512751882598
71190,0.005697882793059581
71193,0.008245333927843277
71195,0.002884652413634693
71196,0.005533093210017321
71197,0.0035138491722293214
71200,0.0019114047084111195
71201,0.01651904224413263
71202,0.008008016284790035
71203,0.00738637148461789
71204,0.0029759814605458184
71209,0.004292753227721813
71210,0.0014471666008199018
71211,0.0013956974193593764
71214,0.03596206529076198
71215,0.0023926733313405484
71216,0.004579354976854213
71219,0.013282913547775563
71220,0.0005705422111324959
71221,0.002661599493602676
71222,0.007874832990791699
71223,0.017086008026279097
71224,0.47481741469974986
71225,0.007455891269842078
71227,0.03055821331902766
71228,0.0010157524815587401
71229,0.021647695499890877
71230,0.002305304501581346
71231,0.02761360370634333
71232,0.011823439536041579
71234,0.3380977610160667
71235,0.017961277750051238
71236,0.05809112809415333
71239,0.0018222254350493746
71241,0.010927707792803545
71242,0.0019180884096487052
71243,0.01142329629409802
71245,0.005444684701117879
71246,0.005059755796655667
71247,0.0038062924895563657
71249,0.0030290659635356667
71250,0.005956852698413535
71251,0.00550010096202197
71252,0.005838267012291847
71253,0.0025572155485514875
71254,0.007092038244242979
71256,0.0049194557876948795
71257,0.013233781331114526
71260,0.005026491294819611
71262,0.01440826558719511
71263,0.008129892325385805
71266,0.003850297332520025
71268,0.0007749369535312219
71269,0.9219739862703413
71270,0.004993960339240589
71271,0.02483482730345011
71273,0.0033791007969043
71274,0.04659844176480356
71275,0.00416715164723459
71276,0.0004670931587426172
71277,0.011146421664236544
71278,0.001692092719312531
71279,0.09239416378106854
71280,0.013910965412433942
71283,0.050287296916320834
71286,0.012500537674703023
71287,0.08676730172420316
71291,0.0013832990408761483
71292,0.00673236998611913
71293,0.003210879650344144
71295,0.022470615221955894
71301,0.004434188985966569
71302,0.0038457372884961624
71303,0.010426949981429002
71304,0.02423871884851646
71306,0.0720081943406301
71307,0.003295555128060709
71308,0.0048205299573340155
71309,0.11599764940742786
71312,0.00786950309127077
71315,0.0018042934058021807
71316,0.002519564378906624
71319,0.0010844173745518512
71322,0.0055884532654931285
71323,0.008093357016686195
71325,0.004697671195861625
71326,0.010818138249830755
71327,0.6922003205981219
71329,0.011460157944451047
71332,0.02079913732759257
71334,0.0016625569960001029
71335,0.01290886757896843
71338,0.07156185243876326
71339,0.006057132899087507
71341,0.021261777107292674
71342,0.07398991027822986
71345,0.010844015501758307
71346,0.03642451441914362
71347,0.0006241793648401699
71351,0.553659059199633
71355,0.031117027050741344
71357,0.03916077305595381
71358,0.0107932823045053
71361,0.041320466541495765
71362,0.0499607350904197
71365,0.0690606650038152
71366,0.02460553972582016
71369,0.0019284168344116137
71371,0.002857266337269766
71373,0.0005024116750434115
71374,0.002026184847077696
71375,0.00899958998195916
71376,0.0015060640762057972
71377,0.005002937626288695
71379,0.003525345919612135
71380,0.005008317448767756
71382,0.001923073278393862
71383,0.006406418972358221
71385,0.0013565737863023267
71386,0.007479108457387023
71387,0.005451763651540921
71388,0.005673610448287291
71390,0.4361507436491629
71391,0.005100118058682377
71392,0.00587620028620628
71397,0.014020031500928528
71398,0.005654912037109937
71399,0.0037939940103159276
71401,0.007072995664761371
71402,0.07286969014735667
71406,0.00573118337263906
71409,0.0018924310718971328
71412,0.0007778896568024912
71414,0.0001924054473495682
71415,0.0035839508531785467
71416,0.001252636875506127
71418,0.0035736935611768756
71421,0.00526821674438196
71425,0.0015393779240711876
71426,0.004096297410169912
71430,0.0010496919931852046
71432,0.010511906859786094
71433,0.7826082650227595
71436,0.7465011617143653
71440,0.007100854802340248
71443,0.007476561185949426
71449,0.0004833763108481759
71451,0.0063664713232955425
71452,0.0047568679015716885
71456,0.46270513633249455
71459,0.029083658422592806
71460,0.0008872467968289359
71462,0.005272458570830338
71464,0.0074860880889481346
71469,0.022504135395161988
71472,0.0010810922801606424
71474,0.004367830410825238
71476,0.016522281989620344
71477,0.01401804320133537
71478,0.0023924796339139134
71479,0.02880898089267012
71480,0.006460332991670027
71481,0.012895741724670362
71482,0.0064685617294143
71487,0.6441780256516142
71489,0.014077656515888853
71490,0.0042642470948587655
71491,0.00926001485451162
71493,0.0031773196431663757
71494,0.015283854412905546
71495,0.003277496229548969
71497,0.00612045173964859
71498,0.009296927648597885
71499,0.005893684106103152
71501,0.005082823917793996
71502,0.014482573732711989
71505,0.010369263830382263
71506,0.00588990657194801
71509,0.1246063975334012
71510,0.0009181114864199214
71511,0.012018432229224326
71512,0.0028289501574175592
71513,0.013193742800180316
71515,0.02078293738830795
71516,0.003839233362723799
71518,0.004206473700945523
71521,0.004068110476435884
71522,0.003058112815224997
71523,0.012984405571485955
71525,0.00809921221584443
71530,0.021183489597823874
71531,0.03202059833123341
71533,0.03634477316092108
71534,0.035351770002865116
71535,0.005709260847873981
71536,0.002150866256512581
71537,0.015921714957958442
71538,0.013041301451834407
71541,0.0032329024640120004
71543,0.15282084883148597
71544,0.0015874203438401551
71548,0.004268184837733478
71549,0.006336321240612369
71551,0.03403194553004371
71552,0.004208021511528747
71554,0.004110781750482549
71556,0.0009971184490920036
71559,0.0022083222318732927
71560,0.006028557174602793
71561,0.21265835878302278
71562,0.001959942104786343
71563,0.012659769112437678
71570,0.0017439197874724675
71571,0.005681248086018328
71572,0.0035843530254290536
71578,0.015950251812536835
71580,0.001271808411929679
71583,0.22271339210623634
71584,0.014427448801974673
71586,0.0024289055101459852
71588,0.007917015028223206
71590,0.0043781785328429355
71592,0.010546258745790306
71593,0.000786872777134658
71596,0.01082191794145179
71598,0.005736632095924476
71600,0.007119697098811728
71601,0.039853360864517844
71602,0.012783080378826146
71603,0.014070549222092539
71604,0.005833970308634103
71605,0.002228580958919822
71607,0.0014014086489365501
71609,0.0021909896791412783
71611,0.006600809938580722
71612,0.0006842566232338884
71614,0.00083681379252262
71615,0.0031284302923822475
71617,0.007198936791894179
71618,0.01186879637124731
71619,0.004312120479029986
71621,0.004443778352629125
71622,0.02710159892417006
71624,0.010193164248073183
71625,0.7828857213568846
71628,0.9089175583629416
71629,0.000747675772289367
71631,0.02626262475250558
71632,0.8020596959151917
71634,0.020715614334846245
71636,0.4770754049153473
71641,0.036544548373827916
71644,0.028792039099573254
71645,0.05934414685722803
71646,0.03169050767618439
71647,0.0033796889403546935
71648,0.0055218457260248575
71649,0.0041835956756782165
71650,0.0015580696539137
71651,0.010733020315050341
71653,0.004550366854232271
71657,0.0009013119080309772
71658,0.003765515547941319
71659,0.0032621313247197426
71660,0.0013953785688434956
71662,0.01497155813674874
71664,0.016094397290348814
71665,0.0022345087461849195
71666,0.0028301777963883864
71669,0.008709561271202933
71671,0.015206695448251286
71674,0.03666106047622937
71677,0.007144787358132207
71679,0.014152059881762971
71681,0.19297231365035336
71685,0.015276773732315178
71686,0.001786438918136856
71687,0.00014258292564856912
71688,0.004596468383989162
71691,0.002611389487877372
71693,0.0032424989385138937
71694,0.0024387889010672324
71695,0.010316174254361793
71696,0.007285885782369812
71697,0.00541691317852396
71698,0.008750363566987327
71701,0.005156126406410182
71702,0.0015266122824043609
71705,0.003985736165202594
71708,0.0042448099215740874
71709,0.0016310866175882986
71710,0.019525735985373043
71712,0.0031124474625079867
71713,0.022421302338000226
71714,0.002889882022065744
71716,0.0037041491566551857
71717,0.005943963430073321
71719,0.015495629331960657
71720,0.0054027147482197295
71721,0.0033149512651576667
71722,0.0022031361699745683
71723,0.016669570418250762
71724,0.006603599330876328
71725,0.011005267669462443
71726,0.003596289678077356
71727,0.015525099704119562
71728,0.007178605326700794
71729,0.008797487626439905
71730,0.02937497280847243
71738,0.013154252244961811
71740,0.004296537610050542
71742,0.0042060089523090665
71743,0.008527024764059508
71744,0.02777203488585159
71745,0.007738044121655239
71746,0.004023078195378119
71747,0.007433801892248683
71749,0.0006390335661832638
71750,0.0030071978440882863
71752,0.009931916351849219
71753,0.0016521236284734687
71754,0.006396965002601767
71755,0.007526857288590838
71757,0.004557943900258978
71759,0.011839527915355893
71760,0.002862816470999385
71761,0.014361673598860265
71762,0.002029404020356756
71763,0.003500938576862967
71764,0.008704539986196441
71765,0.010721355155587503
71768,0.10478983486406436
71769,0.027917019352613252
71770,0.0010113405747560293
71772,0.000999907821473269
71773,0.008293596325637255
71774,0.00421891281461661
71775,0.014744100556747441
71776,0.004362664554189619
71780,0.0018120428053284652
71781,0.00467522067713533
71783,0.005257236437406673
71784,0.001531543572473179
71785,0.0032500305811068966
71788,0.012857264015489624
71792,0.0016506142764240589
71795,0.02109998654496952
71796,0.0006243395735777404
71797,0.004460915017104429
71800,0.09811202607519769
71802,0.002813004504187417
71804,0.009610577743568237
71805,0.001359788724037818
71810,0.17805815451381884
71811,0.0029587273231838945
71812,0.0039551946385165595
71813,0.0028957056396018907
71814,0.01588178004518761
71818,0.003358370187943475
71819,0.0004906455293941119
71822,0.026983314129805338
71823,0.051596924796053496
71825,0.12998953112912237
71826,0.001217058161988227
71828,0.005079078994040579
71829,0.006303491275219985
71832,0.004430129266078451
71833,0.004807196590824288
71834,0.007504486370801234
71835,0.0005266586069529582
71836,0.013138922373490193
71839,0.007630779408637064
71841,0.0021223996954957735
71842,0.004991120654479093
71844,0.0022879622551035014
71845,0.01994787381382272
71846,0.014790912644277983
71847,0.011419467769543598
71848,0.0061120572032822605
71849,0.025852869840183614
71850,0.03693950733955232
71851,0.02974497946293422
71853,0.009251784505195189
71857,0.00438536275088179
71858,0.006960926039596901
71860,0.0031169198233787464
71861,0.6021628416971029
71862,0.0023550170598247485
71864,0.0030347234255993613
71865,0.07415912583093755
71866,0.0044781740645153095
71867,0.0237575775848016
71868,0.0036826055513034866
71871,0.005177855788525324
71872,0.004062445399728169
71873,0.002476833563615135
71875,0.01304001300854407
71877,0.7989132530708998
71881,0.012077773028092332
71888,0.012555393532928366
71889,0.34695843715093233
71890,0.0005692017865587995
71894,0.019819954792644433
71895,0.0014739285776623318
71897,0.005735556684061752
71898,0.007997183570701484
71899,0.0670052570437705
71900,0.4893180774015621
71901,0.5676263450871735
71903,0.0024294375984173816
71905,0.3790094635710316
71907,0.001427720360671291
71909,0.018770976326310734
71910,0.03058551855307149
71911,0.0014559894388046501
71913,0.0014852708647581049
71915,0.012111811414277954
71917,0.004677005285328632
71920,0.7007545748489704
71921,0.006093520812314573
71922,0.008501889267043953
71924,0.0031801046618324808
71925,0.5825742384727595
71929,0.00655686998479502
71930,0.001980396330812582
71931,0.025442961944925437
71932,0.005417433978515092
71935,0.0012653759866198767
71938,0.0043645227369357225
71939,0.033570047996071314
71942,0.004498521300042153
71943,0.011026627494059405
71944,0.0004473346368425062
71945,0.009277649862146731
71946,0.006315754692185323
71948,0.004503321104779575
71950,0.008901728036903868
71951,0.0042548536976258905
71953,0.021468259507632523
71955,0.0004811581204658083
71957,0.0010798194986500155
71958,0.006718899783874811
71960,0.008812125053150752
71961,0.002961170932081445
71962,0.005497242353606304
71965,0.03749080770515028
71966,0.0035778920072506095
71969,0.005446853069187425
71972,0.015386895134711443
71976,0.0033784215219610455
71977,0.0010583387864367586
71980,0.001726310159472599
71981,0.016279570156509757
71983,0.0001799257885880187
71984,0.01792100597866944
71985,0.002225556660200839
71986,0.001295030478827868
71994,0.030982719435848412
72000,0.002092506320527551
72002,0.006317991844442555
72003,0.034322288387697
72005,0.01776785073200906
72007,0.004065005552502409
72011,0.02058471408074284
72012,0.0006491323819991373
72013,0.0031564193942561045
72015,0.005215419783518662
72016,0.0016657656824233627
72017,0.001950638010391647
72020,0.0003001509536361558
72022,0.015007151957504261
72023,0.002418653131779499
72024,0.0036803073344244728
72025,0.0013765036478551804
72029,0.006901712148308456
72030,0.004153686388479523
72031,0.0033589026405547373
72033,0.00129845843721396
72036,0.00983747448797832
72037,0.0032594735737776744
72038,0.01094285084379101
72039,0.013860772847988258
72042,0.02663164121176003
72044,0.06611784548472496
72046,0.005278337802618243
72048,0.02845250039690453
72050,0.023659214705886243
72051,0.017129929444838404
72053,0.012420938366302012
72054,0.003610974972766137
72055,0.00419957965246247
72056,0.013733019961685088
72057,0.02181676456463406
72058,0.05594882147924039
72059,0.08906586211088283
72060,0.0019134227998106785
72061,0.002411188633887918
72064,0.030230599965230313
72067,0.008646713135916211
72069,0.0007159556890016007
72071,0.00020455840054001007
72072,0.0038652435948894935
72073,0.00927195627286604
72074,4.552477930380665e-06
72075,0.03962018841112474
72077,0.0019605300055054484
72079,0.012517248871201234
72082,0.43306143055163626
72084,0.6101570911593895
72086,0.002397598431602486
72087,0.0003270825814586118
72088,0.016332920729935807
72089,0.0002281035152011985
72090,0.0028484101289071597
72091,0.0037857632047750295
72093,0.004317350576229777
72094,0.0029819149594319475
72095,0.0049506135709437085
72096,0.008784823731708299
72097,0.0007761708633700417
72098,0.000737759881720321
72099,0.0005475392847559969
72100,0.0017096270041186447
72102,0.0005479435584950846
72104,0.008451162967376562
72105,0.003751479521542709
72106,0.0011964177286537796
72107,0.001098349372000196
72108,0.02988635637391277
72109,0.03745350373718017
72110,0.022026660333841524
72112,0.023968726938486465
72113,0.0076899806693230665
72114,0.05124939259858133
72116,0.0026110014145341197
72119,0.0005126920365763279
72121,0.007568490144299469
72122,0.0004211941286762548
72125,0.008369627954735098
72126,0.051943337889120145
72127,0.01057779397918237
72128,0.004146133142064554
72129,0.0007415231554979266
72130,0.01608686299242723
72135,0.004265685692742858
72137,0.009975026740527745
72138,0.007024076145013662
72139,0.0001236262719510317
72141,0.0018913239329471265
72142,0.0029545820567731264
72143,0.004083853865545099
72144,0.0008758241390429419
72145,0.001090401515883725
72146,0.003962574053628562
72147,0.007660401341079854
72148,0.009174987943113501
72149,0.0023892027126639153
72150,0.0035126796362067174
72151,0.02663723228021054
72152,0.00868828259078243
72154,0.002799347072183592
72155,0.0015883708353144656
72156,0.0028827377536387614
72157,0.005801356725150025
72158,0.014036137174626715
72159,0.0030370350346811815
72160,0.0016404306080325345
72162,0.005996221228081061
72163,0.012490934142274975
72164,0.0017057127922146089
72165,0.014816840606343478
72167,0.005597439618082762
72170,0.012907265384168348
72172,0.011681851627483291
72173,0.001457066475428391
72175,0.004956494208600486
72177,0.003396555216188876
72180,0.004233094455541704
72182,0.008704494789258586
72183,0.0010556150343499632
72194,0.0011457245723696028
72196,0.013707479650563372
72197,0.0019084107920259669
72200,0.0014036543048738975
72202,0.004602131326585838
72204,0.005288974948181656
72206,0.0017346508624865645
72207,0.0100735984150008
72208,0.0171835671243278
72209,0.018984765338796936
72210,0.005469336074168684
72211,0.005105620351663969
72212,0.004870025231146641
72213,0.0022879317276027645
72214,0.0008247020314588704
72215,0.001936994087995457
72217,5.044814283518717e-06
72218,0.0005625529798584488
72219,0.003716474781505899
72220,0.005801029009324769
72223,0.0012116876994604918
72229,0.0013729762204475826
72230,0.0019384663860779635
72233,0.004018931869671169
72236,0.002455876902108593
72237,0.02234842836514645
72239,0.2005455331503142
72242,0.01692532673900456
72243,0.029074603049056583
72246,0.0007015617801866488
72247,0.011665271113102874
72248,0.012222874418370624
72249,0.0035423754720773637
72252,0.010716807812963278
72253,0.013297529612271482
72255,0.011911002943920983
72256,0.014303018105726232
72257,0.029321535152835827
72260,0.01714906472093682
72261,0.002242258306478536
72262,0.025184750861242344
72263,0.0006481358741105556
72265,0.0023072832867499686
72266,0.012699746410117502
72267,0.008057679314374962
72270,0.0008123599684409365
72272,0.011823855443967529
72273,0.013419388375545705
72274,0.025453877194754056
72275,0.003704477322552357
72276,0.008452723559769289
72280,0.004653713960873644
72289,0.0026029145604072185
72290,0.003502465448703187
72293,0.0020189822728709016
72295,0.006661888156093766
72297,0.11048444457054032
72298,0.00029515097571305646
72300,0.0007665750423036174
72302,0.002436363373046289
72307,0.010395027732626941
72308,0.004511084891405984
72309,0.02181464429558002
72310,0.020134866678048896
72311,0.017015759457296057
72312,0.0201609780364085
72313,0.0009930008048626214
72314,0.006068648798855694
72315,0.0031820303904748957
72321,0.0026800748806399244
72322,0.009173053087203566
72324,0.006372187777387235
72325,0.00583479769794071
72326,0.030995869118260584
72327,0.01894896636564192
72328,0.01660444014388192
72329,0.006643540570369354
72332,0.0013003584056885255
72336,0.004964124015277834
72340,0.0003260570107249663
72341,0.14154952565412407
72342,0.00014507429408543873
72344,0.004042598213506883
72347,0.8010944945209623
72349,0.0015914114819875758
72352,0.004601749724753723
72353,0.005460172742013046
72354,0.0010186423974952003
72359,0.061581024432488106
72360,0.060883075565930644
72365,0.7233579686420916
72366,0.0034845616072448657
72367,0.001632235070173759
72368,0.005687731087338944
72370,0.007264538989971187
72371,0.0010531792529092456
72372,0.8190064541431434
72374,0.005551042606483035
72375,0.0023570864041228784
72376,0.0007463233431539949
72377,0.003747735894316764
72378,0.0022335114183894616
72379,0.003352964205752347
72380,0.011184949069608313
72381,0.0025585819697697756
72384,0.005941356016977353
72386,0.0026032439039623085
72390,0.017492706547953558
72392,0.0023513722429618026
72393,0.0016027061006967074
72395,0.0031428924923955636
72396,0.0018759542356242985
72400,0.003581038907380377
72401,0.002841850582812905
72403,0.0006801019179406401
72404,0.011917916882037343
72405,0.0014667050426425173
72406,0.006169565534194477
72408,0.006226125175406665
72410,0.0014270762826226406
72411,0.012973040232707341
72414,0.001604784999208004
72415,0.01632620038982783
72418,0.0012443831396418707
72422,0.055341638574020406
72428,0.005318136034646658
72429,0.0048173137966102935
72430,0.012861210570734945
72431,0.0009366547024637624
72432,0.011190310037594499
72435,0.04228950999398817
72436,0.0035124845748319227
72439,0.0031094207090428313
72442,0.0010350170876163684
72443,0.004917637580520802
72447,0.012113905371796305
72448,0.0068768030088236344
72450,0.02771810353542513
72456,0.0029593967806774302
72457,0.07992102733414055
72458,0.01567151730045775
72461,0.0018794584993203373
72463,0.0007441816099604206
72464,0.0012683752189458924
72465,0.02577782781884021
72467,0.03278796561183481
72468,0.01377503531722214
72471,0.012582190289945432
72474,0.006378311714773494
72476,0.012909799154932823
72477,0.481069656643049
72479,0.0038724326131371633
72480,7.59144155603079e-05
72481,0.004426762207625737
72482,0.0026683516369372827
72483,0.0016243628600653285
72485,0.05834342749106024
72487,0.005293763048184493
72490,0.003940871623254221
72492,0.5782750304522168
72495,0.0022573153205268505
72498,0.010784237179784087
72499,0.7054512980941863
72502,0.004445268053536267
72507,0.002034531662259211
72510,0.0014982206494927842
72511,0.003759007057590124
72512,0.0020637378711929836
72513,0.0009562523409047576
72516,0.002903457710883042
72517,0.0012790419344744027
72518,0.010505340365472718
72521,0.008143739823390287
72523,0.01096726512470053
72525,0.0006890365121981297
72527,0.03234678707542642
72528,0.009257353662330632
72530,0.009688414087837837
72532,0.014584529346060885
72535,0.0017583943259503723
72537,0.003194276773745773
72540,0.0020863280464093236
72543,0.008457681434548623
72545,0.011549845671679146
72547,0.0011478370485799834
72550,0.0019840939662964015
72553,0.008328200893645669
72556,0.005620871600732753
72557,0.001509710709590876
72559,0.0025319996921262496
72560,0.005575799987010248
72562,0.008090828272701987
72564,0.0013156238140762469
72565,0.0009704952742810228
72566,0.009573915661769652
72567,0.010153692581979696
72569,0.005421131126708686
72572,0.002220355050188658
72573,0.013364888250098158
72574,0.0025774238257227264
72576,0.009856245709211998
72578,0.005078987312077852
72579,0.005376060510658838
72581,0.007541256446977914
72584,0.00948078549501892
72587,0.0030595811868349898
72590,0.6630778630412429
72593,0.004083866229596415
72594,0.018970449690754714
72597,0.007914802543419981
72599,0.01050641043470973
72603,0.00839345937578399
72607,0.017405909248937795
72611,0.5196674204005167
72613,0.01713538740701221
72615,0.002027102872521807
72622,0.002794364753543357
72623,0.00517382772843126
72624,0.0019289832558444598
72626,0.013284552704638226
72627,0.0012548661635259483
72628,0.21525668963503694
72629,0.002467997795410405
72630,0.00021493840494405886
72631,0.0024763418780972346
72632,0.009435599504726756
72633,0.013124451628276301
72636,0.0006512777706158565
72637,0.006197246598129373
72641,0.00699355484282681
72642,0.6276328924051912
72643,0.003080410909012522
72646,0.01399367442685748
72648,0.002928342928193727
72649,0.02323871242930002
72654,0.008350691851097412
72655,0.01904548196036132
72657,0.5169902158676144
72658,0.0002692507834620091
72659,0.0021472447191582832
72660,0.03590598430597064
72661,0.002819985706495082
72662,0.0016806565245652254
72663,0.01752533381731083
72664,0.023583598899313964
72668,0.004490848135989049
72669,0.003467706307549215
72670,0.003622783555552308
72671,0.002688737990564975
72672,0.0032013713057659626
72674,0.0029783620981119053
72683,0.0015827849701699724
72684,0.0027082943514604475
72687,0.9434397812886057
72688,0.059062600365869924
72690,0.007652561993756834
72691,0.0022851026798420423
72693,0.00200507410417301
72695,0.00014120919708281252
72696,0.008291092597696713
72698,0.03551445727991707
72699,0.019835857131722867
72707,0.06706131661974486
72708,0.005809653182931073
72712,0.018442827947448847
72715,0.001892850097745381
72716,0.28442241747580377
72717,0.0019110969133819167
72719,0.07725090416457589
72720,0.1277781488721755
72721,0.007909048689791528
72722,0.0038968144901484728
72723,0.38740922999818306
72724,0.1626948250203514
72729,0.002865244346546167
72738,0.002225222234732103
72739,0.009924835440338396
72741,0.007242098936364172
72742,0.006412226384142749
72743,0.004425487399326793
72744,0.008011864353754441
72745,0.01976309002145562
72749,0.0042259643828385955
72750,0.004214811810724762
72752,0.006117298993754545
72756,0.006876683224440094
72758,0.42621008954810946
72761,0.013228670792328274
72762,0.0014267022459414215
72764,0.0037907277732770837
72770,0.015177133494721532
72776,0.07317346640262633
72777,0.005810372757600538
72780,0.0015527607831356074
72782,0.4924568335408988
72784,0.0040346143383067365
72786,0.02922262333483548
72789,0.0032272712535738584
72791,0.00635636055140565
72793,0.0017434193255839055
72797,0.0023150694502605375
72800,0.0006642031489165153
72801,0.0023965568747486223
72802,0.0044605958802626244
72806,0.00222501922948811
72807,0.0030759393523099687
72811,0.012205909936679967
72812,0.004995878140625467
72813,0.004815542253524327
72818,0.0002182131474740336
72820,0.04767942933996531
72821,0.1418967833844993
72822,0.005587399105425061
72825,0.0007683891112513964
72828,0.0019297706498927845
72829,0.04088851449650825
72831,0.0036001776005828642
72833,0.003294148824964646
72837,0.00206861603962991
72839,0.0028984629073898816
72840,0.008040783614447666
72844,0.004253997271276423
72846,0.027135032961562406
72848,0.027038545991009324
72849,0.004854144616220837
72850,0.0010267867748891522
72852,0.003793137917274389
72853,0.0037612804874487186
72854,0.0028183308127555672
72855,0.003939093427371988
72856,0.33608308975020784
72857,0.005345909376308622
72858,0.25042929818791426
72859,0.09349972294504096
72861,0.008403328871596248
72863,0.7310337333359869
72864,0.0005589559416173325
72865,0.0013907913384300819
72866,0.00029560964120970546
72870,0.980629933437374
72871,0.004100772823001926
72872,0.0024766592196992458
72874,0.0027144822306728092
72876,0.0036575962985903538
72877,0.0018861950621625258
72878,0.034402500846275434
72880,0.0014984167163502
72883,0.0015407741801500754
72884,0.002984133790429671
72887,0.018287946830690877
72889,0.006784356274070172
72890,0.002033361242199525
72893,0.014537725549321352
72899,0.03591128508671152
72900,0.054425330376427876
72902,0.006425329251513024
72903,0.006208515424614592
72904,0.02304220341893292
72905,0.01671073452889715
72913,0.016346402450456977
72914,0.011000451024312357
72917,0.014373732355291267
72922,0.00732664340218153
72925,0.6470398671902001
72927,0.010218433749079416
72928,0.0008137388492621027
72929,0.01883170392522593
72932,0.00310397344970958
72934,0.0016795708997359266
72935,0.0056548415823641646
72938,0.015097338029381215
72939,0.0035722758086086403
72942,0.005076504409867928
72943,0.0643810489730211
72944,0.6331809593421138
72947,0.020074767077766488
72948,0.013846462088380453
72950,0.0063893888377432526
72951,0.0007904165298520088
72952,0.0007400725031320005
72953,0.002789348993704028
72954,0.0026943766518112426
72956,0.001967281001641326
72957,0.0017098850707138857
72958,0.0025018949095754104
72961,0.002340344745962567
72963,0.030947690811768555
72964,0.004505532830379002
72967,0.004355320741581606
72968,0.001144345681096122
72972,0.003329181885887248
72973,0.0017710490659054259
72974,0.008979081751971013
72976,0.005823383910704052
72978,0.0007518631655550086
72980,0.006729370602191432
72981,0.015518448364416678
72982,0.030870271317654064
72983,0.003453842534690751
72984,0.0058321404282325
72985,0.007835581979062794
72986,0.012264107999853857
72988,0.00520762104360749
72989,0.007855977306959694
72990,0.008240815746084377
72994,0.0015552014886157021
72995,0.00926784526310007
72996,0.005597604364548656
72997,0.014237988895908896
72999,0.01181157847834323
73000,0.009613863886642583
73007,0.01484361998959525
73010,0.0015998488991122866
73011,0.00033698570173326426
73013,0.002073593875568035
73019,0.0012836818843234821
73020,0.014452666910243044
73021,0.005862877917416393
73023,0.004623926280158833
73030,0.0014555814551963807
73031,0.006271266025067046
73032,0.0022740281602720157
73033,0.021926588916688333
73035,0.018242512889408157
73036,0.012429455756828101
73037,0.3664186715372818
73038,0.002023859022300616
73039,0.0011830198325493303
73040,0.002159354658384928
73043,0.0016636146292521691
73044,0.014850774604981699
73046,0.0013661605089446249
73047,0.004806213893479126
73048,0.0015485719481121126
73050,0.0025527817115129645
73053,0.0031528611381069
73055,0.013627773671782554
73056,0.008457223527468171
73058,0.003113128955425587
73060,0.0019114429248983135
73062,0.004586858788917192
73063,0.0031722740123013705
73064,0.004522999571123581
73065,0.0010418355486448035
73067,0.027871538513426896
73068,0.0052209937284573285
73071,0.0011981268073293309
73072,0.007556026354718969
73076,0.0032609016896978397
73078,0.0011552127277310122
73079,0.0018021350316497744
73080,0.006430374924284034
73082,0.5412681800714146
73084,0.0017447752868330665
73089,0.00565056259161978
73091,0.0009079554282818137
73092,0.00133350088220504
73095,0.031228930944689794
73097,0.19107611961069354
73098,0.014041081358013751
73104,0.006880632567571332
73108,0.0014221512291372521
73109,0.005632241451248062
73112,0.01169739081646668
73114,0.00364911836232502
73115,0.0053893703905461285
73118,0.019749296284347184
73119,0.006118755267138017
73120,0.00036470450324585084
73122,0.05100043136829845
73125,0.008624228338778404
73126,0.0021318197674525877
73127,0.0013412797644889644
73129,0.00761983011952978
73131,0.0006932145471203957
73132,0.00535477634400613
73136,0.0048184323724387804
73137,0.05672482971722629
73141,0.0034830846356969734
73142,0.009067183550045021
73144,0.0026342847742837493
73145,0.0025006528672453054
73146,0.023127621269734628
73148,0.0020138119613095596
73149,0.05966818382648935
73151,0.0011555873152937664
73152,0.005220947525564852
73153,0.0014952395825690754
73154,0.005392042703611167
73161,0.004070912034278151
73162,0.009320209685773049
73164,0.005012611286046258
73166,0.006722066801443521
73167,0.010229408581501162
73168,0.0015201602551264024
73169,0.0028894989462060145
73170,0.003854223966832652
73171,0.0010581245056003048
73173,0.0014564124049738256
73175,0.00972716149633431
73176,0.012487798406238811
73177,0.0016215283173637914
73180,0.007328026245200855
73184,0.002014274427725854
73186,0.001799321660169785
73187,0.004098538337651135
73189,0.03778813571489551
73193,0.010767281100488824
73194,0.0012043697065370336
73195,0.004799332300706476
73196,0.00044073552358521505
73197,0.0068418933946387695
73199,0.031723699514269746
73201,0.014058737331618444
73203,0.007322897760280624
73207,0.0011175489233764828
73208,0.006566940341107648
73211,0.011998894604335055
73213,0.43832859015177617
73218,0.0028087684368395148
73220,0.01430729788841689
73225,0.0030447927343030014
73226,0.015842005460316624
73228,0.006245180205660648
73229,0.0008103455313713258
73232,0.0034423561454442636
73235,0.9327686847326436
73242,0.003527468498134752
73243,0.0006080285662217763
73246,0.0044914892426563685
73248,0.007861127477586176
73250,0.008771240992328498
73252,0.006597651375907253
73253,0.00404503245457508
73254,0.0029570731805464968
73255,0.0012309032319281017
73257,0.00377813216151768
73258,0.0008897265241334876
73265,0.0036456453573942564
73273,0.0015918679738177208
73275,0.5550002073199694
73277,0.011755016528866288
73278,0.023526099001366853
73280,0.0005472339390639078
73281,0.0033694940479496115
73282,0.003933144149246161
73283,0.0019534997651953507
73284,0.0018264764506654286
73287,0.0009333208381705121
73289,0.6121976104852406
73293,0.0016335981909792734
73294,0.0025565010971317324
73296,0.0021808152272198966
73298,0.0019058214964120775
73300,0.0031286120668330883
73304,0.0032216303106037862
73306,0.013428246842827752
73311,0.0009472073943378442
73312,0.006408690471218594
73313,0.00268387320605412
73315,0.0035857150521758645
73318,0.013820456097314979
73319,0.0010132464044550111
73321,0.0014073114429323723
73322,0.0019380517173441638
73325,0.0016199173868903676
73327,0.002834396428433475
73328,0.007600924767110047
73330,0.0007061387927264124
73331,0.0010014659987414862
73332,0.000510742570295122
73333,0.0005054598421200632
73334,0.0009918263498977875
73336,0.004627478390704973
73337,0.00613999214043188
73339,0.0033519131908952685
73341,0.012077828593309116
73343,0.0020392666366401803
73345,0.003807482887009726
73346,0.003051939522747921
73347,0.012358332411324916
73348,0.0017635806661290847
73353,0.006121915185051482
73357,0.028530360250730035
73358,0.001907634770938805
73359,0.0029941811595169242
73361,0.001428140097360312
73362,0.0005457717576143246
73363,0.00022696444499316953
73367,0.0068785783271536
73371,0.0021407503212089595
73372,0.0022974318425040717
73373,0.011990099129218538
73377,0.003589473722332845
73380,0.2800849502400046
73381,0.0016074308720091406
73384,0.014989073086288647
73387,0.00067021225115268
73388,0.0011066522823891518
73389,0.014579825937045104
73390,0.004188857507244134
73392,0.0018720988108959172
73395,0.0021322570629195357
73396,0.0056196839659121796
73398,0.04048390320132292
73401,0.004462973003350596
73403,0.009112731292036484
73407,0.0038597931801912693
73408,0.001797575059421659
73409,0.0042996597531783105
73410,0.010953869669030582
73414,0.0032698893428087287
73415,0.005835442284221392
73417,0.00734717930699659
73422,0.0027294097835499982
73423,0.007337190247103842
73425,0.001026125733454286
73426,0.004966335810308404
73427,0.005143229125005434
73428,0.017439550956842388
73432,0.005339367136146928
73433,0.008269362105745574
73436,0.0005301548806042634
73437,0.0021587908775567276
73441,0.0034663330217329907
73444,0.0037611050806140743
73446,0.008737568110764406
73447,0.005173649918374415
73448,0.0024752810636904992
73449,0.2856245564106412
73451,0.5199417166991924
73455,0.0032872617944690137
73462,0.011690351406849236
73464,0.01704838646714846
73465,0.8823702596759714
73466,0.004237363953209018
73467,0.007106590276410613
73472,0.002686131108850787
73473,0.0012027760187855322
73476,0.008548345028900846
73478,0.008233443934030662
73479,0.03359712191346365
73481,0.010954039419249965
73485,0.006611721583887388
73486,0.0007038404463074945
73488,0.0016670048586379341
73492,0.0011971158337565084
73495,0.008696617154773885
73496,0.010803862908102006
73497,0.0007215826924597462
73503,0.0009402014475040629
73510,0.0010648628752498138
73513,0.04434264774669531
73515,0.00778989362523869
73517,0.12446721380978559
73518,0.36514565692443773
73525,0.002075666854314267
73526,0.002877392529035803
73533,0.007269384554166264
73536,0.08665190000157749
73538,0.00401768537197925
73539,0.0009672031396437462
73541,0.002275544001534026
73542,0.0010107606656172806
73543,0.0008038521205191295
73544,0.0022312073084379187
73546,0.002473574254786457
73547,0.006946675593036849
73549,0.003153636331150944
73552,0.00106781932329416
73554,0.008090201423417542
73560,0.0011208985660542397
73561,0.01601037437243569
73562,0.29352382291077944
73563,0.01642433878193653
73565,0.018413462121739936
73571,0.2757134366104708
73572,0.0024584222368954993
73575,0.0031189801730358746
73577,0.02423793671156653
73578,0.011594048657643217
73579,0.0056651124787201815
73582,0.006524819141917524
73583,0.0014724776793861593
73584,0.002918685963138112
73585,0.0009745492636792591
73586,0.004069300095163099
73587,0.012277116133457866
73589,0.08520762192654903
73590,0.023695385587186518
73593,0.005732565570958829
73595,0.3135724317440769
73598,0.004424276647666859
73601,0.001746870098717305
73602,0.001713300699100398
73603,0.005661532927956031
73608,0.006592617429748522
73611,0.01393865890034679
73612,0.013137785894166884
73613,0.0006461692851419284
73615,0.006597372410285861
73617,0.014096743136562518
73618,0.021445278171258072
73621,0.02511592271415558
73623,0.01838765548226351
73628,0.002380245356096263
73629,0.0024628850101143383
73630,0.31567598610762565
73631,0.005789676567711553
73634,0.00768914246591338
73635,0.02404960338915685
73636,0.004311021831515719
73639,0.019553602730611484
73645,0.0030823948478700784
73647,0.007331938404550747
73648,0.0051066316551540555
73649,0.0024993208588130716
73650,0.018662434487021828
73652,0.009746388411940785
73654,0.0033925722032652136
73655,0.0008520568462369239
73657,0.0054939470403555
73658,0.005856691694988615
73660,0.009073490583308365
73666,0.0009931508924628958
73667,0.001722316670793417
73669,0.011858826502439034
73672,0.005508112841517618
73674,0.8736907445343656
73676,0.004447976490880883
73677,0.0009208308076041904
73678,0.0010101327658006511
73681,0.03427194527942321
73682,0.0023098254800679357
73686,0.38292569075103694
73687,0.0048664248699983575
73688,0.016403222090392963
73689,0.03241022384792838
73693,0.0010369165688757602
73694,0.009479403554909166
73695,0.0067305351976174954
73702,0.00618834027478796
73703,0.005463906315077026
73705,0.0029840763235587623
73707,0.00795582137128634
73710,0.01854916084577025
73711,0.001589126569186871
73712,0.008920920033496368
73715,0.002231484694265176
73719,0.011638733071583798
73721,0.003091904853443826
73723,0.25274208269452164
73725,0.0022110510857973895
73728,0.0014876717420554805
73729,0.0036445619990387677
73732,0.0029863455679413234
73733,0.003368569440113449
73734,0.003741853831269106
73736,0.0010251422086437695
73737,0.02320179378323827
73739,0.0013669468754317425
73740,0.0012185897551403187
73742,0.008741839755167844
73747,0.01123015427716733
73748,0.007643577939283808
73751,0.004513151135332416
73752,0.00438359745594902
73754,0.004256624908713334
73755,0.007896543977499464
73756,0.0036832505902357733
73757,0.008831701180567928
73759,0.018690202044103557
73763,0.7702949123557574
73765,0.7320465822776167
73769,0.019260207545629814
73771,0.0020247667121802582
73772,0.05187707140317643
73773,0.005318000372703688
73777,0.00751889404009397
73783,0.0027125498793881013
73785,0.0007310536938437936
73791,0.000595944139488997
73792,0.19816703589759324
73793,0.005706140204712369
73799,0.00320342669070436
73803,0.0032305725461077126
73807,0.011972381641846584
73809,0.016012155804603623
73813,0.001685721519159672
73814,0.1708235137940959
73816,0.0018356354295056734
73817,0.004502221967116011
73819,0.003401059349412234
73822,0.01516008969053728
73823,0.004177796674266103
73824,2.388688806925538e-05
73831,0.021600447382445837
73834,0.0005354766941400321
73836,0.002751265844134213
73837,0.0006550777329212689
73840,0.007238036282238565
73844,0.008633168349227033
73848,0.0017303678157154388
73853,0.007681593479577606
73859,0.000573197561856493
73860,0.002236080288998447
73862,0.0038122313313890105
73863,0.0025308321506765743
73871,0.00095027281641607
73874,0.06087073916780125
73876,0.014138745051773273
73878,0.003341797636774872
73882,0.010501218427844494
73883,0.014611896128269297
73887,0.01572208605682137
74060,0.026125090624535153
74061,0.0071630255246802116
74062,0.0015841836884553317
74063,0.03263128088115964
74067,0.005389624131822095
74072,0.005408227446921805
74073,0.013560301825252297
74074,0.011376283938190828
74075,0.008417868839586076
74076,0.0065651958589221775
74079,0.017690925100509153
74081,0.004390708154067445
74082,0.02442054935919865
74084,0.004134399096625171
74085,1.5863938313830318e-05
74086,0.0007042246395219177
74087,0.002357691678011218
74088,0.0009638079795517167
74093,0.048210142182299014
74094,0.0035508914099753
74095,0.0017778556671137315
74097,0.0029346970825224346
74098,0.0029343025165303603
74102,0.0008579826050063057
74104,0.006065004853583908
74106,0.002335307534159749
74107,0.006667274406630279
74108,0.005836017157908702
74109,0.00524560840563409
74110,0.0011111784564526042
74113,0.42443443729299996
74114,0.008972482834324579
74116,0.012763663015065757
74118,0.002574564201563997
74119,0.0022845044721245696
74123,0.003757086220754265
74126,0.020322389119422607
74128,0.0013842466047808615
74129,0.002012403438468049
74131,0.0007203691028133645
74132,0.0035527243078337834
74133,0.003404830845965737
74134,0.0034214705160616875
74136,0.0020437894658846653
74137,0.0029698900562138094
74138,0.004048733822107949
74142,0.0031769175273901012
74143,0.000992345912690976
74144,0.00616118401063968
74145,0.006332614254975327
74146,0.0024194021034666183
74149,0.025271082758750896
74164,0.005411281800983019
74168,0.0012747927746206414
74180,0.00694304876045978
74181,0.04697338099493933
74182,0.012234990908606259
74189,0.00937105409557079
74192,0.04445763526851135
74194,0.01752093603780985
74199,0.0013202469593014392
74200,0.0017950158090121217
74201,0.00380284041485648
74202,0.015984814379077297
74204,0.023734621431748138
74213,0.00402495701338413
74216,0.012702655862185361
74219,0.008906538091161764
74220,0.009938175518032276
74223,0.0004748248272042398
74224,0.0010360068305177452
74227,0.0038108208753770715
74228,0.0018170601989703544
74230,0.0038289504388646345
74231,0.005527048902409364
74232,0.00606794206385566
74254,0.011586578335104514
74255,0.00023493391306517948
74256,0.005257800967912075
74257,0.003404216727819835
74259,0.002128188426518709
74261,0.006126887929811567
74262,0.006814036277122061
74263,0.014130607106500851
74265,0.012130677440803823
74266,0.0024315693487837555
74269,0.0028583790244994956
74273,0.0007723441330419379
74274,0.005437091257193146
74275,0.0032190014600056334
74282,0.0055324631858821305
74283,0.00853521236043652
74284,0.001172541010757635
74285,0.003613887169401566
74288,0.014457607207171316
74290,0.007655481377384949
74295,0.13231510556895615
74304,0.16138851627306455
74305,0.0014486036730340403
74306,0.0242354160404497
74307,0.002800817205192458
74312,0.0009486624358055964
74313,0.001550500136893632
74314,0.0012949349992086806
74317,0.0025042261534391807
74319,0.0012906672952272948
74320,0.7695000887319794
74322,0.009432022464474252
74323,0.05591884416491089
74324,0.014213693566899437
74326,0.004521304589519882
74327,0.003181367207753318
74330,0.0021559507809522037
74332,0.07976918201999035
74338,0.0018893746277993575
74340,0.005998052353584311
74345,0.006735742943003385
74348,0.0007086662352313754
74352,0.01924792422199072
74358,0.006428683266528574
74360,0.003867623768631924
74361,0.004149909057144514
74368,0.03757770375400245
74370,0.0024824247130828757
74374,0.002708011026848287
74376,0.006765376414361812
74377,0.0038518767234080532
74384,0.016805841422985867
74388,0.01833645494650698
74390,0.002331700650435704
74391,0.004646021620092274
74392,0.002562682371083962
74394,0.5597400357759076
74407,0.00040973028618670055
74408,0.005601770318677334
74409,0.002691865158408601
74411,0.008366657931112863
74417,0.005475385770964658
74418,0.002896515165350313
74425,0.004286609479565742
74431,0.013097525867189713
74433,0.0013424238595740711
74434,0.0018903073846609842
74438,0.02174141177488706
74445,0.010215494410136118
74449,0.008326970031766641
74455,0.5304963339226588
74460,0.002407185653773398
74463,0.0002589390598939038
74466,0.0007013487424110995
74473,0.0016941495873550071
74481,0.0029746278267559294
74488,0.010853306653905999
74493,0.018345763461423824
74501,0.0008739706622083805
74502,0.014752375332891827
74503,0.007963523092946317
74504,0.0002992432803410169
74505,0.002355930540527796
74506,0.00244971900129184
74508,0.0018136643094395456
74525,0.006838580584022955
74531,0.002377306066085618
74535,0.0038441267292805576
74536,0.03509583999112383
74539,0.0013651597238826952
74550,0.00947491319583998
74555,0.0024067121895719836
74557,0.002054830656929318
74558,0.004932590306642265
74560,0.001081745103001091
74562,0.0024293973717772377
74563,0.024814049719806983
74574,0.012048531184651708
74576,0.0016013407075207808
74578,0.001915440389796524
74579,0.004985469030935117
74581,0.005379869953368715
74582,0.002755030230947337
74588,0.004109897429531992
74590,0.004581951842366766
74596,0.0012416460858522401
74597,0.003232159941590691
74599,0.020700306913965696
74600,0.003529551183021937
74601,0.0005058728144315375
74609,0.010654667474252439
74610,0.0016858804802348099
74613,0.00010326097811229985
74625,0.0011297756413218571
74626,0.000804444329599487
74628,0.006541057902303941
74629,0.0252535623107024
74635,0.014437318935878525
74636,0.004078681553211032
74638,0.0056428668923611995
74639,0.005325967878672421
74641,0.0038447226541170145
74644,0.15393706745553928
74647,0.0026114273638634788
74657,0.002065581544199454
74658,0.0015614071012727301
74659,0.001429041059663031
74660,0.0018657989649080052
74667,0.0023590945202888926
74675,0.015997474605409946
74676,0.0009383332633941685
74677,0.005225578568672523
74686,0.0020441538967631125
74687,0.01668983117059775
74688,0.00493607059902501
74689,0.0018354259122385806
74693,0.003123079776932815
74695,0.0023319519149255768
74697,0.029365162492253873
74706,0.014762953125157519
74709,0.014913770927282972
74712,0.03653172283854941
74721,0.006150466390547616
74729,0.002985255297458758
74730,0.09993001529048515
74738,0.18982442768967664
74741,0.03703642940989492
74750,0.0027777252236548516
74755,0.005174216036502461
74756,0.0045493052869540595
74758,0.0025179568006023618
74761,0.012188263598852656
74762,0.010044319400942503
74765,0.0063023066620875486
74766,0.6091033930780566
74769,0.005363458638097333
74777,0.8872772481373805
74778,0.24105082480750326
74780,0.03215623545253353
74783,0.0032724576137632584
74785,0.002799660220265771
74795,0.007704707922124563
74797,0.0024449399756555157
74799,0.007260613529817077
74804,0.0038772193649853387
74805,0.004335562769210915
74808,0.0011589742255527248
74810,0.2663633499465248
74814,0.01881337653947845
74824,0.011976048827670407
74829,0.00027982587463393254
74830,0.0031451547153960742
74831,0.006675423960141619
74834,0.007053568201504124
74837,0.0028758100146055073
74838,0.0009826444145815117
74857,0.0024413849449156067
74860,0.005701701589002072
74862,0.002281576346192795
74871,0.017178222352211992
74873,0.0038266496384879896
74878,0.0057224079921234915
74879,0.0016707893077908481
74880,0.0021282784899776305
74882,0.0009465579608867214
74883,0.008524275815972008
74885,0.004971339466448436
74892,0.22223580899950407
74893,0.0035354724464590798
74905,0.0035392213877016208
74912,0.06161977343133135
74914,0.002136547397097138
74915,0.0009094608314964406
74917,0.0028799702251147644
74920,0.0063126754274087146
74923,0.007563608205224446
74924,0.0018123397567108837
74929,0.005483694683445699
74933,0.000387241770299793
74934,0.016352766114203665
74936,0.0024948743112204533
74938,0.0075898524994958685
74939,0.0019101720449289762
74940,0.013436244240545568
74942,0.01890540977827696
74943,0.009757651960049147
74945,0.0017482025424421256
74953,0.0018426545611323398
74954,0.019234939313819747
74956,0.026795218864410116
74958,0.02223818643374333
74959,0.14840597707499528
74966,0.0009950897175798347
74970,0.006281764722053021
74971,0.002784732409707999
74973,0.0013249076994922063
74974,0.006531960871051228
74975,0.00684474455325993
74978,0.00818050843988404
74979,0.002595223611758784
74981,0.9363204251495937
74990,0.1291386125148297
74992,0.014263556220184282
74998,0.0035695947157481332
75006,0.020138632785474037
75010,0.006894459600129688
75012,0.002054676823085022
75021,0.009184497981303207
75026,0.024755536123025904
75027,0.25743772887481714
75028,0.0040902387336986595
75030,0.0016941472937845796
75036,0.004629286639219827
75042,0.0026799510782318445
75043,0.0003720324513750323
75044,0.010063191364233165
75046,0.0014477175420203393
75047,0.0001358304917380831
75049,0.006713347928359349
75052,0.0024567178026858208
75054,0.0026189123695566814
75057,0.008649190364388847
75062,0.016814458544909386
75063,0.008238529638026524
75066,0.011870208070578885
75068,0.018486457665496746
75069,0.0006793806071729437
75077,0.0033903983330188896
75080,0.0037703398774066713
75081,0.0018064802920695494
75089,0.002165557044731471
75092,0.0029828838206137263
75096,0.0003750992241331704
75098,0.003709707526322689
75101,0.005007929185530501
75102,0.0026076432908294636
75103,0.0020322638348053115
75104,0.012239305239717469
75109,0.0024018311700074453
75110,0.0037940546933384798
75112,0.00881176852031948
75121,0.02175924431149327
75125,8.887675816273648e-05
75127,0.005657662556519246
75128,0.018322707099206803
75130,0.026935657246457658
75131,0.00492181866590037
75132,0.005368558014705837
75133,0.009928295352280025
75135,0.5118142617916365
75136,0.0006467282484988796
75137,0.012097252494781281
75138,0.0008295381945303941
75139,0.02585609290888419
75140,0.0076048708218073415
75148,0.005416384352174216
75150,0.009363565394427372
75155,0.0017353023647852335
75160,0.011220984352189494
75161,0.002501022263092109
75163,0.003901267612355541
75164,0.008438711700634568
75166,0.06286330634152505
75172,0.001069986367787126
75175,0.0025800200484164208
75176,0.001017300069765297
75179,0.02277677652846395
75183,0.014317527176134154
75185,0.006393922374957507
75187,0.007212059383589986
75188,0.006048039325168025
75190,0.014110936731270458
75191,0.0002931788739099562
75192,0.012857764584966663
75194,0.03591793548202342
75206,0.005695068619979387
75208,0.002782223472825406
75209,0.0013740403771419576
75210,0.0006658412723980568
75212,0.006044217756070692
75213,0.0026658555857924943
75215,0.005854625877518694
75217,0.0026518659628138753
75220,0.013953748677280598
75221,0.0292041710079768
75222,0.0015247598447576424
75225,0.0008316462991472069
75229,0.008272279017692863
75230,0.0009701003258143863
75233,0.00334144065155973
75240,0.0006851918299038427
75246,0.0278132339669984
75248,0.025564788252363645
75249,0.008110293855976461
75252,0.0007504429686317522
75255,0.004136588587886007
75258,0.004204560684832803
75259,0.003651414840960979
75262,0.27629329877815223
75263,0.010341248093455059
75264,0.0021137439921998613
75266,0.41485229176289956
75268,0.9641741316631882
75269,0.720860208627605
75271,0.027308381832108555
75272,0.0038337407145691235
75273,0.6516231084586297
75275,0.018620372853119564
75288,0.0006831202315572321
75291,0.004465455622231259
75292,0.0033513192414974546
75293,0.004833545608436022
75294,0.005973555338427945
75296,0.02017640308071494
75305,0.006857328288826404
75306,0.01166560404205813
75307,0.013606756017592628
75312,0.029601437868546604
75314,0.0009307646347255786
75318,0.00029737812093099335
75319,0.0016150574597829084
75320,0.00083069261582019
75321,0.001577923294723832
75324,0.010259442757060271
75325,0.017601559164688394
75326,0.01657017820160135
75333,0.0033043493049524264
75335,0.10923166778195728
75338,0.0011194174600667323
75341,0.0023090232291312443
75342,0.006224205783249854
75344,0.0020602218017814235
75345,0.0051419635539402325
75346,0.020459259176416913
75348,0.004499557651128138
75349,0.0024021622957841734
75353,0.007623407594640738
75357,0.004423254034811832
75362,0.009320069817102393
75363,0.004245043129702025
75365,0.015736560688490376
75366,0.005208208187848541
75370,0.0008857048470773642
75382,0.0023986346693837305
75387,0.0006649829818826483
75388,0.6113995365788772
75389,0.0005060060997213377
75400,0.0010895195622296699
75402,0.01850945840885046
75407,0.00715639152657504
75408,0.004552623784133269
75414,0.011464758746923214
75416,0.002448246815793671
75422,0.0028064139025583265
75425,0.023294352282753228
75430,0.0015362151561018032
75440,0.05956303412841207
75442,0.0024172096511014597
75443,0.008836703341813471
75447,0.02156402999293134
75449,0.004893976124623577
75452,0.1256556624544077
75460,0.0011064405657238905
75462,0.0328317862775168
75463,0.011274663670644433
75465,0.00832443465708386
75469,0.05537131631723405
75485,0.0038679153193828825
75489,0.001586352108174908
75491,0.0022467435151461617
75493,0.002257358540269394
75495,0.0015396769911222529
75496,0.0008383430586107456
75498,0.012929774203859223
75502,0.009193629109923288
75503,0.0032800171429276455
75508,0.012930380614472407
75514,0.0030409786354856964
75516,0.0075155124855165265
75518,0.010281471122426953
75520,0.0061291817373550364
75526,0.006963510686266212
75529,0.009564029999273334
75532,0.0034838231520314495
75535,0.0016181373010990309
75538,0.010053031279564743
75544,0.0028520179808520464
75548,0.005782529627005418
75556,0.007483159997141604
75560,0.008229482050161687
75563,0.006529387077350084
75566,0.007257088020862292
75567,0.04166605986459596
75568,0.5245142455249318
75570,0.016566874055608895
75574,0.0027212155684662727
75579,0.0266032443952744
75599,0.011163608053660432
75603,0.006195650886397704
75607,0.5198133013963184
75608,0.011290933316273727
75609,0.7273736144005024
75610,0.7234664528910619
75611,0.010474807608821027
75613,0.0030958628945216646
75615,0.021831990060485962
75624,0.017082703079019535
75625,0.007940082287924796
75626,0.002392116133972281
75627,0.0005115465686639404
75629,0.03803186478740792
75630,0.0012898506593549963
75632,0.0021141885523809196
75633,0.0005915391378898021
75635,0.0031471935556039226
75636,0.0015052252958700715
75637,0.004887432232632153
75638,0.6877233539476736
75645,0.002542348391044419
75647,0.007537602944832291
75650,0.005410057251321501
75651,0.009147618252407128
75653,0.0065850455640602944
75657,0.004080626926027137
75664,0.005538696862734533
75669,0.007057144586316314
75671,0.001672659402210448
75672,0.002329656344213206
75677,0.0014950106752753005
75682,0.0014438786019943394
75686,0.2511811992180977
75692,0.004005671509612664
75698,0.012441372028455064
75708,0.0007447013277204448
75718,0.005442697573919777
75727,0.00759837515487024
75729,0.009882563486108432
75731,0.006264374566635015
75732,0.04539273284092697
75736,0.004343314788500706
75738,0.0036465570541510907
75741,0.00443169849670352
75747,0.01968588940220265
75750,0.9756488020922295
75763,0.0018929813115253849
75764,0.002149863511569757
75765,0.004471585235554491
75766,0.0018171534403277352
75767,0.0037807229919940896
75769,0.009533445098214757
75775,0.006337434080432493
75777,0.005563881183617876
75778,0.009335435344966676
75783,0.0037818203637734592
75786,0.00047971088833251004
75789,0.002903150188718543
75790,0.0018382487241566184
75791,0.0013269374146701535
75795,0.008045606513087061
75799,0.0013428685055275138
75802,0.003841175117983431
75803,0.01757161623496992
75814,0.014826460075409775
75816,0.03514776673233636
75819,0.002107365544171755
75823,0.02803989618698541
75825,0.003583049878669764
75826,0.0013069977547843865
75827,0.002070666370935944
75830,0.009354994711455886
75831,0.006043319663724293
75832,0.004259432285510013
75833,2.7343598314884503e-05
75835,0.002364955145910864
75836,0.008162577915639829
75837,0.05897642835573236
75841,0.00854727980022938
75843,0.021573751811321578
75844,0.01701043324346315
75847,0.0005546332699487338
75848,0.01797910255684446
75850,0.006668951144641348
75851,0.005924136977275555
75853,0.004186240266253076
75855,0.006103067919071559
75856,0.001458734110174252
75857,0.02051583678180391
75859,0.00014314171538021457
75860,0.0008883719967978009
75861,0.002169352801178078
75866,0.008317644118129956
75895,0.030585642559905847
75902,0.002529058110018753
75905,0.0010074832920694337
75906,0.0017547523308047458
75919,0.0030083798966364715
75928,0.020364854317780044
75931,0.02134936355698474
75934,0.004288029854079695
75942,0.001955575846011568
75945,0.0008861238432056243
75946,0.0034307320398610694
75948,0.0072706878114888
75966,0.0064834000581463665
75967,0.00211682066467806
75971,0.0007811686816598861
75978,0.009192157368361306
75988,0.0037974066678166728
75993,0.00044169411640179154
76004,0.028741836959957454
76008,0.003626323673182763
76017,0.000883703857546935
76019,0.00201007625210153
76038,0.0062973497080100515
76044,0.0005450945540171974
76047,0.008207517285655382
76054,0.003119266623484423
76056,0.0034850870496800084
76057,0.013959520772315109
76062,0.0031617915824830884
76065,0.00485600419220719
76079,0.002356045978090709
76087,0.0015431694228411595
76089,0.11537166114758088
76093,0.012303475312807578
76099,0.8666805482505685
76103,0.012715885736445368
76112,0.002912387401060253
76116,0.00014290973186742738
76120,0.015867907224042688
76123,0.00045293616201590723
76131,0.011623573164960066
76138,0.000469647751888297
76143,0.003140791600060846
76146,0.0025534464683028054
76147,0.0054257998281291445
76164,0.0038164016231311527
76167,0.0020154525187436414
76173,0.0033105829825044457
76177,0.006192574573440701
76180,0.0014299604878830665
76186,0.034767767165245066
76206,0.004708838578152266
76216,0.3278041621680285
76221,0.9013337238818138
76222,0.7730677592541494
76227,0.02622305055943775
76234,0.02054669092906255
76240,0.0016031554127466554
76253,0.008376399122301766
76265,0.00098014540152787
76266,0.0031488731645423363
76278,0.0005767115594329912
76280,0.0024773600835985747
76285,0.0004404783278705019
76290,0.0017807522425940844
76294,0.0029861700542104957
76295,0.0016389015854631475
76296,0.004176557338682709
76307,0.012116223100831673
76318,0.0005379705820575207
76323,0.031078167515244743
76324,0.00468544394448552
76325,0.0031976151945955797
76327,0.002524019694897932
76329,0.0015133020454533982
76330,0.003995248595475176
76331,0.0017313035585151126
76333,0.0036498358997743255
76335,0.010818774209313075
76342,0.0343071727374307
76345,0.012612170056330502
76347,0.07485581616912428
76357,0.0005992887860916339
76358,0.0005632885248265991
76359,0.002254686127859996
76362,0.003937825821081566
76364,0.011049453132034752
76377,0.00358464427245228
76381,0.011762446584975432
76383,0.0027791578721681233
76387,0.006384628825090147
76388,0.0015720482458152576
76391,0.7976535121914172
76395,0.009020444152101455
76398,0.4609800462263188
76413,0.003244968086143112
76416,0.002953858020015379
76418,0.002608204245590973
76419,0.005122940768649301
76424,0.0009661385652834201
76427,0.001328613007611288
76440,0.021528714342070394
76442,0.0024929649935138028
76443,0.011794839925778103
76456,0.011219526316110603
76458,0.03579784588154519
76459,0.0021922549693860903
76469,0.02157088587414284
76472,0.0034620039233915945
76476,0.0010218871875477165
76477,0.6767342794153142
76486,0.29836430723763396
76487,0.6388572142296379
76490,0.010307901344534692
76492,0.029267781528794664
76512,0.11701173438062379
76515,0.0012013820523432037
76516,0.003038310773087602
76524,0.01434746147241818
76526,0.0006475456704402317
76527,0.0068284054143578
76529,0.036002409168595303
76533,0.0026286176511364535
76541,0.0035883327768519023
76544,0.0016864325342222184
76547,0.002476327930106159
76557,0.0069931033036937495
76568,0.0010174566370477788
76578,0.011236863148319022
76582,0.04035851722837154
76585,0.0009755794640775902
76587,0.0031907442966290986
76590,0.004764700993347721
76591,0.0024080764552755845
76592,0.009131486568563572
76594,0.0014709392645681518
76608,0.005496099539589737
76610,0.0038870007614777587
76618,0.003456208747559784
76638,0.08670102186415489
76646,0.011790567037852322
76660,0.005469540873140665
76663,0.005273423965311614
76672,0.0035731509228445727
76682,0.002632506580885129
76690,0.04395749595761934
76696,0.038586019234725676
76700,0.008633528218330168
76707,0.003260617507008721
76710,0.0030887357229076643
76711,0.001428056331047798
76712,0.007453109281651306
76716,0.0034775763560758346
76718,0.009646198532540184
76725,0.03420198544909659
76728,0.017850847898443326
76734,0.0030248422757770026
76742,0.003168350142728624
76744,0.008951704208894897
76748,0.003655108683335951
76751,0.008665802376104434
76762,0.004340736453349917
76765,0.003141645935369514
76767,0.0037995903149554305
76768,0.007211133915558889
76769,0.0006851758987451135
76771,0.00303052313626785
76786,0.8291085703498522
76787,0.38289642361331333
76798,0.0004563433779153719
76799,0.027998647576792726
76800,0.015912876292308916
76801,0.0007871570395443641
76808,0.00738041041435044
76816,0.0010309449947378132
76817,0.0021344037083098353
76827,0.0016284538365849428
76829,0.011077677912693101
76830,0.002809797946906316
76831,0.014699751586295254
76841,0.008175269470116956
76843,0.0015190767602152621
76851,0.004113669034624375
76852,0.0018227561866350794
76854,0.0024378147700468912
76861,0.0037536440030046503
76862,0.00866373094732029
76869,0.0009271473634258712
76871,0.0004628116675307724
76881,0.0049426508596328664
76882,0.0288337281764863
76884,0.002287092316173554
76900,0.0011811743475617321
76902,0.009028707264722815
76906,0.00278182797207433
76913,0.018433171916462078
76916,0.006832986712794108
76917,0.003694090603962988
76918,0.013939476500312707
76930,0.0013820722758069788
76936,0.0017856643381638606
76938,0.0008850599127881869
76948,0.0069405083602095425
76957,0.0030623073377806583
76958,0.0032670187269758723
76959,0.0012295646765235865
76966,0.01340631949415274
76972,0.5600025049436179
76975,0.32367348401414314
76979,0.015472386018180014
76987,0.0019534759585539785
76989,0.002714991180886293
76994,0.004245823788762057
76996,0.0067459454519570505
76999,0.0016416334857149053
77007,0.010333223259550505
77010,0.00453331360122011
77013,0.03240776146791489
77022,0.001780950250613731
77024,0.008704076323379464
77027,0.003533900893625808
77030,0.0034052758273973487
77039,0.000681960819420118
77049,0.001990410506364986
77058,0.022424296270962103
77061,0.002279050422067967
77069,0.0026501825244511436
77072,0.005375600549745049
77076,0.0018868706989161408
77077,0.011452362724351352
77080,0.0021172242283627745
77081,0.28050484711664814
77084,0.7352596325149439
77109,0.032638791389017874
77124,0.001441846116354569
77136,0.018213803552963745
77137,0.011268799609004747
77138,0.004342565279756993
77139,0.005749672332828599
77148,0.0052136546936157255
77154,0.014356087029879635
77155,0.7333135325426847
77168,0.0004808809938419319
77178,0.004407935505232916
77183,0.1004166167201916
77185,0.0016393218289737122
77189,0.0021223977860196403
77190,0.005373987218816436
77207,0.0025517592385053385
77208,0.0015441528489094495
77222,0.00161388250267674
77223,0.030735277215892684
77246,0.005388136098930895
77247,0.007040707898345222
77250,0.015208818072181666
77265,0.0005196144752343083
77266,0.0010301190629410453
77268,0.004532259147412912
77274,0.0042120020264293625
77275,0.0019056613710254277
77282,0.5975434025671041
77294,0.022481765786859592
77304,0.041690756011172274
77308,0.001969319069214223
77309,0.009927083705983943
77311,0.0003978133590798493
77312,0.008760275235175667
77330,0.001543493843346444
77333,0.007553557786906654
77351,0.011623634083083544
77352,0.0009665727810090313
77364,0.00046571742390169704
77366,0.003506971910815526
77368,0.0052226154476333695
77374,0.0006858141613970194
77377,0.007289033966616375
77383,0.003643203196622668
77387,0.0037884061839216316
77390,0.007135183778584607
77395,0.16328394237680444
77400,0.0027394774163348365
77407,0.002600443577813178
77417,0.011832743373925371
77419,0.001930000427733415
77450,0.4100636093614291
77452,0.0002763711008333034
77456,0.0028732824133766454
77464,0.007614001727222697
77473,0.007301399566626771
77477,0.007296062891955172
77480,0.6799816349555561
77488,0.004881995303594026
77490,0.0035514725973455476
77491,0.04957470410778015
77496,0.004894980436586003
77498,0.0002752047334175645
77505,0.01739993655971743
77508,0.019021986359667526
77513,0.0022831363701504973
77526,0.0003817850367538528
77528,0.0009563937221523438
77546,0.007110031281161778
77550,0.0005941812982428046
77551,0.02241436073578901
77552,0.0009145478043044109
77554,0.006055324643347182
77556,0.0012779423624694345
77563,0.0018590073744836218
77568,0.0022600975441560505
77569,0.0034680509698649825
77572,0.022439985143113184
77579,0.003058358550498856
77583,0.001767936059117181
77585,0.0030487834664698478
77591,0.002434617003083436
77593,0.0052281727816968215
77595,0.003038590091021094
77597,0.012506204760843733
77601,0.01276158133606803
77608,0.0059851635168173675
77612,0.0028985821442771872
77620,0.004457169338192103
77621,0.003788828986080729
77628,0.0006995437519986181
77630,0.00771518665749764
77631,0.011450716969021859
77635,0.0036694921858312804
77637,0.003133292150096077
77638,0.008493460281145556
77641,0.0005606251450170058
77642,0.0025483767369718965
77643,0.01721348043571567
77646,0.005204078274228767
77651,0.0014632533856947785
77653,0.0006290232764808297
77655,0.001209426608989816
77661,0.001235262682462877
77662,0.013896654919270909
77663,0.003712912969076701
77666,0.008029999427322862
77668,0.0074249688566352745
77670,2.2238890851520627e-05
77673,0.001145647331518836
77674,0.00010346353022980765
77675,0.0011451840741647252
